nom,statut,chapeau,pores,lames,pied,chair,odeur,saveur,habitat,saison,a_un_chapeau,a_des_pores,a_des_lames,a_un_pied,a_de_la_chair,chapeau_couleur_blanc,chapeau_couleur_brun,chapeau_couleur_jaune,chapeau_couleur_rouge,chapeau_couleur_orange,chapeau_couleur_rose,chapeau_couleur_gris,chapeau_couleur_noir,chapeau_couleur_vert,chapeau_couleur_bleu,chapeau_couleur_violet,chapeau_couleur_ocre,chapeau_couleur_roux,chapeau_texture_lisse,chapeau_texture_meches,chapeau_texture_floconneux,chapeau_texture_visqueux,chapeau_texture_velours,chapeau_texture_ecailleux,chapeau_texture_craquele,chapeau_texture_strie,pores_couleur_blanc,pores_couleur_brun,pores_couleur_jaune,pores_couleur_rouge,pores_couleur_orange,pores_couleur_rose,pores_couleur_gris,pores_couleur_noir,pores_couleur_vert,pores_couleur_bleu,pores_couleur_violet,pores_couleur_ocre,pores_couleur_roux,pores_attache_libres,pores_attache_adnees,pores_attache_decurrentes,pores_attache_echancrees,pores_attache_serrees,pores_attache_espacees,lames_couleur_blanc,lames_couleur_brun,lames_couleur_jaune,lames_couleur_rouge,lames_couleur_orange,lames_couleur_rose,lames_couleur_gris,lames_couleur_noir,lames_couleur_vert,lames_couleur_bleu,lames_couleur_violet,lames_couleur_ocre,lames_couleur_roux,lames_attache_libres,lames_attache_adnees,lames_attache_decurrentes,lames_attache_echancrees,lames_attache_serrees,lames_attache_espacees,pied_couleur_blanc,pied_couleur_brun,pied_couleur_jaune,pied_couleur_rouge,pied_couleur_orange,pied_couleur_rose,pied_couleur_gris,pied_couleur_noir,pied_couleur_vert,pied_couleur_bleu,pied_couleur_violet,pied_couleur_ocre,pied_couleur_roux,pied_texture_lisse,pied_texture_meches,pied_texture_floconneux,pied_texture_visqueux,pied_texture_velours,pied_texture_ecailleux,pied_texture_craquele,pied_texture_strie,pied_morpho_anneau,pied_morpho_volve,pied_morpho_bulbe,pied_morpho_massue,pied_morpho_creux,pied_morpho_elance,pied_morpho_cylindrique,pied_morpho_reseau,chair_couleur_blanc,chair_couleur_brun,chair_couleur_jaune,chair_couleur_rouge,chair_couleur_orange,chair_couleur_rose,chair_couleur_gris,chair_couleur_noir,chair_couleur_vert,chair_couleur_bleu,chair_couleur_violet,chair_couleur_ocre,chair_couleur_roux,chair_consistance_ferme,chair_consistance_tendre,chair_consistance_molle,chair_consistance_cassante,chair_consistance_elastique,chair_consistance_epaisse,chair_consistance_fibreuse,chair_consistance_spongieuse,odeur_type_anise,odeur_type_phenol,odeur_type_iode,odeur_type_radis,odeur_type_farine,odeur_type_amande,odeur_type_terre,odeur_type_fruitee,odeur_type_desagreable,saveur_type_douce,saveur_type_amere,saveur_type_acide,saveur_type_piquante,saveur_type_poivree,saveur_type_iodee,saveur_type_desagreable,saveur_type_sans_saveur,chapeau_taille_min_cm,chapeau_taille_max_cm,pied_taille_min_cm,pied_taille_max_cm,saison_mois_01,saison_mois_02,saison_mois_03,saison_mois_04,saison_mois_05,saison_mois_06,saison_mois_07,saison_mois_08,saison_mois_09,saison_mois_10,saison_mois_11,saison_mois_12,habitat_type_feuillus,habitat_type_coniferes,habitat_type_foret,habitat_type_prairies,habitat_type_clairieres,habitat_type_lisieres,habitat_type_jardins,habitat_type_bois,habitat_type_chenes,habitat_type_hetres,habitat_type_pins,habitat_type_bouleaux,habitat_type_chataigniers,habitat_type_charmes,habitat_type_melezes,habitat_type_bois_morts
AGARIC AUGUSTE,Champignon à rejeter,"5 à 25 cm, couvert de mèches brun-roux sur fond crème, jaunissant au toucher",,"Libres, crème puis gris-rose et enfin brunes.","Blanc, élancé (6 à 20 cm), légèrement en massue, avec un large anneau blanc ample et floconneux.","Blanche, jaunissant lentement à la coupe, rosée dans le pied.","Agréable, d’amande amère",Douce,"Bois clairs de feuillus ou de conifères, lisières de bois",Juillet > Octobre,1,0,1,1,1,1,1,1,0,0,0,0,0,0,0,0,0,1,0,1,0,0,0,0,0,0,0,0,0,0,0,0,0,0,0,0,0,0,0,0,0,0,0,0,0,1,0,0,0,0,1,1,0,0,0,0,0,0,1,0,0,0,0,0,1,0,0,0,0,0,0,0,0,0,0,0,0,0,0,1,0,0,0,0,0,1,0,0,1,0,1,0,0,1,0,1,0,0,1,0,0,0,0,0,0,0,0,0,0,0,0,0,0,0,0,0,0,0,0,1,0,0,0,1,0,0,0,0,0,0,0,5.0,25.0,6.0,20.0,0,0,0,0,0,0,1,1,1,1,0,0,1,1,0,0,0,1,0,1,0,0,0,0,0,0,0,0
AGARIC DES JACHÈRES,Les excellents champignons,"5 à 15 cm, lisse, blanc puis jaunissant en vieillissant .",,"Libres, serrées, gris-rose très pâle puis brun chocolat.","5 à 15 cm, élancé, avec un large anneau blanc en forme de jupe, floconneux sur la face intérieure.","Blanche, ferme",Anisée,Douce,"Surtout sous feuillus, clairières, lisières, prairies",Juin > Novembre,1,0,1,1,1,1,0,1,0,0,0,0,0,0,0,0,0,0,1,0,0,0,0,0,0,0,0,0,0,0,0,0,0,0,0,0,0,0,0,0,0,0,0,0,0,0,1,0,0,0,1,1,0,0,0,0,0,0,1,0,0,0,1,0,1,0,0,0,0,0,0,0,0,0,0,0,0,0,0,1,0,0,0,0,0,1,0,0,0,0,1,0,0,1,0,0,0,0,0,0,0,0,0,0,0,0,1,0,0,0,0,0,0,0,1,0,0,0,0,0,0,0,0,1,0,0,0,0,0,0,0,5.0,15.0,5.0,15.0,0,0,0,0,0,1,1,1,1,1,1,0,1,0,0,1,1,1,0,0,0,0,0,0,0,0,0,0
AGARIC JAUNISSANT,Les champignons toxiques,"2 à 15 cm, blanc à grisâtre pâle, lisse, souvent irrégulier et au sommet aplati. Jaunit fortement au toucher.",,"Libres, serrées, gris-rose pâle puis brunes","3 à 15 cm, avec un bulbe net et un anneau floconneux bien formé, jaunit fortement au toucher","Blanche, jaunissant fortement à la base du pied","Désagréable, d’encre ou de phénol","Désagréable, iodée","Prairies, jardins ou bois clairs",Mai > Novembre,1,0,1,1,1,1,0,0,0,0,0,1,0,0,0,0,0,0,1,0,0,0,0,0,0,0,0,0,0,0,0,0,0,0,0,0,0,0,0,0,0,0,0,0,0,0,0,0,0,0,1,1,0,0,0,0,0,0,1,0,0,0,1,0,0,0,0,0,0,0,0,0,0,0,0,0,0,0,0,1,0,0,0,0,0,1,0,1,0,0,0,0,0,1,0,1,0,0,0,0,0,0,0,0,0,0,0,0,0,0,0,0,0,0,0,1,0,0,0,0,0,0,1,0,0,0,0,0,1,1,0,2.0,15.0,3.0,15.0,0,0,0,0,1,1,1,1,1,1,1,0,0,0,0,1,0,0,1,1,0,0,0,0,0,0,0,0
AGARIC SYLVICOLE,Les bons champignons,"3 à 12 cm, blanc à crème, centre plus ou moins ocre, lisse. Jaunit au toucher ou avec l’âge.",,"Libres, blanc rosâtre puis roses et enfin brunes à maturité.","Blanc, en massue ou bulbeux, 2 à 15 cm, avec un anneau ample et floconneux en dessous","Blanche, ferme","Forte, d’anis",Douce,"Bois clairs, surtout de feuillus",Août > Octobre,1,0,1,1,1,1,0,0,0,0,0,0,0,0,0,0,1,0,1,0,0,0,0,0,0,0,0,0,0,0,0,0,0,0,0,0,0,0,0,0,0,0,0,0,0,1,0,0,0,0,1,0,0,0,0,0,0,0,1,0,0,0,0,0,1,0,0,0,0,0,0,0,0,0,0,0,0,0,0,1,0,0,0,0,0,1,0,1,1,0,0,0,0,1,0,0,0,0,0,0,0,0,0,0,0,0,1,0,0,0,0,0,0,0,1,0,0,0,0,0,0,0,0,1,0,0,0,0,0,0,0,3.0,12.0,2.0,15.0,0,0,0,0,0,0,0,1,1,1,0,0,1,0,0,0,0,0,0,1,0,0,0,0,0,0,0,0
AMANITE CITRINE,Champignon à rejeter,"4 à 10 cm, jaune citron pâle, avec des plaques blanchâtres à brunâtres",,"Libres, blanches à jaune citron pâle","3 à 15 cm, jaunâtre, avec un anneau mince et ample; base très élargie en bulbe marginé, avec des restes de volve",Blanche à jaune citron pâle,"Forte, de pomme de terre crue ou de radis",Douce,Forêts de feuillus et de conifères,Juillet > Octobre,1,0,1,1,1,0,0,1,0,0,0,0,0,0,0,0,0,0,0,0,0,0,0,0,0,0,0,0,0,0,0,0,0,0,0,0,0,0,0,0,0,0,0,0,0,0,0,1,0,0,0,0,0,0,0,0,0,0,1,0,0,0,0,0,0,0,1,0,0,0,0,0,0,0,0,0,0,0,0,0,0,0,0,0,0,1,1,1,0,0,0,0,0,1,0,1,0,0,0,0,0,0,0,0,0,0,0,0,0,0,0,0,0,0,0,0,0,1,0,0,1,1,0,1,0,0,0,0,0,0,0,4.0,10.0,3.0,15.0,0,0,0,0,0,0,1,1,1,1,0,0,1,1,1,0,0,0,0,0,0,0,0,0,0,0,0,0
AMANITE ÉPAISSE,Les champignons mediocres,"3 à 15 cm, brun terne à brun-gris, avec de grosses plaques grisâtres",,"Libres, blanches à grisâtres","7 à 15 cm, blanc et chiné de grisâtre, avec un anneau en jupe; bulbe en oignon sans volve",Blanche,"Faible, de radis",Douce,Forêts de feuillus et de conifères,Juillet > Novembre,1,0,1,1,1,0,1,0,0,0,0,1,0,0,0,0,0,0,0,0,0,0,0,0,0,0,0,0,0,0,0,0,0,0,0,0,0,0,0,0,0,0,0,0,0,0,0,0,0,0,0,0,0,0,0,0,0,0,1,0,0,0,0,0,1,0,0,0,0,0,1,0,0,0,0,0,0,0,0,0,0,0,0,0,0,1,1,1,0,0,0,0,0,1,0,0,0,0,0,0,0,0,0,0,0,0,0,0,0,0,0,0,0,0,0,0,0,1,0,0,0,0,0,1,0,0,0,0,0,0,0,3.0,15.0,7.0,15.0,0,0,0,0,0,0,1,1,1,1,1,0,1,1,1,0,0,0,0,0,0,0,0,0,0,0,0,0
AMANITE FAUVE,Les champignons mediocres,"3 à 8 cm, lisse, souvent avec un mamelon, fauve ou brun-roux, à bord strié.",,"Libres, blanches à crème","Élancé (5 à 12 cm), crème ou un peu roux, sans anneau, creux; volve en sac blanche puis teintée de roux.",Blanche à crème,Sans particularités,Douce,"Forêts de feuillus, surtout sous les bouleaux",Juin > Novembre,1,0,1,1,1,0,1,0,0,1,0,0,0,0,0,0,0,1,1,0,0,0,0,0,0,1,0,0,0,0,0,0,0,0,0,0,0,0,0,0,0,0,0,0,0,1,0,0,0,0,0,0,0,0,0,0,0,0,1,0,0,0,0,0,1,0,0,0,0,0,0,0,0,0,0,0,1,0,0,0,0,0,0,0,0,1,1,0,0,1,1,0,0,1,0,0,0,0,0,0,0,0,0,0,0,0,0,0,0,0,0,0,0,0,0,0,0,0,0,0,0,0,0,1,0,0,0,0,0,0,0,3.0,8.0,5.0,12.0,0,0,0,0,0,1,1,1,1,1,1,0,1,0,1,0,0,0,0,0,0,0,0,1,0,0,0,0
AMANITE JONQUILLE,Les champignons toxiques,"3 à 10 cm, ocre jaune à jaune orangé, souvent parsemé de flocons blancs, un peu gras",,"Libres, blanches","4 à 11 cm, blanc, floconneux, avec un anneau fragile. Bulbe à la base recouvert d’une volve mal formée.",Blanche,Faible,Douce,Forêts de feuillus et de conifères,Juin > Décembre,1,0,1,1,1,0,0,1,0,1,0,0,0,0,0,0,1,0,0,0,1,0,0,0,0,0,0,0,0,0,0,0,0,0,0,0,0,0,0,0,0,0,0,0,0,0,0,0,0,0,0,0,0,0,0,0,0,0,1,0,0,0,0,0,1,0,0,0,0,0,0,0,0,0,0,0,0,0,0,1,0,0,0,0,0,1,1,1,0,0,0,0,0,1,0,0,0,0,0,0,0,0,0,0,0,0,0,0,0,0,0,0,0,0,0,0,0,0,0,0,0,0,0,1,0,0,0,0,0,0,0,3.0,10.0,4.0,11.0,0,0,0,0,0,1,1,1,1,1,1,1,1,1,1,0,0,0,0,0,0,0,0,0,0,0,0,0
AMANITE OVOÏDE,Les champignons mediocres,"6 à 30 cm, d’abord en forme d’œuf, très charnu, lisse, blanc à crème, à bord longtemps ourlé de lambeaux de voile blanc",,"Libres, blanches, floconneuses","8 à 25 cm, blanc, floconneux, avec un anneau crémeux fragile. Volve ample en sac blanche puis ocre avec l’âge.",Blanche,"Iodée, de marée",Douce,Surtout sous les chênes,Juillet > Octobre,1,0,1,1,1,1,0,0,0,0,0,0,0,0,0,0,0,0,1,0,0,0,0,0,0,0,0,0,0,0,0,0,0,0,0,0,0,0,0,0,0,0,0,0,0,0,0,0,0,0,0,0,0,0,0,0,0,0,1,0,0,0,0,0,1,0,0,0,0,0,0,0,0,0,0,1,0,0,0,1,0,0,0,0,0,1,1,0,0,0,0,0,0,1,0,0,0,0,0,0,0,0,0,0,0,0,0,0,0,0,0,0,0,0,0,0,1,0,0,0,0,0,0,1,0,0,0,0,0,0,0,6.0,30.0,8.0,25.0,0,0,0,0,0,0,1,1,1,1,0,0,0,0,0,0,0,0,0,0,1,0,0,0,0,0,0,0
AMANITE PANTHÈRE,Les champignons toxiques,"4 à 12 cm, d’un beau brun à beige-brun, parsemé de flocons blancs, à bord strié à maturité.",,"Libres, blanches","5 à 14 cm, blanc, avec un anneau membraneux. Bulbe surmonté d’un bourrelet net (comme un col roulé).",Blanche,Faible,Douce,Forêts de feuillus et de conifères,Juillet > Novembre,1,0,1,1,1,0,1,0,0,0,0,0,0,0,0,0,1,0,0,0,1,0,0,0,0,1,0,0,0,0,0,0,0,0,0,0,0,0,0,0,0,0,0,0,0,0,0,0,0,0,0,0,0,0,0,0,0,0,1,0,0,0,0,0,1,0,0,0,0,0,0,0,0,0,0,0,0,0,0,0,0,0,0,0,0,1,0,1,0,0,0,0,0,1,0,0,0,0,0,0,0,0,0,0,0,0,0,0,0,0,0,0,0,0,0,0,0,0,0,0,0,0,0,1,0,0,0,0,0,0,0,4.0,12.0,5.0,14.0,0,0,0,0,0,0,1,1,1,1,1,0,1,1,1,0,0,0,0,0,0,0,0,0,0,0,0,0
AMANITE PHALLOÏDE,Les champignons mortel,"3 à 15 cm, de couleur très variable, vert olive, jaune verdâtre, brun-vert, parfois blanc, marqué de fines rayures radiales grisâtres.",,"Libres, blanches","6 à 20 cm, élancé, blanc ou chiné de verdâtre. Anneau blanc en jupe. Large volve blanche en sac.",Blanche,"Faible, de rose",Douce,"Forêts de feuillus et conifères, surtout les chênes, les châtaigniers et les charmes",Juillet > Novembre,1,0,1,1,1,1,1,1,0,0,0,0,0,1,0,0,0,0,0,0,0,0,0,0,0,1,0,0,0,0,0,0,0,0,0,0,0,0,0,0,0,0,0,0,0,0,0,0,0,0,0,0,0,0,0,0,0,0,1,0,0,0,0,0,1,0,0,0,0,0,0,0,1,0,0,0,0,0,0,0,0,0,0,0,0,1,1,0,0,0,1,0,0,1,0,0,0,0,0,0,0,0,0,0,0,0,0,0,0,0,0,0,0,0,0,0,0,0,0,0,0,0,0,1,0,0,0,0,0,0,0,3.0,15.0,6.0,20.0,0,0,0,0,0,0,1,1,1,1,1,0,1,1,1,0,0,0,0,0,1,0,0,0,1,1,0,0
AMANITE PRINTANIÈRE,Les champignons mortel,"3 à 15 cm, de couleur très variable, vert olive, jaune verdâtre, brun-vert, parfois blanc, marqué de fines rayures radiales grisâtres.",,"Libres, blanches","6 à 20 cm, élancé, blanc ou chiné de verdâtre. Anneau blanc en jupe. Large volve blanche en sac.",Blanche,"Faible, de rose",Douce,Forêts de feuillus,Mai > Septembre,1,0,1,1,1,1,1,1,0,0,0,0,0,1,0,0,0,0,0,0,0,0,0,0,0,1,0,0,0,0,0,0,0,0,0,0,0,0,0,0,0,0,0,0,0,0,0,0,0,0,0,0,0,0,0,0,0,0,1,0,0,0,0,0,1,0,0,0,0,0,0,0,1,0,0,0,0,0,0,0,0,0,0,0,0,1,1,0,0,0,1,0,0,1,0,0,0,0,0,0,0,0,0,0,0,0,0,0,0,0,0,0,0,0,0,0,0,0,0,0,0,0,0,1,0,0,0,0,0,0,0,3.0,15.0,6.0,20.0,0,0,0,0,1,1,1,1,1,0,0,0,1,0,1,0,0,0,0,0,0,0,0,0,0,0,0,0
AMANITE ROUGISSANTE,Les bons champignons,"4 à 14 cm, crème rosâtre à brun terne ou ocre brun, taché de brun rougeâtre aux blessures, couvert de plaques grisâtres",,"Libres, blanches puis tachées de brun rougeâtre","5 à 15 cm, blanchâtre puis taché de brun rouge surtout à la base. Anneau ample blanc. Bulbe en oignon, sans volve","Tendre, blanche, se tachant de rosâtre.",Faible,Douce,Forêts de feuillus et de conifères,Juin > Novembre,1,0,1,1,1,1,1,0,1,0,1,0,0,0,0,0,1,0,0,0,0,0,0,0,0,0,0,0,0,0,0,0,0,0,0,0,0,0,0,0,0,0,0,0,0,0,1,0,1,0,0,0,0,0,0,0,0,0,1,0,0,0,0,0,1,1,0,1,0,0,0,0,0,0,0,0,0,0,0,0,0,0,0,0,0,1,1,1,0,0,0,0,0,1,0,0,0,0,1,0,0,0,0,0,0,0,0,1,0,0,0,0,0,0,0,0,0,0,0,0,0,0,0,1,0,0,0,0,0,0,0,4.0,14.0,5.0,15.0,0,0,0,0,0,1,1,1,1,1,1,0,1,1,1,0,0,0,0,0,0,0,0,0,0,0,0,0
AMANITE TUE-MOUCHES,Les champignons toxiques,"4 à 20 cm, rouge vif à orangé, parsemé de flocons blancs qui peuvent disparaître après une pluie.",,"Libres, blanches","3 à 20 cm, blanc. Anneau bien formé parfois crénelé. Bulbe avec bourrelets ou écailles au sommet.",Blanche,Faible,Douce,Forêts de feuillus et de conifères,Septembre > Novembre,1,0,1,1,1,0,0,0,1,1,0,0,0,0,0,0,0,0,0,0,1,0,0,0,0,0,0,0,0,0,0,0,0,0,0,0,0,0,0,0,0,0,0,0,0,0,0,0,0,0,0,0,0,0,0,0,0,0,1,0,0,0,0,0,1,0,0,0,0,0,0,0,0,0,0,0,0,0,0,0,0,0,1,0,0,1,0,1,0,0,0,0,0,1,0,0,0,0,0,0,0,0,0,0,0,0,0,0,0,0,0,0,0,0,0,0,0,0,0,0,0,0,0,1,0,0,0,0,0,0,0,4.0,20.0,3.0,20.0,0,0,0,0,0,0,0,0,1,1,1,0,1,1,1,0,0,0,0,0,0,0,0,0,0,0,0,0
AMANITE VAGINÉE,Les champignons mediocres,"3 à 10 cm, gris, gris-brun à blanc grisâtre, souvent mamelonné, bord nettement strié",,"Libres, blanches","8 à 12 cm, élancé, creux, blanc ou chiné de gris. Volve bien formée blanche ou grise","Blanche, tendre",faible,Douce,Forêts de feuillus et de conifères,Juin > Septembre,1,0,1,1,1,1,1,0,0,0,0,1,0,0,0,0,0,0,0,0,0,0,0,0,0,1,0,0,0,0,0,0,0,0,0,0,0,0,0,0,0,0,0,0,0,0,0,0,0,0,0,0,0,0,0,0,0,0,1,0,0,0,0,0,1,0,0,0,0,0,1,0,0,0,0,0,0,0,0,0,0,0,0,0,0,0,1,0,0,1,1,0,0,1,0,0,0,0,0,0,0,0,0,0,0,0,0,1,0,0,0,0,0,0,0,0,0,0,0,0,0,0,0,1,0,0,0,0,0,0,0,3.0,10.0,8.0,12.0,0,0,0,0,0,1,1,1,1,0,0,0,1,1,1,0,0,0,0,0,0,0,0,0,0,0,0,0
AMANITE VIREUSE,Les champignons mortel,"De forme irrégulière, 3 à 12 cm, lisse, blanc à ivoire, ochracé au centre avec l’âge.",,"Libres, blanches","Élancé (5 à 15 cm), blanc, pelucheux. Anneau blanc fragile. Volve en sac bien formée, souvent avec des teintes rosées.",Blanche,"Faible, de rose fanée",Douce,Forêts de feuillus et de conifères,Juin > Octobre,1,0,1,1,1,1,0,0,0,0,0,0,0,0,0,0,0,0,1,0,0,0,0,0,0,0,0,0,0,0,0,0,0,0,0,0,0,0,0,0,0,0,0,0,0,0,0,0,0,0,0,0,0,0,0,0,0,0,1,0,0,0,0,0,1,0,0,0,0,0,0,0,0,0,0,0,0,0,0,1,0,0,0,0,0,1,1,0,0,0,1,0,0,1,0,0,0,0,0,0,0,0,0,0,0,0,0,0,0,0,0,0,0,0,0,0,0,0,0,0,0,0,0,1,0,0,0,0,0,0,0,3.0,12.0,5.0,15.0,0,0,0,0,0,1,1,1,1,1,0,0,1,1,1,0,0,0,0,0,0,0,0,0,0,0,0,0
ARMILLAIRE COULEUR DE MIEL,Champignon à rejeter,"3 à 15 cm, jaune à ocre, voire miel, plus foncé au centre, parsemé de fines mèches brunes",,"Un peu décurrentes, crème à jaunâtres, se tachant de brun.","5 à 20 cm, beige jaunâtre à ocre brun, avec un anneau ample blanc ou jaune.",Blanche,"Faible, peu agréable",Douce,"Sur le bois de feuillus morts ou vivants, en touffes",Septembre> Novembre,1,0,1,1,1,0,0,1,0,0,0,0,0,0,0,0,1,0,0,1,0,0,0,0,0,0,0,0,0,0,0,0,0,0,0,0,0,0,0,0,0,0,0,0,0,1,1,0,0,0,0,0,0,0,0,0,0,0,0,0,1,0,0,0,1,1,1,0,0,0,0,0,0,0,0,1,0,0,0,0,0,0,0,0,0,1,0,0,0,0,0,0,0,1,0,0,0,0,0,0,0,0,0,0,0,0,0,0,0,0,0,0,0,0,0,0,0,0,0,0,0,0,0,1,0,0,0,0,0,0,0,3.0,15.0,5.0,20.0,0,0,0,0,0,0,0,0,1,1,1,0,1,0,0,0,0,0,0,1,0,0,0,0,0,0,0,1
BOLET À BEAU PIED,Champignon à rejeter,"5 à 20 cm, sec, très pâle, blanchâtre à crème grisâtre puis café au lait","Jaune vif puis jaune olive, bleuissants au toucher.",,"4 à 15 cm, épais, rouge vif vers la base, jaune au sommet, avec un réseau plus clair en relief","Blanche dans le chapeau, jaune dans le pied, rougeâtre vers la base, un peu bleuissante","Faible, acidulée, de vinaigre",Amère,Forêts de feuillus et de conifères,Septembre > Novembre,1,1,0,1,1,1,0,0,0,0,0,1,0,0,0,0,0,0,0,0,0,0,0,0,0,0,0,0,1,0,0,0,0,0,1,0,0,0,0,0,0,0,0,0,0,0,0,0,0,0,0,0,0,0,0,0,0,0,0,0,0,0,0,0,0,0,1,1,0,0,0,0,0,0,0,0,0,0,0,0,0,0,0,0,0,0,0,0,0,0,0,0,1,1,0,1,1,0,0,0,0,0,0,0,0,0,0,0,0,0,0,0,0,0,0,0,0,0,0,0,0,0,0,0,1,0,0,0,0,0,0,5.0,20.0,4.0,15.0,0,0,0,0,0,0,0,0,1,1,1,0,1,1,1,0,0,0,0,0,0,0,0,0,0,0,0,0
BOLET À CHAIR JAUNE,Champignon à rejeter,"3 à 12 cm, mat, lisse puis finement craquelé, de couleur variable, beige à brun terne, brun rougeâtre à brun olivâtre","Polygonaux, jaunes à vert olive, bleuissant au toucher",,"3 à 7 cm, assez mince, rougeâtre à vineux, jaune au sommet","Jaunâtre, rougeâtre sous la peau du chapeau, faiblement bleuissante",Faible,Douce,Forêts de feuillus et de conifères,Juin > Novembre,1,1,0,1,1,0,1,0,1,0,0,0,0,1,0,0,1,0,1,0,0,0,0,0,1,0,0,0,0,0,0,0,0,0,1,1,0,0,0,0,0,0,0,0,0,0,0,0,0,0,0,0,0,0,0,0,0,0,0,0,0,0,0,0,0,0,1,1,0,0,0,0,0,0,0,0,0,0,0,0,0,0,0,0,0,0,0,0,0,0,0,0,0,0,0,1,1,0,0,0,0,0,0,0,0,0,0,0,0,0,0,0,0,0,0,0,0,0,0,0,0,0,0,1,0,0,0,0,0,0,0,3.0,12.0,3.0,7.0,0,0,0,0,0,1,1,1,1,1,1,0,1,1,1,0,0,0,0,0,0,0,0,0,0,0,0,0
BOLET À PIED CREUX,Les champignons mediocres,"2 à 15 cm, feutré à pelucheux, brun canelle à brun-roux, mamelonné.","Décurrents, jaunes puis olivâtres, assez larges et anguleux.",,"3 à 9 cm, creux, fragile, même couleur que le chapeau, avec un anneau blanc.",Crème,Faible,Douce,"Uniquement sous mélèzes, en montagne",Juillet > Novembre,1,1,0,1,1,0,1,0,0,0,0,0,0,0,0,0,0,1,0,0,1,0,1,0,0,0,0,0,0,0,0,0,0,0,0,0,0,0,0,0,0,1,0,0,0,0,0,0,0,0,0,0,0,0,0,0,0,0,0,0,0,0,0,0,1,0,0,0,0,0,0,0,0,0,0,0,0,0,0,0,0,0,0,0,0,1,0,0,0,1,0,0,0,1,0,0,0,0,0,0,0,0,0,0,0,0,0,0,0,0,0,0,0,0,0,0,0,0,0,0,0,0,0,1,0,0,0,0,0,0,0,2.0,15.0,3.0,9.0,0,0,0,0,0,0,1,1,1,1,1,0,0,0,0,0,0,0,0,0,0,0,0,0,0,0,1,0
BOLET À PIED ROUGE,Les bons champignons,"5 à 20 cm, sec, feutré, sombre et uniforme, brun chocolat à brun rougeâtre","Fins, orangés à rouge vif, très fortement bleuissants.",,"5 à 15 cm, épais, jaune à orangé, moucheté de petits points rouge vif très denses","Jaune vif, très vivement bleuissante",Faible,Douce,Forêts de feuillus et de conifères,Juin > Novembre,1,1,0,1,1,0,1,0,1,0,0,0,0,0,0,0,0,0,0,0,0,0,1,0,0,0,0,0,0,1,0,0,0,0,0,0,0,0,0,0,0,0,0,0,0,0,0,0,0,0,0,0,0,0,0,0,0,0,0,0,0,0,0,0,0,0,1,1,1,0,0,0,0,0,0,0,0,0,0,0,0,0,0,0,0,0,0,0,0,0,0,0,0,0,0,1,0,0,0,0,0,0,0,0,0,0,0,0,0,0,0,0,0,0,0,0,0,0,0,0,0,0,0,1,0,0,0,0,0,0,0,5.0,20.0,5.0,15.0,0,0,0,0,0,1,1,1,1,1,1,0,1,1,1,0,0,0,0,0,0,0,0,0,0,0,0,0
BOLET AMER,Champignon à rejeter,"5 à 15 cm, mat, sec, café au lait, chamois ou ocre beige pâle, souvent craquelé par temps sec.","Larges, blancs puis roses",,"7 à 15 cm, souvent en massue, crème à beige, avec un réseau en relief sombre bien net",Blanchâtre,"Agréable, de cèpe",Très amère,Forêts de conifères,Juillet > Novembre,1,1,0,1,1,0,0,0,0,0,0,0,0,0,0,0,1,0,0,0,0,0,0,0,1,0,0,0,0,0,0,0,0,0,0,0,0,0,0,0,0,0,0,0,0,0,0,0,0,0,0,0,0,0,0,0,0,0,0,0,0,0,0,0,1,0,0,0,0,0,0,0,0,0,0,1,0,0,0,0,0,0,0,0,0,0,0,0,1,0,0,0,1,1,0,0,0,0,0,0,0,0,0,0,0,0,0,0,0,0,0,0,0,0,0,0,0,0,0,0,0,0,0,0,1,0,0,0,0,0,0,5.0,15.0,7.0,15.0,0,0,0,0,0,0,1,1,1,1,1,0,0,1,1,0,0,0,0,0,0,0,0,0,0,0,0,0
BOLET APPENDICULÉ,Les bons champignons,"3 5 à 18 cm, sec, parfois velouté, brun clair à brun rougeâtre.","Fins, jaunes, faiblement bleuissants au toucher.",,"5 à 15 cm, ventru, pointu à la base, jaune clair et brun rougeâtre en bas, avec un fin réseau jaune.","Épaisse, jaunâtre, faiblement bleuissante","Faible, agréable, de viande hachée ou d’huile de noix",Douce,"Forêts de feuillus, surtout sous chênes et hêtres",Juillet > Octobre,1,1,0,1,1,0,1,0,1,0,0,0,0,0,0,0,0,0,0,0,0,0,1,0,0,0,0,0,0,0,0,0,0,0,0,0,0,0,0,0,0,0,0,0,0,0,0,0,0,0,0,0,0,0,0,0,0,0,0,0,0,0,0,0,0,1,1,1,0,0,0,0,0,0,0,0,0,0,0,0,0,0,0,0,0,0,0,0,0,0,0,0,1,0,0,1,0,0,0,0,0,0,0,0,0,0,0,0,0,0,0,1,0,0,0,0,0,0,0,0,0,0,0,1,0,0,0,0,0,0,0,5.0,18.0,5.0,15.0,0,0,0,0,0,0,1,1,1,1,0,0,1,0,1,0,0,0,0,0,1,1,0,0,0,0,0,0
BOLET BAI,Les bons champignons,"5 à 15 cm, velouté par temps sec, visqueux par temps humide, brun-châtain uniforme à brun foncé, parfois très sombre","Fins, blanchâtres puis jaune olivâtre, très nettement bleuissants.",,"5 à 12 cm, lisse, cylindrique, brun ochracé à roussâtre","Ferme, blanchâtre à jaunâtre, bleuissante","Faible, de cèpe",Douce,"Forêts de conifères, surtout sous les pins",Juin > Novembre,1,1,0,1,1,0,1,0,0,0,0,0,0,0,0,0,0,0,0,0,0,1,1,0,0,0,0,0,1,0,0,0,0,0,1,0,0,0,0,0,0,0,0,0,0,0,0,0,0,0,0,0,0,0,0,0,0,0,0,0,0,0,0,0,0,1,0,0,0,0,0,0,0,0,0,0,1,1,0,0,0,0,0,0,0,0,0,0,0,0,0,1,0,1,0,1,0,0,0,0,0,0,0,0,0,0,1,0,0,0,0,0,0,0,0,0,0,0,0,0,0,0,0,1,0,0,0,0,0,0,0,5.0,15.0,5.0,12.0,0,0,0,0,0,1,1,1,1,1,1,0,0,1,1,0,0,0,0,0,0,0,1,0,0,0,0,0
BOLET BLAFARD,Les champignons toxiques,"5 à 20 cm, sec, velouté, de couleur variable, ochracé à brun rosâtre, teinté de verdâtre, typiquement terne et blafard","Fins, jaunes puis vite rouge orangé, bleuissants au toucher.",,"5 à 15 cm, robuste, jaune à jaune orangé, avec un net réseau rouge","Jaunâtre, avec une ligne rouge juste au-dessus des tubes à la coupe, bleuissante",Faible mais agréable,Douce,Forêt de feuillus,Juillet > Septembre,1,1,0,1,1,0,1,0,0,0,1,0,0,1,0,0,0,0,0,0,0,0,1,0,0,0,0,0,0,1,1,0,0,0,0,0,0,0,0,0,0,0,0,0,0,0,0,0,0,0,0,0,0,0,0,0,0,0,0,0,0,0,0,0,0,0,1,1,1,0,0,0,0,0,0,0,0,0,0,0,0,0,0,0,0,0,0,0,0,0,0,0,1,0,0,1,1,0,0,0,0,0,0,0,0,0,0,0,0,0,0,0,0,0,0,0,0,0,0,0,0,0,0,1,0,0,0,0,0,0,0,5.0,20.0,5.0,15.0,0,0,0,0,0,0,1,1,1,0,0,0,1,0,1,0,0,0,0,0,0,0,0,0,0,0,0,0
BOLET CHÂTAIN,Les champignons toxiques,"3 à 12 cm, sec, mat, brun-châtain sombre à cannelle ou brun ocre pâle, velouté jeune",Blancs puis crème,,"4 à 8 cm, creux, cassant, irrégulier, même couleur que le chapeau",Blanche,Faible,Douce,Forêts de feuillus et conifères,Août > Novembre,1,1,0,1,1,0,1,0,0,0,0,0,0,0,0,0,1,0,0,0,0,0,1,0,0,0,1,0,0,0,0,0,0,0,0,0,0,0,0,0,0,0,0,0,0,0,0,0,0,0,0,0,0,0,0,0,0,0,0,0,0,0,0,0,0,0,0,0,0,0,0,0,0,0,0,0,0,0,0,0,0,0,0,0,0,0,0,0,0,1,0,0,0,1,0,0,0,0,0,0,0,0,0,0,0,0,0,0,0,0,0,0,0,0,0,0,0,0,0,0,0,0,0,1,0,0,0,0,0,0,0,3.0,12.0,4.0,8.0,0,0,0,0,0,0,0,1,1,1,1,0,1,1,1,0,0,0,0,0,0,0,0,0,0,0,0,0
BOLET CRAQUELÉ,Les champignons mediocres,"4 à 15 cm, velouté, mat, jaune, brun-jaune ou fauve-orangé, craquelé à maturité","Fins, beige-jaunâtre à jaune vif, brunissant au toucher",,"5 à 12 cm, épais, plus fin à la base, jaune, couvert de fines mèches jaunes puis brunâtres ou noirâtres","Blanchâtre, devenant rose-rougeâtre à la coupe, puis violacée et enfin noirâtre",Faible,Douce,"Forêts de feuillus, surtout sous chênes et hêtres",Juin > Octobre,1,1,0,1,1,0,1,1,0,1,0,0,0,0,0,0,0,0,0,0,0,0,1,0,1,0,0,0,1,0,0,0,0,0,0,0,0,1,0,0,0,0,0,0,0,0,0,0,0,0,0,0,0,0,0,0,0,0,0,0,0,0,0,0,0,0,1,0,0,0,0,0,0,0,0,0,0,0,1,0,0,0,0,0,0,0,0,0,0,0,0,0,0,1,0,0,1,0,1,0,1,0,0,0,0,0,0,0,0,0,0,0,0,0,0,0,0,0,0,0,0,0,0,1,0,0,0,0,0,0,0,4.0,15.0,5.0,12.0,0,0,0,0,0,1,1,1,1,1,0,0,1,0,1,0,0,0,0,0,1,1,0,0,0,0,0,0
BOLET DE QUÉLET,Les bons champignons,"5 à 15 cm, velouté, sec, couleur variable, brun-orangé, cuivré, ou brun-rouge.","Jaunes puis orangés et enfin rouges, bleuissants.",,"5 à 15 cm, jaune au sommet, rouge betterave à la base, bleuissant, finement ponctué de rouge.","Jaune, rouge betterave dans la base du pied.",Faible,Douce,"Forêts de feuillus, surtout sous chênes",Juin > Novembre,1,1,0,1,1,0,1,0,1,1,0,0,0,0,0,0,0,0,0,0,0,0,1,0,0,0,0,0,0,0,0,0,0,0,0,0,0,0,0,0,0,0,0,0,0,0,0,0,0,0,0,0,0,0,0,0,0,0,0,0,0,0,0,0,0,0,1,1,0,0,0,0,0,1,0,0,0,0,0,0,0,0,0,0,0,0,0,0,0,0,0,0,0,0,0,1,1,0,0,0,0,0,0,0,0,0,0,0,0,0,0,0,0,0,0,0,0,0,0,0,0,0,0,1,0,0,0,0,0,0,0,5.0,15.0,5.0,15.0,0,0,0,0,0,1,1,1,1,1,1,0,1,0,1,0,0,0,0,0,1,0,0,0,0,0,0,0
BOLET DES BOUVIERS,Champignon à rejeter,"4 à 10 cm, visqueux, mou, brun-jaune, ocre à beige, parfois teinté de rose","Adnés à décurrents, larges, anguleux, jaunes à olivâtres",,"3 à 10 cm, mince, lisse, de même couleur que le chapeau ou plus clair","Crème à jaunâtre, molle, élastique, un peu bleuissante",Faible,Douce,Uniquement sous les pins,Juillet > Novembre,1,1,0,1,1,0,1,1,0,0,1,0,0,0,0,0,1,0,0,0,0,1,0,0,0,0,0,0,0,0,0,0,0,0,0,0,0,0,0,0,1,1,0,0,0,0,0,0,0,0,0,0,0,0,0,0,0,0,0,0,0,0,0,0,0,0,0,0,0,0,0,0,0,0,0,0,0,1,0,0,0,0,0,0,0,0,0,0,0,0,0,0,0,1,0,1,0,0,0,0,0,0,0,0,0,0,0,0,1,0,1,0,0,0,0,0,0,0,0,0,0,0,0,1,0,0,0,0,0,0,0,4.0,10.0,3.0,10.0,0,0,0,0,0,0,1,1,1,1,1,0,0,0,0,0,0,0,0,0,0,0,1,0,0,0,0,0
BOLET DES CHÊNES VERTS,Les champignons mediocres,"3 à 15 cm, feutré, bosselé, souvent craquelé, brun foncé à brun-fauve ou brun ochracé","Fins, jaune citron à jaune olivâtre, roussissant au toucher",,"8 à 11 cm, jaunâtre, roussissant au toucher, couvert de fines mèches jaunes","Crème à jaunâtre, devenant gris-violet, puis noirâtre à la coupe",Faible,Douce,Uniquement sous les chênes verts et les chênes-lièges,Juin > Octobre,1,1,0,1,1,0,1,0,0,1,0,0,0,0,0,0,0,0,0,0,0,0,1,0,1,0,0,0,1,0,0,0,0,0,1,0,0,0,0,0,0,0,0,0,0,0,0,0,0,0,0,0,0,0,0,0,0,0,0,0,0,0,0,0,0,0,1,0,0,0,0,0,0,0,0,0,0,0,1,0,0,0,0,0,0,0,0,0,0,0,0,0,0,1,0,1,0,0,0,1,1,0,0,1,0,0,0,0,0,0,0,0,0,0,0,0,0,0,0,0,0,0,0,1,0,0,0,0,0,0,0,3.0,15.0,8.0,11.0,0,0,0,0,0,1,1,1,1,1,0,0,0,0,0,0,0,0,0,0,1,0,0,0,0,0,0,0
BOLET ÉLÉGANT,Champignon à rejeter,"2 à 15 cm, lisse, visqueux, jaune citron, jaune orangé vif à roussâtre","Fins, jaune vif, brunissant au toucher",,"3 à 12 cm, visqueux, jaune au sommet, veiné de roussâtre vers la base, avec un anneau blanchâtre",Jaune vif puis crème,"Faible, de cèpe",Douce,"Toujours sous les mélèzes, parfois les douglas",Juillet > Octobre,1,1,0,1,1,0,0,1,0,1,0,0,0,0,0,0,0,1,1,0,0,1,0,0,0,0,0,0,1,0,0,0,0,0,0,0,0,0,0,0,0,0,0,0,0,0,0,0,0,0,0,0,0,0,0,0,0,0,0,0,0,0,0,0,1,0,1,0,0,0,0,0,0,0,0,0,1,0,0,0,1,0,0,0,0,1,0,0,0,0,0,0,0,1,0,1,0,0,0,0,0,0,0,0,0,0,0,0,0,0,0,0,0,0,0,0,0,0,0,0,0,0,0,1,0,0,0,0,0,0,0,2.0,15.0,3.0,12.0,0,0,0,0,0,0,1,1,1,1,0,0,0,0,0,0,0,0,0,0,0,0,0,0,0,0,1,0
BOLET GRANULÉ,Les champignons mediocres,"4 à 14 cm, visqueux, jaunâtre, jaune ochracé à brun-roux","Adnés à un peu décurrents, fins, crème jaunâtre puis jaunes, pleurant de fines gouttelettes laiteuses",,"3 à 10 cm, blanchâtre à jaunâtre, finement granuleux au sommet",Blanchâtre à jaune,"Faible, un peu épicée",Douce,Uniquement sous les pins,Juillet > Octobre,1,1,0,1,1,0,1,1,0,0,0,0,0,0,0,0,0,1,0,0,0,1,0,0,0,0,1,0,1,0,0,0,0,0,0,0,0,0,0,0,1,1,0,0,0,0,0,0,0,0,0,0,0,0,0,0,0,0,0,0,0,0,0,0,1,0,1,0,0,0,0,0,0,0,0,0,0,0,0,0,0,0,0,0,0,0,0,0,0,0,0,0,0,1,0,1,0,0,0,0,0,0,0,0,0,0,0,0,0,0,0,0,0,0,0,0,0,0,0,0,0,0,0,1,0,0,0,0,0,0,0,4.0,14.0,3.0,10.0,0,0,0,0,0,0,1,1,1,1,0,0,0,0,0,0,0,0,0,0,0,0,1,0,0,0,0,0
BOLET INDIGOTIER,Champignon à rejeter,"4 à 12 cm, sec, mat, velouté, blanchâtre, crème ochracé à ocre jaune","Fins, blancs puis jaunâtres, bleuissant vivement au toucher",,"4 à 10 cm, épais, de même couleur que le chapeau, creux.","Blanche, bleuissant très vivement et intensément à la coupe",Faible,Douce,Forêts de feuillus et de conifères,Juillet > Novembre,1,1,0,1,1,1,0,1,0,0,0,0,0,0,0,0,1,0,0,0,0,0,1,0,0,0,0,0,0,0,0,0,0,0,0,1,0,0,0,0,0,0,0,0,0,0,0,0,0,0,0,0,0,0,0,0,0,0,0,0,0,0,0,0,0,0,0,0,0,0,0,0,0,0,0,0,0,0,0,0,0,0,0,0,0,0,0,0,0,1,0,0,0,1,0,0,0,0,0,0,0,0,1,0,0,0,0,0,0,0,0,0,0,0,0,0,0,0,0,0,0,0,0,1,0,0,0,0,0,0,0,4.0,12.0,4.0,10.0,0,0,0,0,0,0,1,1,1,1,1,0,1,1,1,0,0,0,0,0,0,0,0,0,0,0,0,0
BOLET JAUNE,Les bons champignons,"4 à 14 cm, très visqueux, brun-jaune, brun-chocolat à brun-pourpre.","Fins, jaune vif puis jaune olivâtre",,"3 à 12 cm, blanc puis jaune, brunâtre à la base, avec un anneau ample blanchâtre et violacé en dessous.","Crème à jaunâtre, épaisse","Faible, fruitée","Douce, acidulée",Uniquement sous les pins,Août > Novembre,1,1,0,1,1,0,1,1,1,0,0,0,0,0,0,0,0,0,0,0,0,1,0,0,0,0,0,0,1,0,0,0,0,0,1,0,0,0,0,0,0,0,0,0,0,0,0,0,0,0,0,0,0,0,0,0,0,0,0,0,0,0,0,0,1,1,1,0,0,0,0,0,0,0,1,0,0,0,0,0,0,0,0,0,0,1,0,0,0,0,0,0,0,1,0,1,0,0,0,0,0,0,0,0,0,0,0,0,0,0,0,1,0,0,0,0,0,0,0,0,0,1,0,1,0,1,0,0,0,0,0,4.0,14.0,3.0,12.0,0,0,0,0,0,0,0,1,1,1,1,0,0,0,0,0,0,0,0,0,0,0,1,0,0,0,0,0
BOLET ORANGÉ DES CHÊNES,Les bons champignons,"4 à 20 cm, sec, lisse, feutré, orangé vif à orangé rougeâtre, le bord du chapeau débordant sur les pores en dessous",Blancs puis grisâtres et enfin brun-gris,,"6 à 20 cm, élancé, blanc, couvert de fines écailles pâles vite roussissantes puis noircissantes","Blanche, puis rosissante, gris-lilas et enfin gris noirâtre à la coupe",Faible,Douce,Forêts de feuillus,Septembre > Novembre,1,1,0,1,1,0,0,0,1,1,0,0,0,0,0,0,0,0,1,0,0,0,1,0,0,0,0,1,0,0,0,0,1,0,0,0,0,0,0,0,0,0,0,0,0,0,0,0,0,0,0,0,0,0,0,0,0,0,0,0,0,0,0,0,1,0,0,0,0,0,0,0,0,0,0,0,0,0,0,0,0,0,1,0,0,0,0,0,0,0,1,0,0,1,0,0,0,0,0,1,1,0,0,1,0,0,0,0,0,0,0,0,0,0,0,0,0,0,0,0,0,0,0,1,0,0,0,0,0,0,0,4.0,20.0,6.0,20.0,0,0,0,0,0,0,0,0,1,1,1,0,1,0,1,0,0,0,0,0,0,0,0,0,0,0,0,0
BOLET POIVRÉ,Champignon à rejeter,"2 à 10 cm, sec ou visqueux par temps humide, brun-jaune à brun-rouge cuivré","Assez larges, polygonaux, cuivrés puis brun-rouille",,"4 à 10 cm, grêle, brun-jaune à brun-rouge. Mycélium jaune vif à la base","Crème, jaune vif dans le pied",Faible,Très poivrée,Forêts de feuillus et de conifères,Juillet > Octobre,1,1,0,1,1,0,1,1,1,1,0,0,0,0,0,0,0,0,0,0,0,1,0,0,0,0,0,1,0,0,0,0,0,0,0,0,0,0,0,0,0,0,0,0,0,0,0,0,0,0,0,0,0,0,0,0,0,0,0,0,0,0,0,0,0,1,1,1,0,0,0,0,0,0,0,0,0,0,0,0,0,0,0,0,0,0,0,0,0,0,0,0,0,1,0,1,0,0,0,0,0,0,0,0,0,0,0,0,0,0,0,0,0,0,0,0,0,0,0,0,0,0,0,0,0,0,0,1,0,0,0,2.0,10.0,4.0,10.0,0,0,0,0,0,0,1,1,1,1,0,0,1,1,1,0,0,0,0,0,0,0,0,0,0,0,0,0
BOLET POMME DE PIN,Champignon à rejeter,"4 à 15 cm, couvert d’écailles laineuses épaisses et sombres, pyramidales, gris-noir ou brun-noir sur fond gris plus pâle","Gris pâle puis gris-brun, rougissant au toucher",,"5 à 15 cm, élancé, de même couleur que le chapeau, laineux à floconneux, avec un anneau bien visible chez les jeunes","Blanchâtre, rougissant nettement puis noircissant à la coupe",Faible,Douce,"Forêts de feuillus et de conifères, plutôt en montagne",Juillet > Octobre,1,1,0,1,1,0,1,0,0,0,0,1,1,0,0,0,0,0,0,0,0,0,0,1,0,0,0,1,0,1,0,0,1,0,0,0,0,0,0,0,0,0,0,0,0,0,0,0,0,0,0,0,0,0,0,0,0,0,0,0,0,0,0,0,0,0,0,0,0,0,0,0,0,0,0,0,0,0,0,1,0,0,0,0,0,1,0,0,0,0,1,0,0,1,0,0,1,0,0,0,1,0,0,0,0,0,0,0,0,0,0,0,0,0,0,0,0,0,0,0,0,0,0,1,0,0,0,0,0,0,0,4.0,15.0,5.0,15.0,0,0,0,0,0,0,1,1,1,1,0,0,1,1,1,0,0,0,0,0,0,0,0,0,0,0,0,0
BOLET ROUX,Les bons champignons,"3 à 18 cm, velouté, mat, ocre orangé à brun orangé vif, le bord débordant sur les pores en dessous",Gris puis gris-brun,,"3 à 20 cm, long, robuste, blanc, très densément couvert de fines écailles brun sombre à noires","Blanche, puis rosissante, gris violacé et enfin noirâtre à la coupe",Faible,Douce,Uniquement sous les bouleaux,Juin > Octobre,1,1,0,1,1,0,1,0,0,1,0,0,0,0,0,0,1,0,0,0,0,0,1,0,0,0,0,1,0,0,0,0,1,0,0,0,0,0,0,0,0,0,0,0,0,0,0,0,0,0,0,0,0,0,0,0,0,0,0,0,0,0,0,0,1,1,0,0,0,0,0,0,0,0,0,0,0,0,0,0,0,0,1,0,0,0,0,0,0,0,0,0,0,1,0,0,0,0,0,1,1,0,0,1,0,0,0,0,0,0,0,0,0,0,0,0,0,0,0,0,0,0,0,1,0,0,0,0,0,0,0,3.0,18.0,3.0,20.0,0,0,0,0,0,1,1,1,1,1,0,0,0,0,0,0,0,0,0,0,0,0,0,1,0,0,0,0
BOLET RUDE,Les champignons mediocres,"5 à 15 cm, lisse, velouté, ocre brun, brun tabac ou brun-châtain, parfois plus sombre","Blanchâtres, puis grisâtres et enfin brun ochracé",,"6 à 20 cm, long, blanchâtre, couvert de fines écailles grises puis brun noirâtre",Blanchâtre,Faible,Douce,Uniquement sous les bouleaux,Juin > Octobre,1,1,0,1,1,0,1,0,0,0,0,0,0,0,0,0,1,0,1,0,0,0,1,0,0,0,0,1,0,0,0,0,0,0,0,0,0,0,0,0,0,0,0,0,0,0,0,0,0,0,0,0,0,0,0,0,0,0,0,0,0,0,0,0,1,1,0,0,0,0,0,1,0,0,0,0,0,0,0,0,0,0,1,0,0,0,0,0,0,0,0,0,0,1,0,0,0,0,0,0,0,0,0,0,0,0,0,0,0,0,0,0,0,0,0,0,0,0,0,0,0,0,0,1,0,0,0,0,0,0,0,5.0,15.0,6.0,20.0,0,0,0,0,0,1,1,1,1,1,0,0,0,0,0,0,0,0,0,0,0,0,0,1,0,0,0,0
BOLET SATAN,Les champignons toxiques,"5 à 25 voire 30 cm, mat, blanchâtre à gris-beige mastic, puis teinté de gris-brun olivâtre","Assez fins, jaune orangé puis rouge orangé à rouge sang, bleuissant au toucher",,"5 à 15 cm, épais, ventru, jaune au sommet, rose vif vers la base, avec un réseau assez net","Blanchâtre à jaunâtre, faiblement bleuissante","Désagréable, de viande avariée",Douce,Forêts de feuillus,Juillet > Novembre,1,1,0,1,1,1,1,0,0,0,0,1,0,1,0,0,1,0,0,0,0,0,0,0,0,0,0,0,1,1,1,0,0,0,0,1,0,0,0,0,0,0,0,0,0,0,0,0,0,0,0,0,0,0,0,0,0,0,0,0,0,0,0,0,0,0,1,0,0,1,0,0,0,0,0,0,0,0,0,0,0,0,0,0,0,0,0,0,0,0,0,0,1,1,0,1,0,0,0,0,0,0,0,0,0,0,0,0,0,0,0,0,0,0,0,0,0,0,0,0,0,0,1,1,0,0,0,0,0,0,0,30.0,30.0,5.0,15.0,0,0,0,0,0,0,1,1,1,1,1,0,1,0,1,0,0,0,0,0,0,0,0,0,0,0,0,0
CALOCÈRE VISQUEUSE,Champignon à rejeter,,,,Tronc assez ferme à la base,"Coriace et élastique, jaune",Faible,Douce,Sur les souches ou les débris de bois de conifères,Juin > Novembre,0,0,0,1,1,0,0,0,0,0,0,0,0,0,0,0,0,0,0,0,0,0,0,0,0,0,0,0,0,0,0,0,0,0,0,0,0,0,0,0,0,0,0,0,0,0,0,0,0,0,0,0,0,0,0,0,0,0,0,0,0,0,0,0,0,0,0,0,0,0,0,0,0,0,0,0,0,0,0,0,0,0,0,0,0,0,0,0,0,0,0,0,0,0,0,1,0,0,0,0,0,0,0,0,0,0,0,0,0,0,1,0,0,0,0,0,0,0,0,0,0,0,0,1,0,0,0,0,0,0,0,0.0,0.0,0.0,0.0,0,0,0,0,0,1,1,1,1,1,1,0,0,1,0,0,0,0,0,1,0,0,0,0,0,0,0,0
CALVATIE EN COUPE,Les champignons mediocres,"En forme de poire avec le pied bien individualisé. Tête sphérique (3 à 8 cm), blanche à brunâtre, couverte de petits aiguillons fragiles. À maturité, la tête se décompose.",,,"Long (2 à 8 cm), de la même couleur que le chapeau. Persiste longtemps après que la tête a disparu.","Cotonneuse, blanche puis olivâtre et pulvérulente dans la partie haute.","Faible, fongique",Douce,Forêts de feuillus et de conifères,Juillet > Novembre,1,0,0,1,1,1,1,0,0,0,0,0,0,0,0,0,0,0,0,0,0,0,0,0,0,0,0,0,0,0,0,0,0,0,0,0,0,0,0,0,0,0,0,0,0,0,0,0,0,0,0,0,0,0,0,0,0,0,0,0,0,0,0,0,0,0,0,0,0,0,0,0,0,0,0,0,0,0,0,0,0,0,0,0,0,0,0,0,0,0,0,0,0,1,0,0,0,0,0,0,0,1,0,0,0,0,0,0,0,0,0,0,0,0,0,0,0,0,0,0,0,0,0,1,0,0,0,0,0,0,0,3.0,8.0,2.0,8.0,0,0,0,0,0,0,1,1,1,1,1,0,1,1,1,0,0,0,0,0,0,0,0,0,0,0,0,0
CÈPE BRONZÉ,Les excellents champignons,"4 à 25 cm, sec, velouté, brun-noir à brun sombre, parfois teinté d’ochracé.","Fins, blancs puis crème et enfin jaune olivâtre.",,"5 à 15 cm, ventru, beige ochracé à brunâtre ou roussâtre, avec un réseau brunâtre discret.",Blanche,"Forte, agréable, de cèpe",Douce,"Forêts de feuillus, surtout sous les chênes",Juillet > Octobre,1,1,0,1,1,0,1,0,0,0,0,0,1,0,0,0,0,0,0,0,0,0,1,0,0,0,1,0,1,0,0,0,0,0,1,0,0,0,0,0,0,0,0,0,0,0,0,0,0,0,0,0,0,0,0,0,0,0,0,0,0,0,0,0,0,1,0,0,0,0,0,0,0,0,0,1,1,0,0,0,0,0,0,0,0,0,0,0,0,0,0,0,1,1,0,0,0,0,0,0,0,0,0,0,0,0,0,0,0,0,0,0,0,0,0,0,0,0,0,0,0,0,0,1,0,0,0,0,0,0,0,4.0,25.0,5.0,15.0,0,0,0,0,0,0,1,1,1,1,0,0,1,0,1,0,0,0,0,0,1,0,0,0,0,0,0,0
CÈPE D’ÉTÉ,Les excellents champignons,"4 à 20 cm, sec, finement feutré, craquelé par temps sec, brun chaud, brun-châtain à café au lait clair.","Fins, blancs puis jaunes et enfin olivâtres.",,"5 à 15 cm, allongé, robuste, brun pâle à beige, avec un réseau blanc net.",Blanche,"Forte, agréable, de cèpe",Douce,Forêts de feuillus,Mai > Septembre,1,1,0,1,1,0,1,0,0,0,0,0,0,0,0,0,0,0,0,0,0,0,1,0,1,0,0,0,0,0,0,0,0,0,0,0,0,0,0,0,0,0,0,0,0,0,0,0,0,0,0,0,0,0,0,0,0,0,0,0,0,0,0,0,1,1,0,0,0,0,0,0,0,0,0,1,0,0,0,0,0,0,0,0,0,0,0,0,0,0,0,0,1,1,0,0,0,0,0,0,0,0,0,0,0,0,0,0,0,0,0,0,0,0,0,0,0,0,0,0,0,0,0,1,0,0,0,0,0,0,0,4.0,20.0,5.0,15.0,0,0,0,0,1,1,1,1,1,0,0,0,1,0,1,0,0,0,0,0,0,0,0,0,0,0,0,0
CÈPE DE BORDEAUX,Les excellents champignons,"4 à 25 cm, un peu gras au toucher, lisse, brun clair à brun sombre, à bord plus pâle avec un fin liseré blanchâtre","Fins, blancs puis jaunes et enfin olivâtres",,"6 à 20 cm, renflé, robuste, blanchâtre à brun clair, avec un réseau clair seulement visible au sommet","Blanche, brun-rose sous la peau du chapeau","Forte, agréable, de cèpe",Douce,Forêts de feuillus et de conifères,Septembre > Novembre,1,1,0,1,1,1,1,0,0,0,0,0,0,0,0,0,0,0,1,0,0,0,0,0,0,0,0,0,0,0,0,0,0,0,0,0,0,0,0,0,0,0,0,0,0,0,0,0,0,0,0,0,0,0,0,0,0,0,0,0,0,0,0,0,1,1,0,0,0,0,0,0,0,0,0,0,0,0,0,0,0,0,0,0,0,0,0,0,0,0,0,0,1,1,1,0,0,0,1,0,0,0,0,0,0,0,0,0,0,0,0,0,0,0,0,0,0,0,0,0,0,0,0,1,0,0,0,0,0,0,0,4.0,25.0,6.0,20.0,0,0,0,0,0,0,0,0,1,1,1,0,1,1,1,0,0,0,0,0,0,0,0,0,0,0,0,0
CÈPE DES PINS,Les excellents champignons,"4 à 25 cm, lisse, souvent ridé, brun-rouge sombre à acajou, finement poudré de blanchâtre","Fins, blancs puis jaunes et enfin olivâtres",,"5 à 15 cm, obèse puis allongé, ocre brun à brun roussâtre, avec un réseau brunâtre discret","Blanche, rosée sous la peau du chapeau","Agréable, de cèpe",Douce,Forêts de feuillus et de conifères,Mai à juin puis septembre à novembre,1,1,0,1,1,1,1,0,1,0,0,0,0,0,0,0,0,0,1,0,0,0,0,0,0,0,0,0,0,0,0,0,0,0,0,0,0,0,0,0,0,0,0,0,0,0,0,0,0,0,0,0,0,0,0,0,0,0,0,0,0,0,0,0,0,1,0,0,0,0,0,0,0,0,0,1,1,0,0,0,0,0,0,0,0,0,0,0,0,0,0,0,1,1,0,0,0,0,1,0,0,0,0,0,0,0,0,0,0,0,0,0,0,0,0,0,0,0,0,0,0,0,0,1,0,0,0,0,0,0,0,4.0,25.0,5.0,15.0,0,0,0,0,0,0,0,0,0,0,0,0,1,1,1,0,0,0,0,0,0,0,0,0,0,0,0,0
CHANTERELLE CENDRÉE,Les bons champignons,"En entonnoir (2 à 6 cm), gris-noir à gris cendré, à bord très ondulé",,,"2 à 8 cm, noir à gris cendré, creux.",Très mince,"Fruitée, de mirabelle",Douce,Forêts de feuillus,Août > Novembre,1,0,0,1,1,0,0,0,0,0,0,1,1,0,0,0,0,0,0,0,0,0,0,0,0,0,0,0,0,0,0,0,0,0,0,0,0,0,0,0,0,0,0,0,0,0,0,0,0,0,0,0,0,0,0,0,0,0,0,0,0,0,0,0,0,0,0,0,0,0,1,1,0,0,0,0,0,0,0,0,0,0,0,0,0,0,0,0,0,1,0,0,0,0,0,0,0,0,0,0,0,0,0,0,0,0,0,0,0,0,0,0,0,0,0,0,0,0,0,0,0,1,0,1,0,0,0,0,0,0,0,2.0,6.0,2.0,8.0,0,0,0,0,0,0,0,1,1,1,1,0,1,0,1,0,0,0,0,0,0,0,0,0,0,0,0,0
CHANTERELLE EN TUBE,Les excellents champignons,"En entonnoir (2 à 6 cm), lisse, brun, brun-jaune à brun grisâtre, à bord ondulé.",,,"3 à 8 cm, creux, lisse, ocre jaune, jaune-brun à jaune grisâtre.",Très mince,"Faible, fruitée",Douce,Surtout forêts de conifères,Septembre > Décembre,1,0,0,1,1,0,1,1,0,0,0,1,0,0,0,0,0,0,1,0,0,0,0,0,0,0,0,0,0,0,0,0,0,0,0,0,0,0,0,0,0,0,0,0,0,0,0,0,0,0,0,0,0,0,0,0,0,0,0,0,0,0,0,0,0,1,1,0,0,0,1,0,0,0,0,1,0,1,0,0,0,0,0,0,0,0,0,0,0,1,0,0,0,0,0,0,0,0,0,0,0,0,0,0,0,0,0,0,0,0,0,0,0,0,0,0,0,0,0,0,0,1,0,1,0,0,0,0,0,0,0,2.0,6.0,3.0,8.0,0,0,0,0,0,0,0,0,1,1,1,1,0,1,1,0,0,0,0,0,0,0,0,0,0,0,0,0
CHANTERELLE JAUNE,Les excellents champignons,"1 à 5 cm, en entonnoir, brun-châtain à brun-jaune, à bord ondulé",,,"3 à 8 cm, lisse, creux, jaune à jaune orangé","Mince, élastique","Forte, fruitée",Douce,Forêts de conifères,Août > Novembre,1,0,0,1,1,0,1,1,0,0,0,0,0,0,0,0,0,0,0,0,0,0,0,0,0,0,0,0,0,0,0,0,0,0,0,0,0,0,0,0,0,0,0,0,0,0,0,0,0,0,0,0,0,0,0,0,0,0,0,0,0,0,0,0,0,0,1,0,1,0,0,0,0,0,0,0,0,1,0,0,0,0,0,0,0,0,0,0,0,1,0,0,0,0,0,0,0,0,0,0,0,0,0,0,0,0,0,0,0,0,1,0,0,0,0,0,0,0,0,0,0,1,0,1,0,0,0,0,0,0,0,1.0,5.0,3.0,8.0,0,0,0,0,0,0,0,1,1,1,1,0,0,1,1,0,0,0,0,0,0,0,0,0,0,0,0,0
CHANTERELLE VIOLETTE,Les bons champignons,"À sommet plat comme tronqué (2 à 10 cm), violet vif, puis tirant vers l’ochracé ou le brun ochracé.",,,"Court et massif, dans la continuité des plis et de la même couleur.",Épaisse et blanche,"Agréable, de champignon",Douce,"Forêts de conifères, en montagne",Juillet > Octobre,1,0,0,1,1,0,1,0,0,0,0,0,0,0,0,1,0,0,0,0,0,0,0,0,0,0,0,0,0,0,0,0,0,0,0,0,0,0,0,0,0,0,0,0,0,0,0,0,0,0,0,0,0,0,0,0,0,0,0,0,0,0,0,0,0,0,0,0,0,0,0,0,0,0,0,0,0,0,0,0,0,0,0,0,0,0,0,0,0,0,0,0,0,1,0,0,0,0,0,0,0,0,0,0,0,0,0,0,0,0,0,1,0,0,0,0,0,0,0,0,0,0,0,1,0,0,0,0,0,0,0,2.0,10.0,0.0,0.0,0,0,0,0,0,0,1,1,1,1,0,0,0,1,1,0,0,0,0,0,0,0,0,0,0,0,0,0
CLAVAIRE À CRÊTES,Les champignons mediocres,,,,"Tronc court, blanchâtre ou gris, souvent torsadé; base feutrée.","Mince, blanche et molle",Faible,Douce,Forêts de feuillus et de conifères,Août > Novembre,0,0,0,1,1,0,0,0,0,0,0,0,0,0,0,0,0,0,0,0,0,0,0,0,0,0,0,0,0,0,0,0,0,0,0,0,0,0,0,0,0,0,0,0,0,0,0,0,0,0,0,0,0,0,0,0,0,0,0,0,0,0,0,0,1,0,0,0,0,0,1,0,0,0,0,0,0,0,0,0,0,1,0,0,0,0,0,0,0,0,0,0,0,1,0,0,0,0,0,0,0,0,0,0,0,0,0,0,1,0,0,0,0,0,0,0,0,0,0,0,0,0,0,1,0,0,0,0,0,0,0,0.0,0.0,0.0,0.0,0,0,0,0,0,0,0,1,1,1,1,0,1,1,1,0,0,0,0,0,0,0,0,0,0,0,0,0
CLAVAIRE CHOU-FLEUR,Les bons champignons,,,,"Tronc massif, blanc à ocre, d’où partent les rameaux","Blanche, épaisse","Agréable, fruitée",Douce,Forêts de feuillus et de conifères,Septembre > Novembre,0,0,0,1,1,0,0,0,0,0,0,0,0,0,0,0,0,0,0,0,0,0,0,0,0,0,0,0,0,0,0,0,0,0,0,0,0,0,0,0,0,0,0,0,0,0,0,0,0,0,0,0,0,0,0,0,0,0,0,0,0,0,0,0,1,0,0,0,0,0,0,0,0,0,0,1,0,0,0,0,0,0,0,0,0,0,0,0,0,0,0,0,0,1,0,0,0,0,0,0,0,0,0,0,0,0,0,0,0,0,0,1,0,0,0,0,0,0,0,0,0,1,0,1,0,0,0,0,0,0,0,0.0,0.0,0.0,0.0,0,0,0,0,0,0,0,0,1,1,1,0,1,1,1,0,0,0,0,0,0,0,0,0,0,0,0,0
CLAVAIRE CRÉPUE,Les bons champignons,,,,Absent,"Blanche, un peu élastique","Agréable, de plantes aromatiques","Douce, de noix","Au pied des conifères, surtout les pins",Juillet > Novembre,0,0,0,0,1,0,0,0,0,0,0,0,0,0,0,0,0,0,0,0,0,0,0,0,0,0,0,0,0,0,0,0,0,0,0,0,0,0,0,0,0,0,0,0,0,0,0,0,0,0,0,0,0,0,0,0,0,0,0,0,0,0,0,0,0,0,0,0,0,0,0,0,0,0,0,0,0,0,0,0,0,0,0,0,0,0,0,0,0,0,0,0,0,1,0,0,0,0,0,0,0,0,0,0,0,0,0,0,0,0,1,0,0,0,0,0,0,0,0,0,0,0,0,1,0,0,0,0,0,0,0,0.0,0.0,0.0,0.0,0,0,0,0,0,0,1,1,1,1,1,0,0,1,0,0,0,0,0,0,0,0,1,0,0,0,0,0
CLAVAIRE DORÉE,Les bons champignons,,,,"Tronc épais, blanchâtre et jaune citron en haut","Blanche, épaisse","Agréable, d’herbe coupée",Douce,Forêts de feuillus et de conifères,Septembre > Novembre,0,0,0,1,1,0,0,0,0,0,0,0,0,0,0,0,0,0,0,0,0,0,0,0,0,0,0,0,0,0,0,0,0,0,0,0,0,0,0,0,0,0,0,0,0,0,0,0,0,0,0,0,0,0,0,0,0,0,0,0,0,0,0,0,1,0,1,0,0,0,0,0,0,0,0,0,0,0,0,0,0,0,0,0,0,0,0,0,0,0,0,0,0,1,0,0,0,0,0,0,0,0,0,0,0,0,0,0,0,0,0,1,0,0,0,0,0,0,0,0,0,0,0,1,0,0,0,0,0,0,0,0.0,0.0,0.0,0.0,0,0,0,0,0,0,0,0,1,1,1,0,1,1,1,0,0,0,0,0,0,0,0,0,0,0,0,0
CLAVAIRE DROITE,Champignon à rejeter,,,,Tronc commun d’où partent les rameaux,"Blanchâtre à jaunâtre, élastique et coriace","Faible, anisée",Légèrement amère,Bois mort de feuillus,Août > Novembre,0,0,0,1,1,0,0,0,0,0,0,0,0,0,0,0,0,0,0,0,0,0,0,0,0,0,0,0,0,0,0,0,0,0,0,0,0,0,0,0,0,0,0,0,0,0,0,0,0,0,0,0,0,0,0,0,0,0,0,0,0,0,0,0,0,0,0,0,0,0,0,0,0,0,0,0,0,0,0,0,0,0,0,0,0,0,0,0,0,0,0,0,0,1,0,1,0,0,0,0,0,0,0,0,0,0,0,0,0,0,1,0,0,0,1,0,0,0,0,0,0,0,0,0,1,0,0,0,0,0,0,0.0,0.0,0.0,0.0,0,0,0,0,0,0,0,1,1,1,1,0,1,0,0,0,0,0,0,1,0,0,0,0,0,0,0,1
CLAVAIRE ÉLÉGANTE,Les champignons toxiques,"Buisson charnu (7 à 15 cm) composé de nombreux rameaux, rose saumon puis ocre rose, avec les sommets longtemps jaune vif.",,,"Tronc massif, blanchâtre, d’où partent les rameaux.",Blanche à rosâtre,Faible d’herbe coupée,Amère,Bois mort de feuillus,Septembre > Décembre,1,0,0,1,1,0,0,1,0,0,1,0,0,0,0,0,1,0,0,0,0,0,0,0,0,0,0,0,0,0,0,0,0,0,0,0,0,0,0,0,0,0,0,0,0,0,0,0,0,0,0,0,0,0,0,0,0,0,0,0,0,0,0,0,1,0,0,0,0,0,0,0,0,0,0,0,0,0,0,0,0,0,0,0,0,0,0,0,0,0,0,0,0,1,0,0,0,0,1,0,0,0,0,0,0,0,0,0,0,0,0,0,0,0,0,0,0,0,0,0,0,0,0,0,1,0,0,0,0,0,0,7.0,15.0,0.0,0.0,0,0,0,0,0,0,0,0,1,1,1,1,1,0,0,0,0,0,0,1,0,0,0,0,0,0,0,1
CLAVAIRE EN PILON,Champignon à rejeter,,,,,"Blanche, spongieuse",Faible,Amère,Forêts de feuillus,Août > Novembre,0,0,0,0,1,0,0,0,0,0,0,0,0,0,0,0,0,0,0,0,0,0,0,0,0,0,0,0,0,0,0,0,0,0,0,0,0,0,0,0,0,0,0,0,0,0,0,0,0,0,0,0,0,0,0,0,0,0,0,0,0,0,0,0,0,0,0,0,0,0,0,0,0,0,0,0,0,0,0,0,0,0,0,0,0,0,0,0,0,0,0,0,0,1,0,0,0,0,0,0,0,0,0,0,0,0,0,0,0,0,0,0,0,1,0,0,0,0,0,0,0,0,0,0,1,0,0,0,0,0,0,0.0,0.0,0.0,0.0,0,0,0,0,0,0,0,1,1,1,1,0,1,0,1,0,0,0,0,0,0,0,0,0,0,0,0,0
CLAVAIRE RUGUEUSE,Les champignons mediocres,,,,,"Blanche, molle",Faible,Douce,Bois de conifères,Été et automne,0,0,0,0,1,0,0,0,0,0,0,0,0,0,0,0,0,0,0,0,0,0,0,0,0,0,0,0,0,0,0,0,0,0,0,0,0,0,0,0,0,0,0,0,0,0,0,0,0,0,0,0,0,0,0,0,0,0,0,0,0,0,0,0,0,0,0,0,0,0,0,0,0,0,0,0,0,0,0,0,0,0,0,0,0,0,0,0,0,0,0,0,0,1,0,0,0,0,0,0,0,0,0,0,0,0,0,0,1,0,0,0,0,0,0,0,0,0,0,0,0,0,0,1,0,0,0,0,0,0,0,0.0,0.0,0.0,0.0,0,0,0,0,0,0,0,0,0,0,0,0,0,1,0,0,0,0,0,1,0,0,0,0,0,0,0,0
CLAVAIRE TRONQUÉE,Champignon à rejeter,,,,,"Épaisse, spongieuse, blanche",Faible,Douce,Forêts de conifères,Août > Octobre,0,0,0,0,1,0,0,0,0,0,0,0,0,0,0,0,0,0,0,0,0,0,0,0,0,0,0,0,0,0,0,0,0,0,0,0,0,0,0,0,0,0,0,0,0,0,0,0,0,0,0,0,0,0,0,0,0,0,0,0,0,0,0,0,0,0,0,0,0,0,0,0,0,0,0,0,0,0,0,0,0,0,0,0,0,0,0,0,0,0,0,0,0,1,0,0,0,0,0,0,0,0,0,0,0,0,0,0,0,0,0,1,0,1,0,0,0,0,0,0,0,0,0,1,0,0,0,0,0,0,0,0.0,0.0,0.0,0.0,0,0,0,0,0,0,0,1,1,1,0,0,0,1,1,0,0,0,0,0,0,0,0,0,0,0,0,0
CLITOCYBE À BONNE ODEUR,Les champignons toxiques,"3 à 8 cm, beige-crème puis ocre roux, à bord longtemps enroulé. Centre mamelonné ou creusé plus sombre.",,"Très décurrentes, crème puis ocre","2 à 5 cm, blanc à crème puis roux",Blanche,"Forte, de fleur d’oranger","Douce, parfois de farine",Forêts de conifères,Septembre > Novembre,1,0,1,1,1,1,0,0,0,0,0,0,0,0,0,0,1,1,0,0,0,0,0,0,0,0,0,0,0,0,0,0,0,0,0,0,0,0,0,0,0,0,0,0,0,1,0,0,0,0,0,0,0,0,0,0,1,0,0,0,1,0,0,0,1,0,0,0,0,0,0,0,0,0,0,0,1,0,0,0,0,0,0,0,0,0,0,0,0,0,0,0,0,1,0,0,0,0,0,0,0,0,0,0,0,0,0,0,0,0,0,0,0,0,0,0,0,0,0,0,0,0,0,1,0,0,0,0,0,0,0,3.0,8.0,2.0,5.0,0,0,0,0,0,0,0,0,1,1,1,0,0,1,1,0,0,0,0,0,0,0,0,0,0,0,0,0
CLITOCYBE À PIED EN MASSUE,Les champignons toxiques,"2 à 9 cm, gris-jaune à brun jaunâtre, mou au centre, comme rempli de coton.",,"Décurrentes, blanches à crème jaunâtre.","En massue (2 à 8 cm), de même couleur que le chapeau, base molle et spongieuse.","Blanchâtre, molle","Agréable, fruitée",Douce,Forêts de feuillus et de conifères,Août > Octobre,1,0,1,1,1,0,1,1,0,0,0,1,0,0,0,0,0,0,0,0,0,0,0,0,0,0,0,0,0,0,0,0,0,0,0,0,0,0,0,0,0,0,0,0,0,1,0,1,0,0,0,0,0,0,0,0,0,0,0,0,1,0,0,0,0,0,0,0,0,0,0,0,0,0,0,0,0,0,0,0,0,0,0,0,0,0,0,0,1,0,0,0,0,1,0,0,0,0,0,0,0,0,0,0,0,0,0,0,1,0,0,0,0,0,0,0,0,0,0,0,0,1,0,1,0,0,0,0,0,0,0,2.0,9.0,2.0,8.0,0,0,0,0,0,0,0,1,1,1,0,0,1,1,1,0,0,0,0,0,0,0,0,0,0,0,0,0
CLITOCYBE EN COUPE,Champignon à rejeter,"En entonnoir (1 à 8 cm), lisse, gris-brun à brun sombre, plus clair sur le bord",,"Décurrentes, grisâtres","4 à 12 cm, gris-brun, finement strié de gris clair, plus large à la base",Grisâtre,Faible,Douce,"Forêts de feuillus et de conifères, dans la mousse",Octobre > Décembre,1,0,1,1,1,0,1,0,0,0,0,1,0,0,0,0,0,0,1,0,0,0,0,0,0,0,0,0,0,0,0,0,0,0,0,0,0,0,0,0,0,0,0,0,0,0,0,0,0,0,0,0,0,0,0,0,0,0,0,0,1,0,0,0,0,1,0,0,0,0,1,0,0,0,0,0,0,0,0,0,0,0,0,0,1,0,0,0,0,0,0,0,0,0,0,0,0,0,0,1,0,0,0,0,0,0,0,0,0,0,0,0,0,0,0,0,0,0,0,0,0,0,0,1,0,0,0,0,0,0,0,1.0,8.0,4.0,12.0,0,0,0,0,0,0,0,0,0,1,1,1,1,1,1,0,0,0,0,0,0,0,0,0,0,0,0,0
CLITOCYBE EN ENTONNOIR,Les champignons mediocres,"3 à 7 cm, vite en entonnoir, mat, beige à ocre, petit mamelon au centre.",,"Décurrentes, blanches à crème","3 à 7 cm, blanc à crème, lisse","Mince, Blanche","Faible, cyanique, d’amande amère",Douce,Forêts de feuillus et de conifères,Septembre > Novembre,1,0,1,1,1,0,0,0,0,0,0,0,0,0,0,0,1,0,0,0,0,0,0,0,0,0,0,0,0,0,0,0,0,0,0,0,0,0,0,0,0,0,0,0,0,1,0,0,0,0,0,0,0,0,0,0,0,0,0,0,1,0,0,0,1,0,0,0,0,0,0,0,0,0,0,0,0,1,0,0,0,0,0,0,0,0,0,0,0,0,0,0,0,1,0,0,0,0,0,0,0,0,0,0,0,0,0,0,0,0,0,0,0,0,0,0,0,0,0,1,0,0,0,1,0,0,0,0,0,0,0,3.0,7.0,3.0,7.0,0,0,0,0,0,0,0,0,1,1,1,0,1,1,1,0,0,0,0,0,0,0,0,0,0,0,0,0
CLITOCYBE EN TOUFFE,Les champignons toxiques,"1 à 10 cm, blanc à gris, parfois avec des fossettes translucides.",,"Un peu décurrentes, serrées, blanches puis jaunâtres.","3 à 10 cm, blanc, devenant creux avec l’âge","Blanche, élastique",De petit pois cru,Douce,"Talus, au bord des chemins, lisières de bois",Août > Novembre,1,0,1,1,1,1,0,0,0,0,0,1,0,0,0,0,0,0,0,0,0,0,0,0,0,0,0,0,0,0,0,0,0,0,0,0,0,0,0,0,0,0,0,0,0,0,0,0,0,0,0,0,0,0,0,0,0,0,0,0,1,0,1,0,1,0,0,0,0,0,0,0,0,0,0,0,0,0,0,0,0,0,0,0,0,0,0,0,0,1,0,0,0,1,0,0,0,0,0,0,0,0,0,0,0,0,0,0,0,0,1,0,0,0,0,0,0,0,0,0,0,0,0,1,0,0,0,0,0,0,0,1.0,10.0,3.0,10.0,0,0,0,0,0,0,0,1,1,1,1,0,0,0,0,0,0,1,0,1,0,0,0,0,0,0,0,0
CLITOCYBE GÉOTROPE,Les bons champignons,"5 à 20 cm, vite en entonnoir avec un mamelon net, à bord longtemps enroulé, blanchâtre, beige-crème à ocre pâle.",,"Décurrentes, crème","5 à 15 cm, épais, ferme, de même couleur que le chapeau, feutré de blanc à la base.",Blanchâtre,"Cyanique, d’amande amère",Douce,"Bois clairs, surtout de feuillus, clairières",Octobre >Décembre,1,0,1,1,1,1,0,0,0,0,0,0,0,0,0,0,1,0,0,0,0,0,0,0,0,0,0,0,0,0,0,0,0,0,0,0,0,0,0,0,0,0,0,0,0,1,0,0,0,0,0,0,0,0,0,0,0,0,0,0,1,0,0,0,1,0,0,0,0,0,0,0,0,0,0,0,0,0,0,0,0,1,0,0,0,0,0,0,0,0,0,0,0,1,0,0,0,0,0,0,0,0,0,0,0,0,0,0,0,0,0,0,0,0,0,0,0,0,0,1,0,0,0,1,0,0,0,0,0,0,0,5.0,20.0,5.0,15.0,0,0,0,0,0,0,0,0,0,1,1,1,1,0,0,0,1,0,0,1,0,0,0,0,0,0,0,0
CLITOCYBE INVERSÉ,Les champignons mediocres,"3 à 10 cm, creusé au centre, lisse et mat, flasque, crème orangé à brun-fauve.",,"Décurrentes, serrées, crème","2 à 7 cm, blanchâtre puis ochracé, feutré de blanc à la base.",Blanche à crème,Faible,Douce,Forêts de feuillus et de conifères,Septembre > Décembre,1,0,1,1,1,1,1,0,0,1,0,0,0,0,0,0,0,0,1,0,0,0,0,0,0,0,0,0,0,0,0,0,0,0,0,0,0,0,0,0,0,0,0,0,0,1,0,0,0,0,0,0,0,0,0,0,0,0,0,0,1,0,1,0,1,0,0,0,0,0,0,0,0,0,0,0,0,0,0,0,0,1,0,0,0,0,0,0,0,0,0,0,0,1,0,0,0,0,0,0,0,0,0,0,0,0,0,0,0,0,0,0,0,0,0,0,0,0,0,0,0,0,0,1,0,0,0,0,0,0,0,3.0,10.0,2.0,7.0,0,0,0,0,0,0,0,0,1,1,1,1,1,1,1,0,0,0,0,0,0,0,0,0,0,0,0,0
CLITOCYBE NÉBULEUX,Champignon à rejeter,"5 à 20 cm, gris à gris-brun, lisse, parfois finement poudré de blanc.",,"Un peu décurrentes, serrées, blanches, crème jaunâtre à grisâtres.","5 à 14 cm, épais, un peu en massue, blanc à gris pâle.","Blanche, épaisse","Forte, désagréable, de poulailler ou farineuse",Douce,Forêts de feuillus et de conifères,Septembre > Décembre,1,0,1,1,1,1,1,0,0,0,0,1,0,0,0,0,0,0,1,0,0,0,0,0,0,0,0,0,0,0,0,0,0,0,0,0,0,0,0,0,0,0,0,0,0,1,0,1,0,0,0,0,0,0,0,0,0,0,0,0,1,0,1,0,1,0,0,0,0,0,1,0,0,0,0,0,0,0,0,0,0,0,0,0,0,0,0,0,1,0,0,0,0,1,0,0,0,0,0,0,0,0,0,0,0,0,0,0,0,0,0,1,0,0,0,0,0,0,1,0,0,0,1,1,0,0,0,0,0,0,0,5.0,20.0,5.0,14.0,0,0,0,0,0,0,0,0,1,1,1,1,1,1,1,0,0,0,0,0,0,0,0,0,0,0,0,0
CLITOCYBE ODORANT,Les bons champignons,"3 à 9 cm, mat, vert d’eau à vert-de-gris, se décolorant avec l’âge",,"Un peu décurrentes, verdâtres à crème","3 à 7 cm, blanchâtre ou verdâtre à bleuté",Blanchâtre ou verdâtre à bleutée,"Forte, d’anis","Douce, fortement anisée",Surtout les forêts de feuillus,Septembre > Novembre,1,0,1,1,1,0,0,0,0,0,0,1,0,1,0,0,0,0,0,0,0,0,0,0,0,0,0,0,0,0,0,0,0,0,0,0,0,0,0,0,0,0,0,0,0,1,0,0,0,0,0,0,0,0,0,0,0,0,0,0,1,0,0,0,1,0,0,0,0,0,0,0,1,0,0,0,0,0,0,0,0,0,0,0,0,0,0,0,0,0,0,0,0,1,0,0,0,0,0,0,0,1,0,0,0,0,0,0,0,0,0,0,0,0,1,0,0,0,0,0,0,0,0,1,0,0,0,0,0,0,0,3.0,9.0,3.0,7.0,0,0,0,0,0,0,0,0,1,1,1,0,1,0,1,0,0,0,0,0,0,0,0,0,0,0,0,0
COLLYBIE À LAMES LARGES,Champignon à rejeter,"2 à 15 cm, brun-beige à gris-brun, à nettes et fines rayures radiales.",,"Échancrées, blanchâtres, larges et espacées, molles","4 à 12 cm, blanchâtre à gris-brun pâle. Longs et épais filaments blancs à la base.","Blanche, mince",Faible,Douce,"Sous les feuillus, sur le bois mort ou les souches",Mai > Novembre,1,0,1,1,1,0,1,0,0,0,0,1,0,0,0,0,1,0,0,0,0,0,0,0,0,1,0,0,0,0,0,0,0,0,0,0,0,0,0,0,0,0,0,0,0,0,0,0,0,0,0,0,0,0,0,0,0,0,0,0,0,1,0,1,1,1,0,0,0,0,1,0,0,0,0,0,0,0,0,0,0,0,0,0,0,0,0,0,0,0,0,0,0,1,0,0,0,0,0,0,0,0,0,0,0,0,0,0,0,0,0,0,0,0,0,0,0,0,0,0,0,0,0,1,0,0,0,0,0,0,0,2.0,15.0,4.0,12.0,0,0,0,0,1,1,1,1,1,1,1,0,1,0,0,0,0,0,0,1,0,0,0,0,0,0,0,1
COLLYBIE À PIED VELOUTÉ,Les bons champignons,"1 à 8 cm, jaune orangé à brun-roux orangé, visqueux, à bord plus pâle",,"Adnées, espacées, blanches à crème puis jaunâtres.","2 à 13 cm, velouté, jaune au sommet, brunnoir à la base.",Crème et mince,Faible,Douce,"Sur le bois de feuillus, en touffe",Septembre > Février,1,0,1,1,1,0,1,1,0,1,0,0,0,0,0,0,0,1,0,0,0,1,0,0,0,0,0,0,0,0,0,0,0,0,0,0,0,0,0,0,0,0,0,0,0,1,0,0,0,0,0,0,0,0,0,0,0,0,0,1,0,0,0,1,0,0,1,0,0,0,0,0,0,0,0,0,0,0,0,0,0,1,0,0,0,0,0,0,0,0,0,0,0,1,0,0,0,0,0,0,0,0,0,0,0,0,0,0,0,0,0,0,0,0,0,0,0,0,0,0,0,0,0,1,0,0,0,0,0,0,0,1.0,8.0,2.0,13.0,1,1,0,0,0,0,0,0,1,1,1,1,1,0,0,0,0,0,0,1,0,0,0,0,0,0,0,0
COLLYBIE BEURRÉE,Champignon à rejeter,"3 à 8 cm, gras au toucher (beurré !), avec un mamelon plus sombre au centre, brun beige à brun-noir, pâlissant pour devenir beige pâle en séchant",,"Échancrées, serrées, blanches ou crème","4 à 9 cm, beige à brun-roux, en massue et strié de blanc à la base, creux et mou avec l’âge.",Blanchâtre,"Faible, de rance",Douce,Forêts de feuillus et de conifères,Juillet > Décembre,1,0,1,1,1,0,1,0,0,0,0,0,1,0,0,0,1,0,0,0,0,0,0,0,0,0,0,0,0,0,0,0,0,0,0,0,0,0,0,0,0,0,0,0,0,1,0,0,0,0,0,0,0,0,0,0,0,0,0,0,0,1,1,0,1,1,0,0,0,0,0,0,0,0,0,1,1,0,0,0,0,0,0,0,1,0,0,0,1,1,0,0,0,1,0,0,0,0,0,0,0,0,0,0,0,0,0,0,0,0,0,0,0,0,0,0,0,0,0,0,0,0,0,1,0,0,0,0,0,0,0,3.0,8.0,4.0,9.0,0,0,0,0,0,0,1,1,1,1,1,1,1,1,1,0,0,0,0,0,0,0,0,0,0,0,0,0
COLLYBIE DES CHÊNES,Champignon à rejeter,"1 à 6 cm, lisse, roux orangé, pâlissant pour devenir ocre crème en séchant, plus sombre au centre.",,"Échancrées, serrées, blanches ou crème.","2 à 9 cm, fauve orangé à ocre ou blanchâtre, lisse et mince.","Blanche, mince","Faible, agréable",Douce,Surtout les forêts de feuillus,Mai > Octobre,1,0,1,1,1,1,0,0,0,1,0,0,0,0,0,0,1,1,1,0,0,0,0,0,0,0,0,0,0,0,0,0,0,0,0,0,0,0,0,0,0,0,0,0,0,1,0,0,0,0,0,0,0,0,0,0,0,0,0,0,0,1,1,0,1,0,0,0,1,0,0,0,0,0,0,1,0,1,0,0,0,0,0,0,0,0,0,0,0,0,0,0,0,1,0,0,0,0,0,0,0,0,0,0,0,0,0,0,0,0,0,0,0,0,0,0,0,0,0,0,0,0,0,1,0,0,0,0,0,0,0,1.0,6.0,2.0,9.0,0,0,0,0,1,1,1,1,1,1,0,0,1,0,1,0,0,0,0,0,0,0,0,0,0,0,0,0
COLLYBIE GUÊTRÉE,Champignon à rejeter,"2 à 7 cm, jaune à brun-roux, finement ridé, à bord retombant, pâlissant en séchant .",,"Échancrées, espacées, jaunes puis brunâtres.","3 à 8 cm, coriace, jaune à brun-jaune, recouvert à la base de poils jaunes vifs à crème-jaunâtre .",Blanche,"Faible, de vinaigre en froissant le chapeau.","Piquante, poivrée",Surtout forêts de feuillus,Juin > Novembre,1,0,1,1,1,0,1,1,0,0,0,0,0,0,0,0,0,1,0,0,0,0,0,0,0,0,0,0,0,0,0,0,0,0,0,0,0,0,0,0,0,0,0,0,0,0,0,0,0,0,0,0,0,0,0,0,0,0,0,0,0,1,0,1,1,1,1,0,0,0,0,0,0,0,0,0,0,0,0,0,0,0,0,0,0,0,0,0,0,0,0,0,0,1,0,0,0,0,0,0,0,0,0,0,0,0,0,0,0,0,0,0,0,0,0,0,0,0,0,0,0,0,0,0,0,0,1,1,0,0,0,2.0,7.0,3.0,8.0,0,0,0,0,0,1,1,1,1,1,1,0,1,0,1,0,0,0,0,0,0,0,0,0,0,0,0,0
COLLYBIE RADICANTE,Champignon à rejeter,"3 à 15 cm, lisse puis ridé, visqueux, beige jaunâtre à brun foncé.",,"Adnées ou échancrées, espacées, blanches puis crème.","6 à 25 cm, ocre brun et blanc au sommet, renflé et souvent torsadé à la base, prolongé par une longue « racine » profondément enterrée.","Blanche, mince",Faible,Douce,"Sous les feuillus, surtout les hêtres",Juin > Octobre,1,0,1,1,1,0,1,1,0,0,0,0,0,0,0,0,1,0,1,0,0,1,0,0,0,0,0,0,0,0,0,0,0,0,0,0,0,0,0,0,0,0,0,0,0,1,0,0,0,0,0,0,0,0,0,0,0,0,0,1,0,1,0,1,1,1,0,0,0,0,0,0,0,0,0,1,0,0,0,0,0,0,0,0,0,0,0,0,0,0,0,0,0,1,0,0,0,0,0,0,0,0,0,0,0,0,0,0,0,0,0,0,0,0,0,0,0,0,0,0,0,0,0,1,0,0,0,0,0,0,0,3.0,15.0,6.0,25.0,0,0,0,0,0,1,1,1,1,1,0,0,1,0,0,0,0,0,0,0,0,1,0,0,0,0,0,0
COLLYBIE VISQUEUSE,Champignon à rejeter,"2 à 15 cm, blanc pur à crème, très visqueux à gluant, à bord translucide et strié.",,"Adnées, espacées, blanches.","3 à 10 cm, visqueux, blanc, strié au sommet, avec un anneau membraneux blanc puis brunâtre.","Mince, blanchâtre","Faible, Agréable",Douce,"Sur le bois de hêtre mort, souvent en touffe",Août > Novembre,1,0,1,1,1,1,0,0,0,0,0,0,0,0,0,0,0,0,0,0,0,1,0,0,0,1,0,0,0,0,0,0,0,0,0,0,0,0,0,0,0,0,0,0,0,0,0,0,0,0,0,0,0,0,0,0,0,0,0,1,0,0,0,1,1,1,0,0,0,0,0,0,0,0,0,0,0,0,0,0,1,0,0,0,1,1,0,0,0,0,0,0,0,1,0,0,0,0,0,0,0,0,0,0,0,0,0,0,0,0,0,0,0,0,0,0,0,0,0,0,0,0,0,1,0,0,0,0,0,0,0,2.0,15.0,3.0,10.0,0,0,0,0,0,0,0,1,1,1,1,0,0,0,0,0,0,0,0,1,0,1,0,0,0,0,0,1
COPRIN CHEVELU,Les excellents champignons,"5 à 20 cm, cylindrique puis en cloche, blanc puis noircissant à partir du bas, couvert de mèches blanches.",,"Ascendantes et libres, blanches puis roses et enfin noires, très déliquescentes.","5 à 30 cm, blanc, creux et fragile, avec un anneau mince.","Blanche, très déliquescente",Faible,Douce,"Dans les prés, au bord des routes, lisières de bois",Avril > Novembre,1,0,1,1,1,1,0,0,0,0,0,0,1,0,0,0,0,0,0,1,0,0,0,0,0,0,0,0,0,0,0,0,0,0,0,0,0,0,0,0,0,0,0,0,0,0,0,0,0,0,0,0,0,0,0,0,0,0,1,0,0,0,0,0,1,0,0,0,0,0,0,0,0,0,0,0,0,0,0,0,0,0,0,0,0,1,0,0,0,1,0,0,0,1,0,0,0,0,0,0,0,0,0,0,0,0,0,0,0,0,0,0,0,0,0,0,0,0,0,0,0,0,0,1,0,0,0,0,0,0,0,5.0,20.0,5.0,30.0,0,0,0,1,1,1,1,1,1,1,1,0,0,0,0,0,0,1,0,1,0,0,0,0,0,0,0,0
COPRIN DISSÉMINÉ,Champignon à rejeter,"0,5 à 1,5 cm, vite en cloche, beige à ocre roux puis gris, finement velouté et fortement strié.",,"Libres, blanches puis gris-brun à noirâtres.","0,5 à 5 cm, blanchâtre, velouté",Mince,Faible,,"Sur les souches de feuillus, en colonie",Mai > Octobre,1,0,1,1,1,0,0,0,0,0,0,1,0,0,0,0,1,1,0,0,0,0,1,0,0,1,0,0,0,0,0,0,0,0,0,0,0,0,0,0,0,0,0,0,0,0,1,0,0,0,0,1,0,0,0,0,0,0,1,0,0,0,0,0,1,0,0,0,0,0,0,0,0,0,0,0,0,0,0,0,0,1,0,0,0,0,0,0,0,0,0,0,0,0,0,0,0,0,0,0,0,0,0,0,0,0,0,0,0,0,0,0,0,0,0,0,0,0,0,0,0,0,0,0,0,0,0,0,0,0,0,0.5,1.5,0.5,5.0,0,0,0,0,1,1,1,1,1,1,0,0,1,0,0,0,0,0,0,0,0,0,0,0,0,0,0,0
COPRIN MICACÉ,Champignon à rejeter,"1 à 5 cm, en cloche, sillonné, brun-roux à fauve, plus pâle au bord, saupoudré de fines paillettes brillantes (comme du mica).",,"Ascendantes et libres, blanches puis noires et déliquescentes.","2 à 10 cm, blanchâtre, velouté",Blanche,Faible,Douce,Sur les souches ou le bois mort,Mai > Novembre,1,0,1,1,1,0,1,0,0,1,0,0,0,0,0,0,0,1,0,0,0,0,0,0,0,0,0,0,0,0,0,0,0,0,0,0,0,0,0,0,0,0,0,0,0,0,0,0,0,0,0,0,0,0,0,0,0,0,1,0,0,0,0,0,1,0,0,0,0,0,0,0,0,0,0,0,0,0,0,0,0,1,0,0,0,0,0,0,0,0,0,0,0,1,0,0,0,0,0,0,0,0,0,0,0,0,0,0,0,0,0,0,0,0,0,0,0,0,0,0,0,0,0,1,0,0,0,0,0,0,0,1.0,5.0,2.0,10.0,0,0,0,0,1,1,1,1,1,1,1,0,0,0,0,0,0,0,0,1,0,0,0,0,0,0,0,1
COPRIN NOIR D’ENCRE,Les champignons toxiques,"2 à 8 cm, en œuf puis conique, gris argenté à gris-brun, aspect givré, à bord irrégulier et relevé à maturité.",,"Ascendantes et libres, blanches puis grisâtres et enfin noir d’encre, très déliquescentes.","3 à 15 cm, blanc puis taché de noir","Blanche, très déliquescente",Faible,Douce,"Pelouses, au bord des chemins, lisières de bois",Avril > Novembre,1,0,1,1,1,0,1,0,0,0,0,1,0,0,0,0,0,0,0,0,0,0,0,0,0,0,0,0,0,0,0,0,0,0,0,0,0,0,0,0,0,0,0,0,0,0,0,0,0,0,0,0,1,0,0,0,0,0,1,0,0,0,0,0,1,0,0,0,0,0,0,1,0,0,0,0,0,0,0,0,0,0,0,0,0,0,0,0,0,0,0,0,0,1,0,0,0,0,0,0,0,0,0,0,0,0,0,0,0,0,0,0,0,0,0,0,0,0,0,0,0,0,0,1,0,0,0,0,0,0,0,2.0,8.0,3.0,15.0,0,0,0,1,1,1,1,1,1,1,1,0,0,0,0,1,0,1,0,1,0,0,0,0,0,0,0,0
COPRIN PIE,Champignon à rejeter,"4 à 12 cm, cylindrique puis conique, d’abord couvert d’un voile blanc se fissurant sur fond beige puis brun à noirâtre.",,"Ascendantes et libres, blanches puis noir d’encre, très déliquescentes.","5 à 30 cm, blanc et floconneux, fragile, renflé à la base.","Blanchâtre, très déliquescente","Désagréable, de bitume",Douce mais désagréable,"Forêts de feuillus, surtout sous les hêtres",Août > Octobre,1,0,1,1,1,1,1,0,0,0,0,0,1,0,0,0,1,0,0,0,0,0,0,0,0,0,0,0,0,0,0,0,0,0,0,0,0,0,0,0,0,0,0,0,0,0,0,0,0,0,0,0,1,0,0,0,0,0,1,0,0,0,0,0,1,0,0,0,0,0,0,0,0,0,0,0,0,0,0,1,0,0,0,0,0,0,0,0,0,0,0,0,0,1,0,0,0,0,0,0,0,0,0,0,0,0,0,0,0,0,0,0,0,0,0,0,0,0,0,0,0,0,1,1,0,0,0,0,0,1,0,4.0,12.0,5.0,30.0,0,0,0,0,0,0,0,1,1,1,0,0,1,0,1,0,0,0,0,0,0,1,0,0,0,0,0,0
CORTINAIRE BLANC-VIOLET,Champignon à rejeter,"3 à 10 cm, aspect soyeux, bleu-violet à violacé pâle, se décolorant par le centre pour devenir ochracé.",,"Échancrées, assez serrées, gris violacé puis ochracées.","5 à 10 cm, de même couleur que le chapeau, en massue à la base.",Blanchâtre à violacée,Faible,Douce,"Forêts de feuillus, surtout sous les bouleaux.",Août > Novembre,1,0,1,1,1,0,0,0,0,0,0,0,0,0,1,1,0,0,0,0,0,0,0,0,0,0,0,0,0,0,0,0,0,0,0,0,0,0,0,0,0,0,0,0,0,0,0,0,0,0,0,1,0,0,0,1,0,0,0,0,0,1,1,0,0,0,0,0,0,0,0,0,0,0,0,0,0,0,0,0,0,0,0,0,0,0,0,0,1,0,0,0,0,1,0,0,0,0,0,0,0,0,0,0,0,0,0,0,0,0,0,0,0,0,0,0,0,0,0,0,0,0,0,1,0,0,0,0,0,0,0,3.0,10.0,5.0,10.0,0,0,0,0,0,0,0,1,1,1,1,0,1,0,1,0,0,0,0,0,0,0,0,1,0,0,0,0
CORTINAIRE CAMPHRÉ,Champignon à rejeter,"3 à 10 cm, lilas pâle à gris-bleu pâle, se colorant d’ochracé à partir du centre.",,"Violettes puis brun-rouille, peu serrées.","4 à 10 cm, cylindrique, blanchâtre à lilas pâle puis jaunissant.","Violacée, puis jaune ochracé","Forte, de corne brûlée",Douce,"Forêts de conifères, surtout en montagne.",Août > Novembre,1,0,1,1,1,0,0,0,0,0,0,1,0,0,1,1,0,0,0,0,0,0,0,0,0,0,0,0,0,0,0,0,0,0,0,0,0,0,0,0,0,0,0,0,0,0,1,0,0,0,0,0,0,0,0,0,0,0,0,0,0,0,1,0,1,0,1,0,0,0,0,0,0,0,1,0,0,0,0,0,0,0,0,0,0,0,0,0,0,0,0,1,0,0,0,1,0,0,0,0,0,0,0,0,0,0,0,0,0,0,0,0,0,0,0,0,0,0,0,0,0,0,0,1,0,0,0,0,0,0,0,3.0,10.0,4.0,10.0,0,0,0,0,0,0,0,1,1,1,1,0,0,1,1,0,0,0,0,0,0,0,0,0,0,0,0,0
CORTINAIRE CANNELLE,Champignon à rejeter,"2 à 4 cm, brun-jaune à brun-rouge, sec et finement feutré, mamelonné, à bord mince et souvent jaune.",,"Échancrées, orange-cannelle","2 à 8 cm, jaune cuivré",Jaune à jaune verdâtre,"Faible, iodée",Douce,Forêts de feuillus et de conifères,Août > Octobre,1,0,1,1,1,0,1,1,1,0,0,0,0,0,0,0,0,0,0,0,0,0,1,0,0,0,0,0,0,0,0,0,0,0,0,0,0,0,0,0,0,0,0,0,0,0,1,0,0,1,0,0,0,0,0,0,0,0,0,0,0,1,0,0,0,0,1,0,1,0,0,0,0,0,0,0,0,0,0,0,0,0,0,0,0,0,0,0,0,0,0,0,0,0,0,1,0,0,0,0,0,1,0,0,0,0,0,0,0,0,0,0,0,0,0,0,1,0,0,0,0,0,0,1,0,0,0,0,0,0,0,2.0,4.0,2.0,8.0,0,0,0,0,0,0,0,1,1,1,0,0,1,1,1,0,0,0,0,0,0,0,0,0,0,0,0,0
CORTINAIRE COULEUR DE ROCOU,Les champignons mortel,"3 à 10 cm, fauve roussâtre à brun-rouille ou brun orangé, sec et feutré.",,"Échancrées, espacées, orangées à brun rouille vif.","4 à 10 cm, lisse, aminci vers la base, jaune roussâtre.","Crème à jaunâtre, ou rouille","Faible, de radis",Douce,Forêts de feuillus,Septembre > Novembre,1,0,1,1,1,0,1,0,0,1,0,0,0,0,0,0,0,1,0,0,0,0,1,0,0,0,0,0,0,0,0,0,0,0,0,0,0,0,0,0,0,0,0,0,0,0,1,0,0,0,0,0,0,0,0,0,0,0,0,0,0,1,0,1,0,0,1,0,0,0,0,0,0,0,0,0,1,1,0,0,0,0,0,0,0,0,0,0,0,0,0,0,0,1,0,1,0,0,0,0,0,0,0,0,0,0,0,0,0,0,0,0,0,0,0,0,0,1,0,0,0,0,0,1,0,0,0,0,0,0,0,3.0,10.0,4.0,10.0,0,0,0,0,0,0,0,0,1,1,1,0,1,0,1,0,0,0,0,0,0,0,0,0,0,0,0,0
CORTINAIRE REMARQUABLE,Les bons champignons,"5 à 20 cm, brun violacé à brun-pourpre, fortement ridé sur le bord, visqueux, avec quelques plaques de voile blanc.",,Blanchâtres puis violacées à brun-rouille.,"5 à 15 cm, en massue à la base, blanchâtre ou violet pâle, strié de brunâtre.",Blanche agréable,"Faible, agréable",Douce,Forêts de feuillus,Septembre > Novembre,1,0,1,1,1,1,1,0,1,0,0,0,0,0,0,1,0,0,0,0,0,1,0,0,0,0,0,0,0,0,0,0,0,0,0,0,0,0,0,0,0,0,0,0,0,0,1,0,0,0,0,0,0,0,0,0,0,0,0,0,0,0,0,0,1,1,0,0,0,0,0,0,0,0,1,0,0,0,0,0,0,0,0,0,1,0,0,0,1,0,0,0,0,1,0,0,0,0,0,0,0,0,0,0,0,0,0,0,0,0,0,0,0,0,0,0,0,0,0,0,0,0,0,1,0,0,0,0,0,0,0,5.0,20.0,5.0,15.0,0,0,0,0,0,0,0,0,1,1,1,0,1,0,1,0,0,0,0,0,0,0,0,0,0,0,0,0
CORTINAIRE SANGUIN,Champignon à rejeter,"2 à 5 cm, rouge sang sombre, plutôt plat",,"Échancrées, rouge sang sombre","3 à 9 cm, cylindrique, rouge sang plus clair que le chapeau ou rouge rosé",Rouge sang à rouge rosé,"Faible, de radis ou de bois de crayon",Douce,"Sous les épicéas, surtout en montagne",Août > Octobre,1,0,1,1,1,0,0,0,1,0,0,0,0,0,0,0,0,0,0,0,0,0,0,0,0,0,0,0,0,0,0,0,0,0,0,0,0,0,0,0,0,0,0,0,0,0,0,0,1,0,0,0,0,0,0,0,0,0,0,0,0,1,0,0,0,0,0,1,0,1,0,0,0,0,0,0,0,0,0,0,0,0,0,0,0,0,0,0,0,0,0,1,0,0,0,0,1,0,1,0,0,0,0,0,0,0,0,0,0,0,0,0,0,0,0,0,0,1,0,0,0,0,0,1,0,0,0,0,0,0,0,2.0,5.0,3.0,9.0,0,0,0,0,0,0,0,1,1,1,0,0,0,0,0,0,0,0,0,0,0,0,0,0,0,0,0,0
CORTINAIRE TRÈS JOLI,Les champignons mortel,"3 à 10 cm, sec, feutré, d’abord conique puis mamelonné, roux orangé à brun roussâtre",,"Échancrées, espacées, orangées à brun rouille vif","5 à 12 cm, légèrement en massue à la base, chiné de jaune roussâtre","Crème à jaunâtre, ou rouille","Faible, de radis",Douce,"Forêts de conifères, surtout les épicéas",Août > Octobre,1,0,1,1,1,0,1,0,0,1,0,0,0,0,0,0,0,1,0,0,0,0,1,0,0,0,0,0,0,0,0,0,0,0,0,0,0,0,0,0,0,0,0,0,0,0,1,0,0,0,0,0,0,0,0,0,0,0,0,0,0,1,0,1,0,0,1,0,0,0,0,0,0,0,0,0,1,0,0,0,0,0,0,0,0,0,0,0,1,0,0,0,0,1,0,1,0,0,0,0,0,0,0,0,0,0,0,0,0,0,0,0,0,0,0,0,0,1,0,0,0,0,0,1,0,0,0,0,0,0,0,3.0,10.0,5.0,12.0,0,0,0,0,0,0,0,1,1,1,0,0,0,1,1,0,0,0,0,0,0,0,0,0,0,0,0,0
CORTINAIRE VARIÉ,Les bons champignons,"3 à 12 cm, ocre jaune à jaune orangé vif, plus sombre au centre, visqueux jeune puis vite sec.",,"Échancrées, serrées, lilas assez vif puis brunâtres.","4 à 10 cm, blanc, un peu en massue à la base.","Blanche, ferme",Faible,Douce,"Forêts de conifères, sous les épicéas",Août > Novembre,1,0,1,1,1,0,0,1,0,1,0,0,0,0,0,0,1,0,0,0,0,1,0,0,0,0,0,0,0,0,0,0,0,0,0,0,0,0,0,0,0,0,0,0,0,0,0,0,0,0,0,0,0,0,0,1,0,0,0,0,0,1,1,0,1,0,0,0,0,0,0,0,0,0,0,0,0,0,0,0,0,0,0,0,0,0,0,0,1,0,0,0,0,1,0,0,0,0,0,0,0,0,0,0,0,0,1,0,0,0,0,0,0,0,0,0,0,0,0,0,0,0,0,1,0,0,0,0,0,0,0,3.0,12.0,4.0,10.0,0,0,0,0,0,0,0,1,1,1,1,0,0,1,1,0,0,0,0,0,0,0,0,0,0,0,0,0
CORTINAIRE VIOLET,Les champignons mediocres,"3 à 15 cm, bleu-violet à violet foncé vif, nettement velouté",,"Adnées à échancrées, d’abord violettes puis brun ochracé","5 à 12 cm, en massue à la base, violet chiné",Violette,"Nette, de crayon à papier ou de thym",Douce,Forêts de feuillus,Août > Octobre,1,0,1,1,1,0,0,0,0,0,0,0,0,0,1,1,0,0,0,0,0,0,1,0,0,0,0,0,0,0,0,0,0,0,0,0,0,0,0,0,0,0,0,0,0,0,1,0,0,0,0,0,0,0,0,0,0,0,0,1,0,1,0,0,0,0,0,0,0,0,0,0,0,0,1,0,0,0,0,0,0,0,0,0,0,0,0,0,1,0,0,0,0,0,0,0,0,0,0,0,0,0,0,1,0,0,0,0,0,0,0,0,0,0,0,0,0,0,0,0,0,0,0,1,0,0,0,0,0,0,0,3.0,15.0,5.0,12.0,0,0,0,0,0,0,0,1,1,1,0,0,1,0,1,0,0,0,0,0,0,0,0,0,0,0,0,0
ENTOLOME EN BOUCLIER,Les bons champignons,"2 à 10 cm, conique puis nettement mamelonné, brun à brun-gris, plus pâle en séchant.",,"Échancrées, assez espacées, blanches ou grises puis roses à maturité.","3 à 12 cm, ferme, blanchâtre à grisâtre ou crème brunâtre.","Blanchâtre à grisâtre, épaisse et ferme.","Forte, farineuse",Farineuse,"Haies de rosacées (aubépines, églantiers, fruitiers…)",Mars > Juin,1,0,1,1,1,0,1,0,0,0,0,1,0,0,0,0,0,0,0,0,0,0,0,0,0,0,0,0,0,0,0,0,0,0,0,0,0,0,0,0,0,0,0,0,0,0,0,0,0,0,0,0,0,0,0,0,0,0,0,0,0,1,0,1,1,1,0,0,0,0,1,0,0,0,0,0,0,0,0,0,0,0,0,0,0,0,0,0,0,0,0,0,0,1,0,0,0,0,0,1,0,0,0,0,0,0,1,0,0,0,0,1,0,0,0,0,0,0,1,0,0,0,0,0,0,0,0,0,0,0,0,2.0,10.0,3.0,12.0,0,0,1,1,1,1,0,0,0,0,0,0,0,0,0,0,0,0,0,0,0,0,0,0,0,0,0,0
ENTOLOME LIVIDE,Les champignons toxiques,"3 à 20 cm, charnu, à l’aspect soyeux, gris clair à crème jaunâtre",,"Adnées à échancrées, plutôt espacées, jaune de beurre puis rosâtres à maturité.","6 à 18 cm, épais et ferme, souvent en massue à la base, blanc puis crème.",Blanche,Farineuse,Farineuse,Forêts de feuillus,Août > Novembre,1,0,1,1,1,1,0,1,0,0,0,1,0,0,0,0,0,0,0,0,0,0,0,0,0,0,0,0,0,0,0,0,0,0,0,0,0,0,0,0,0,0,0,0,0,0,0,1,0,0,0,0,0,0,0,0,0,0,0,1,0,1,0,1,1,0,0,0,0,0,0,0,0,0,0,0,0,0,0,0,0,0,0,0,0,0,0,0,1,0,0,0,0,1,0,0,0,0,0,0,0,0,0,0,0,0,0,0,0,0,0,0,0,0,0,0,0,0,1,0,0,0,0,0,0,0,0,0,0,0,0,3.0,20.0,6.0,18.0,0,0,0,0,0,0,0,1,1,1,1,0,1,0,1,0,0,0,0,0,0,0,0,0,0,0,0,0
FAUSSE-GIROLLE,Champignon à rejeter,"2 à 8 cm, jaune à orangé vif, mat et velouté. Le centre est souvent plus foncé.",,"Décurrentes, serrées et fourchues, jaunes à orangé vif, se détachant facilement du chapeau.","2 à 6 cm, de même couleur que le chapeau","Jaune orangé, molle",Faible,Douce,Forêts de conifères,Septembre > Décembre,1,0,1,1,1,0,0,1,0,1,0,0,0,0,0,0,0,0,0,0,0,0,1,0,0,0,0,0,0,0,0,0,0,0,0,0,0,0,0,0,0,0,0,0,0,0,0,0,0,1,0,0,0,0,0,0,0,0,0,0,1,0,1,0,0,0,0,0,0,0,0,0,0,0,0,0,0,0,0,0,0,0,0,0,0,0,0,0,0,0,0,0,0,0,0,1,0,1,0,0,0,0,0,0,0,0,0,0,1,0,0,0,0,0,0,0,0,0,0,0,0,0,0,1,0,0,0,0,0,0,0,2.0,8.0,2.0,6.0,0,0,0,0,0,0,0,0,1,1,1,1,0,1,1,0,0,0,0,0,0,0,0,0,0,0,0,0
FAUX-CLITOCYBE LUMINEUX,Les champignons toxiques,"4 à 15 cm, vite en entonnoir, lisse et à fines rayures radiales, jaune orangé vif à roux.",,"Décurrentes, serrées, jaunes à jaune orangé.","5 à 15 cm, de même couleur que les lames, fibreux.","Jaune à jaune orangé, ferme",Agréable,Douce,"Sur les souches de feuillus, en touffe",Août > Novembre,1,0,1,1,1,0,0,1,0,1,0,0,0,0,0,0,0,1,1,0,0,0,0,0,0,1,0,0,0,0,0,0,0,0,0,0,0,0,0,0,0,0,0,0,0,0,0,1,0,1,0,0,0,0,0,0,0,0,0,0,1,0,1,0,0,0,0,0,0,0,0,0,0,0,0,0,0,0,0,0,0,0,0,0,0,0,0,0,0,0,0,0,0,0,0,1,0,1,0,0,0,0,0,0,0,0,1,0,0,0,0,0,0,0,0,0,0,0,0,0,0,0,0,1,0,0,0,0,0,0,0,4.0,15.0,5.0,15.0,0,0,0,0,0,0,0,1,1,1,1,0,1,0,0,0,0,0,0,0,0,0,0,0,0,0,0,0
FAUX-HYDNE GÉLATINEUX,Les champignons mediocres,"2 à 6 cm, gélatineux et presque plat, blanc à gris-brun",,,Court / latéral,"Translucide, gélatineuse",Faible,Douce,Bois mort de conifères,Juillet > Décembre,1,0,0,1,1,1,1,0,0,0,0,1,0,0,0,0,0,0,0,0,0,0,0,0,0,0,0,0,0,0,0,0,0,0,0,0,0,0,0,0,0,0,0,0,0,0,0,0,0,0,0,0,0,0,0,0,0,0,0,0,0,0,0,0,0,0,0,0,0,0,0,0,0,0,0,0,0,0,0,0,0,0,0,0,0,0,0,0,0,0,0,0,0,0,0,0,0,0,0,0,0,0,0,0,0,0,0,0,0,0,0,0,0,0,0,0,0,0,0,0,0,0,0,1,0,0,0,0,0,0,0,2.0,6.0,0.0,0.0,0,0,0,0,0,0,1,1,1,1,1,1,0,1,0,0,0,0,0,1,0,0,0,0,0,0,0,1
FLEUR DE TAN,Champignon à rejeter,"Mousse de forme irrégulière (2 à 10 cm), jaune vif, molle, ressemblant à des œufs mimosa.",,,Absent,"Jaune vif et molle, puis plus dure et noire à l’intérieur. Pulvérulente à maturité.",Sans particularité,Sans particularité,Sur les feuilles et le bois mort,Du printemps à l’automne,1,0,0,0,1,0,0,1,0,0,0,0,0,0,0,0,0,0,0,0,0,0,0,0,0,0,0,0,0,0,0,0,0,0,0,0,0,0,0,0,0,0,0,0,0,0,0,0,0,0,0,0,0,0,0,0,0,0,0,0,0,0,0,0,0,0,0,0,0,0,0,0,0,0,0,0,0,0,0,0,0,0,0,0,0,0,0,0,0,0,0,0,0,0,0,1,0,0,0,0,1,0,0,0,0,0,0,0,1,0,0,0,0,0,0,0,0,0,0,0,0,0,0,0,0,0,0,0,0,0,1,2.0,10.0,0.0,0.0,0,0,0,0,0,0,0,0,0,0,0,0,0,0,0,0,0,0,0,1,0,0,0,0,0,0,0,1
GALÈRE MARGINÉE,Les champignons mortel,"1 à 5 cm, lisse, gras au toucher, fauve, brun orangé puis jaune ochracé, à bord plus ou moins strié",,"Adnées, crème puis ochracées","2 à 8 cm, crème à ocre au sommet, plus sombre en bas, avec un petit anneau ocre à brunâtre.",Jaunâtre à ochracée,"Faible, farineuse","Douce, farineuse",Débris et bois mort de conifères,Septembre> Décembre,1,0,1,1,1,0,1,1,0,1,0,0,0,0,0,0,0,0,1,0,0,0,0,0,0,1,0,0,0,0,0,0,0,0,0,0,0,0,0,0,0,0,0,0,0,1,0,0,0,0,0,0,0,0,0,0,0,0,0,1,0,0,0,0,1,1,0,0,0,0,0,0,0,0,0,1,0,0,0,0,0,0,0,0,0,1,0,0,0,0,0,0,0,0,0,1,0,0,0,0,0,0,0,0,0,0,0,0,0,0,0,0,0,0,0,0,0,0,1,0,0,0,0,1,0,0,0,0,0,0,0,1.0,5.0,2.0,8.0,0,0,0,0,0,0,0,0,1,1,1,1,0,1,0,0,0,0,0,1,0,0,0,0,0,0,0,1
GÉASTRE À TROIS COUCHES,Champignon à rejeter,"D’abord en boule, puis s’ouvre en étoile (3 à 10 cm) et se craquelle pour former une couronne autour de la boule centrale (1 à 4 cm). Ouverture au sommet cerclé d’une aréole pour laisser s’échapper les spores.",,,Absent,Blanche puis brune,"Faible, de caoutchouc",Amère,Forêts de feuillus et de conifères,Été et automne,1,0,0,0,1,0,0,0,0,0,0,0,0,0,0,0,0,0,0,0,0,0,0,0,0,0,0,0,0,0,0,0,0,0,0,0,0,0,0,0,0,0,0,0,0,0,0,0,0,0,0,0,0,0,0,0,0,0,0,0,0,0,0,0,0,0,0,0,0,0,0,0,0,0,0,0,0,0,0,0,0,0,0,0,0,0,0,0,0,0,0,0,0,1,1,0,0,0,0,0,0,0,0,0,0,0,0,0,0,0,0,0,0,0,0,0,0,0,0,0,0,0,0,0,1,0,0,0,0,0,0,3.0,10.0,0.0,0.0,0,0,0,0,0,0,0,0,0,0,0,0,1,1,1,0,0,0,0,0,0,0,0,0,0,0,0,0
GÉASTRE SESSILE,Champignon à rejeter,"D’abord en boule, puis s’ouvre en étoile (2 à 6 cm) autour de la boule centrale (1 à 4 cm), les branches s’enroulant vers l’arrière. Ouverture conique au sommet pour laisser s’échapper les spores sous la forme d’une poussière brune.",,,Absent,Blanche puis brune,"Faible, de caoutchouc",Douce,"Sous les feuillus ou les conifères, surtout sur les sols calcaires",Surtout en automne,1,0,0,0,1,0,1,0,0,0,0,0,0,0,0,0,0,0,0,0,0,0,0,0,0,0,0,0,0,0,0,0,0,0,0,0,0,0,0,0,0,0,0,0,0,0,0,0,0,0,0,0,0,0,0,0,0,0,0,0,0,0,0,0,0,0,0,0,0,0,0,0,0,0,0,0,0,0,0,0,0,0,0,0,0,0,0,0,0,0,0,0,0,1,1,0,0,0,0,0,0,0,0,0,0,0,0,0,0,0,0,0,0,0,0,0,0,0,0,0,0,0,0,1,0,0,0,0,0,0,0,2.0,6.0,0.0,0.0,0,0,0,0,0,0,0,0,0,0,0,0,1,1,0,0,0,0,0,0,0,0,0,0,0,0,0,0
GIROLLE,Les excellents champignons,"3 à 10 cm, plat puis en entonnoir, charnu, jaune vif uniforme, à bord ondulé.",,,"2 à 7 cm, charnu, jaune",Blanche ou jaunâtre,"Forte, de mirabelle ou d’abricot",Douce,Forêts de feuillus et de conifères,Juin > Novembre,1,0,0,1,1,0,0,1,0,0,0,0,0,0,0,0,0,0,0,0,0,0,0,0,0,0,0,0,0,0,0,0,0,0,0,0,0,0,0,0,0,0,0,0,0,0,0,0,0,0,0,0,0,0,0,0,0,0,0,0,0,0,0,0,0,0,1,0,0,0,0,0,0,0,0,0,0,0,0,0,0,0,0,0,0,0,0,0,0,0,0,0,0,1,0,1,0,0,0,0,0,0,0,0,0,0,0,0,0,0,0,0,0,0,0,0,0,0,0,0,0,0,0,1,0,0,0,0,0,0,0,3.0,10.0,2.0,7.0,0,0,0,0,0,1,1,1,1,1,1,0,1,1,1,0,0,0,0,0,0,0,0,0,0,0,0,0
GOMPHIDE GLUTINEUX,Les champignons mediocres,"4 à 10 cm, très visqueux, gris-brun, brun chocolat à brun violacé, se tachant de noirâtre.",,"Décurrentes, espacées, blanchâtres puis gris noirâtre.","5 à 11 cm, blanc au sommet, jaune vif à la base, noircissant avec l’âge.","Blanche, jaune vers la base",Faible,Douce,"Forêts de conifères, sous les épicéas",Août > Octobre,1,0,1,1,1,0,1,0,0,0,0,1,1,0,0,1,0,0,0,0,0,1,0,0,0,0,0,0,0,0,0,0,0,0,0,0,0,0,0,0,0,0,0,0,0,0,0,0,0,0,0,1,1,0,0,0,0,0,0,0,1,0,0,1,1,0,1,0,0,0,0,1,0,0,0,0,0,0,0,0,0,0,0,0,0,0,0,0,0,0,0,0,0,1,0,1,0,0,0,0,0,0,0,0,0,0,0,0,0,0,0,0,0,0,0,0,0,0,0,0,0,0,0,1,0,0,0,0,0,0,0,4.0,10.0,5.0,11.0,0,0,0,0,0,0,0,1,1,1,0,0,0,1,1,0,0,0,0,0,0,0,0,0,0,0,0,0
GOMPHIDE ROSE,Champignon à rejeter,"3 à 7 cm, visqueux puis sec, rouge-rose vif à rose pâle, se tachant de noirâtre",,"Décurrentes, espacées, blanchâtres puis gris noirâtre.","2 à 7 cm, blanc au sommet, teinté de jaune et de noir à la base",Blanche,Faible,Douce,"Forêts de conifères, uniquement sous les pins",Août > Octobre,1,0,1,1,1,0,0,0,1,0,1,0,1,0,0,0,0,0,0,0,0,1,0,0,0,0,0,0,0,0,0,0,0,0,0,0,0,0,0,0,0,0,0,0,0,0,0,0,0,0,0,1,1,0,0,0,0,0,0,0,1,0,0,1,1,0,1,0,0,0,0,1,0,0,0,0,0,0,0,0,0,0,0,0,0,0,0,0,0,0,0,0,0,1,0,0,0,0,0,0,0,0,0,0,0,0,0,0,0,0,0,0,0,0,0,0,0,0,0,0,0,0,0,1,0,0,0,0,0,0,0,3.0,7.0,2.0,7.0,0,0,0,0,0,0,0,1,1,1,0,0,0,1,1,0,0,0,0,0,0,0,1,0,0,0,0,0
GOMPHIDE RUTILANT,Champignon à rejeter,"3 à 10 cm, visqueux puis sec, brun-rouge à brun vineux ou cuivré, avec un mamelon central.",,"Décurrentes, espacées, ochracées à rouille, brun-rouge, puis brun noirâtre.","4 à 10 cm, de même couleur que le chapeau, chiné de brun-rouge.",Jaune orangé,Faible,Douce,"Forêts de conifères, surtout sous les pins",Juillet > Novembre,1,0,1,1,1,0,1,0,1,1,0,0,0,0,0,0,0,0,0,0,0,1,0,0,0,0,0,0,0,0,0,0,0,0,0,0,0,0,0,0,0,0,0,0,0,0,1,0,1,0,0,0,1,0,0,0,0,0,0,0,1,0,0,1,0,1,0,1,0,0,0,0,0,0,0,0,0,0,0,0,0,0,0,0,0,0,0,0,0,0,0,0,0,0,0,1,0,1,0,0,0,0,0,0,0,0,0,0,0,0,0,0,0,0,0,0,0,0,0,0,0,0,0,1,0,0,0,0,0,0,0,3.0,10.0,4.0,10.0,0,0,0,0,0,0,1,1,1,1,1,0,0,1,1,0,0,0,0,0,0,0,1,0,0,0,0,0
GUÉPINIE ROUSSE,Les champignons mediocres,"En forme d’oreille, de cornet ou d’entonnoir fendu (3 à 15 cm), orangée à rouge pâle, molle et gélatineuse. Surface lisse et mate, poudrée de blanchâtre sur le dessus.",,,"Très court, plus pâle","Rosâtre, translucide et épaisse, gélatineuse.",Faible,Douce,"En montagne, sur le bois pourri de conifères.",Juillet > Octobre,1,0,0,1,1,1,0,0,1,1,0,0,0,0,0,0,0,0,1,0,0,0,0,0,0,0,0,0,0,0,0,0,0,0,0,0,0,0,0,0,0,0,0,0,0,0,0,0,0,0,0,0,0,0,0,0,0,0,0,0,0,0,0,0,0,0,0,0,0,0,0,0,0,0,0,0,0,0,0,0,0,0,0,0,0,0,0,0,0,0,0,0,0,0,0,0,0,0,1,0,0,0,0,0,0,0,0,0,0,0,0,1,0,0,0,0,0,0,0,0,0,0,0,1,0,0,0,0,0,0,0,3.0,15.0,0.0,0.0,0,0,0,0,0,0,1,1,1,1,0,0,0,1,0,0,0,0,0,1,0,0,0,0,0,0,0,0
GYMNOPILE PÉNÉTRANT,Les champignons toxiques,"1 à 5 cm, lisse, ocre jaune, jaune orangé à roux",,"Échancrées, jaune vif puis rouille","2 à 6 cm, crème à ocre jaune, brunâtre à la base",Crème à ocre,Faible,Amère,Débris et bois mort de conifères,Septembre > Décembre,1,0,1,1,1,0,0,1,0,1,0,0,0,0,0,0,1,1,1,0,0,0,0,0,0,0,0,0,0,0,0,0,0,0,0,0,0,0,0,0,0,0,0,0,0,0,0,1,0,0,0,0,0,0,0,0,0,0,0,0,0,1,0,0,1,1,1,0,0,0,0,0,0,0,0,1,0,0,0,0,0,0,0,0,0,0,0,0,0,0,0,0,0,1,0,0,0,0,0,0,0,0,0,0,1,0,0,0,0,0,0,0,0,0,0,0,0,0,0,0,0,0,0,0,1,0,0,0,0,0,0,1.0,5.0,2.0,6.0,0,0,0,0,0,0,0,0,1,1,1,1,0,1,0,0,0,0,0,1,0,0,0,0,0,0,0,1
GYMNOPILE REMARQUABLE,Les champignons toxiques,"2 à 25 cm, ocre roux à fauve orangé vif, se couvrant de petites écailles avec l’âge",,"Échancrées, serrées, jaune pâle puis rouille","5 à 15 cm, ferme, de même couleur que le chapeau, avec un large anneau coloré de rouille sur le dessus",Jaune à ochracée,"Variable mais agréable, acidulée",Très amère,"Sur le bois de feuillus, en touffe",Août > Octobre,1,0,1,1,1,0,0,0,0,1,0,0,0,0,0,0,1,1,0,0,0,0,0,1,0,0,0,0,0,0,0,0,0,0,0,0,0,0,0,0,0,0,0,0,0,0,0,1,0,0,0,0,0,0,0,0,0,0,0,0,0,1,1,0,0,0,0,0,0,0,0,0,0,0,0,0,0,0,0,0,0,0,0,0,0,1,0,0,0,0,0,0,0,0,0,1,0,0,0,0,0,0,0,0,0,0,0,0,0,0,0,0,0,0,0,0,0,0,0,0,0,0,0,0,1,0,0,0,0,0,0,2.0,25.0,5.0,15.0,0,0,0,0,0,0,0,1,1,1,0,0,1,0,0,0,0,0,0,1,0,0,0,0,0,0,0,0
HÉBÉLOME BELLE-HÉLÈNE,Champignon à rejeter,"4 à 10 cm, visqueux puis mat, beige à brunâtre avec des reflets rosâtres, à bord souvent cannelé",,"Échancrées, serrées, beiges à brunâtres","6 à 15 cm, floconneux au sommet, crème puis brunissant à la base",Blanchâtre à beige,"De cacao, de poire au chocolat (poire Belle-Hélène)",Douce ou amère,"Forêts de conifères, surtout sous les pins",Août > Octobre,1,0,1,1,1,0,1,0,0,0,0,0,0,0,0,0,1,0,0,0,0,1,0,0,0,0,0,0,0,0,0,0,0,0,0,0,0,0,0,0,0,0,0,0,0,0,0,0,0,0,0,0,0,0,0,0,0,0,0,0,0,1,1,0,1,0,0,0,0,0,0,0,0,0,0,0,0,0,0,1,0,0,0,0,0,0,0,0,0,0,0,0,0,1,0,0,0,0,0,0,0,0,0,0,1,0,0,0,0,0,0,0,0,0,0,0,0,0,0,0,0,0,0,1,1,0,0,0,0,0,0,4.0,10.0,6.0,15.0,0,0,0,0,0,0,0,1,1,1,0,0,0,1,1,0,0,0,0,0,0,0,1,0,0,0,0,0
HÉBÉLOME CROÛTE-DE-PAIN,Les champignons toxiques,"4 à 10 cm, charnu, visqueux, lisse, blanchâtre à beige ou ocre pâle, parfois beige roussâtre au centre",,,"3 à 10 cm, blanchâtre, finement floconneux, souvent en massue ou avec un bulbe à la base",,"Forte, de radis",Douce ou un peu amère,Forêts de feuillus et de conifères,Août > Octobre,1,0,0,1,0,1,0,0,0,0,0,0,0,0,0,0,1,1,1,0,0,1,0,0,0,0,0,0,0,0,0,0,0,0,0,0,0,0,0,0,0,0,0,0,0,0,0,0,0,0,0,0,0,0,0,0,0,0,0,0,0,0,0,0,1,0,0,0,0,0,0,0,0,0,0,0,0,0,0,1,0,0,0,0,0,0,0,1,1,0,0,0,0,0,0,0,0,0,0,0,0,0,0,0,0,0,0,0,0,0,0,0,0,0,0,0,0,1,0,0,0,0,0,1,1,0,0,0,0,0,0,4.0,10.0,3.0,10.0,0,0,0,0,0,0,0,1,1,1,0,0,1,1,1,0,0,0,0,0,0,0,0,0,0,0,0,0
HÉBÉLOME RADICANT,Champignon à rejeter,"3 à 10 cm, un peu visqueux puis sec, crème à brunâtre ou brun-ocre, souvent avec petites écailles brunâtres.",,,"5 à 11 cm, crème à brunâtre, longue racine à la base profondément enterrée, avec un anneau brunâtre souvent déchiqueté.",Blanche,"Forte, d’amande amère",Un peu amère,"Forêts de feuillus, surtout sous hêtres",Août > Novembre,1,0,0,1,1,1,1,0,0,0,0,0,0,0,0,0,1,0,0,0,0,1,0,1,0,0,0,0,0,0,0,0,0,0,0,0,0,0,0,0,0,0,0,0,0,0,0,0,0,0,0,0,0,0,0,0,0,0,0,0,0,0,0,0,1,1,0,0,0,0,0,0,0,0,0,0,0,0,0,0,0,0,0,0,0,1,0,0,0,0,0,0,0,1,0,0,0,0,0,0,0,0,0,0,0,0,0,0,0,0,0,0,0,0,0,0,0,0,0,1,0,0,0,0,1,0,0,0,0,0,0,3.0,10.0,5.0,11.0,0,0,0,0,0,0,0,1,1,1,1,0,1,0,1,0,0,0,0,0,0,1,0,0,0,0,0,0
HELVELLE CRÉPUE,Les champignons toxiques,"Irrégulier et lobé, en forme de selle (3 à 6 cm), très fin, blanchâtre à crème sur le dessus, ocre gris en dessous",,,"Blanc, creux, côtelé (3 à 10 cm)","Blanche, élastique",Faible,Douce,"Bois clairs de feuillus, lisières de bois",Juillet > Novembre,1,0,0,1,1,1,0,0,0,0,0,1,0,0,0,0,1,0,0,0,0,0,0,0,0,0,0,0,0,0,0,0,0,0,0,0,0,0,0,0,0,0,0,0,0,0,0,0,0,0,0,0,0,0,0,0,0,0,0,0,0,0,0,0,1,0,0,0,0,0,0,0,0,0,0,0,0,0,0,0,0,0,0,0,0,0,0,0,0,1,0,0,0,1,0,0,0,0,0,0,0,0,0,0,0,0,0,0,0,0,1,0,0,0,0,0,0,0,0,0,0,0,0,1,0,0,0,0,0,0,0,3.0,6.0,3.0,10.0,0,0,0,0,0,0,1,1,1,1,1,0,1,0,0,0,0,1,0,1,0,0,0,0,0,0,0,0
HELVELLE LACUNEUSE,Les champignons toxiques,"Irrégulier et lobé, en forme de selle (3 à 6 cm), gris pâle à gris noirâtre",,,"Gris pâle à gris noirâtre, creux, côtelé à alvéolé (3 à 8 cm)","Grisâtre, fine, cassante",Faible,Douce,"Bois clairs de feuillus, lisières de bois",Juin > Octobre,1,0,0,1,1,0,0,0,0,0,0,1,1,0,0,0,0,0,0,0,0,0,0,0,0,0,0,0,0,0,0,0,0,0,0,0,0,0,0,0,0,0,0,0,0,0,0,0,0,0,0,0,0,0,0,0,0,0,0,0,0,0,0,0,0,0,0,0,0,0,1,1,0,0,0,0,0,0,0,0,0,0,0,0,0,0,0,0,0,1,0,0,0,0,0,0,0,0,0,1,0,0,0,0,0,0,0,0,0,1,0,0,0,0,0,0,0,0,0,0,0,0,0,1,0,0,0,0,0,0,0,3.0,6.0,3.0,8.0,0,0,0,0,0,1,1,1,1,1,0,0,1,0,0,0,0,1,0,1,0,0,0,0,0,0,0,0
HYGROPHORE À ODEUR AGRÉABLE,Champignon à rejeter,"2 à 9 cm, lisse, un peu visqueux, gris perle à gris olive, plus pâle au bord, parfois presque blanc.",,,"3 à 8 cm, blanc, finement floconneux",Blanche,"Nette, de colle blanche ou d’amande amère",Douce,Forêts de conifères,Septembre > Octobre,1,0,0,1,1,1,0,0,0,0,0,1,0,1,0,0,0,0,1,0,0,1,0,0,0,0,0,0,0,0,0,0,0,0,0,0,0,0,0,0,0,0,0,0,0,0,0,0,0,0,0,0,0,0,0,0,0,0,0,0,0,0,0,0,1,0,0,0,0,0,0,0,0,0,0,0,0,0,0,1,0,0,0,0,0,0,0,0,0,0,0,0,0,1,0,0,0,0,0,0,0,0,0,0,0,0,0,0,0,0,0,0,0,0,0,0,0,0,0,1,0,0,0,1,0,0,0,0,0,0,0,2.0,9.0,3.0,8.0,0,0,0,0,0,0,0,0,1,1,0,0,0,1,1,0,0,0,0,0,0,0,0,0,0,0,0,0
HYGROPHORE BLANC DE NEIGE,Les champignons mediocres,"2 à 5 cm, blanc pur, à bord strié, un peu visqueux, parfois mamelonné et ocre crème au centre.",,"Très décurrentes, très espacées, blanches","2 à 6 cm, blanc, parfois rosé à la base",Blanche,Faible,Douce,"Prairies, jardins, pelouses",Octobre > Janvier,1,0,1,1,1,1,0,0,0,0,0,0,0,0,0,0,1,0,0,0,0,1,0,0,0,1,0,0,0,0,0,0,0,0,0,0,0,0,0,0,0,0,0,0,0,0,0,0,0,0,0,0,0,0,0,0,0,0,0,0,1,0,0,1,1,0,0,0,0,1,0,0,0,0,0,0,0,0,0,0,0,0,0,0,0,0,0,0,0,0,0,0,0,1,0,0,0,0,0,0,0,0,0,0,0,0,0,0,0,0,0,0,0,0,0,0,0,0,0,0,0,0,0,1,0,0,0,0,0,0,0,2.0,5.0,2.0,6.0,1,0,0,0,0,0,0,0,0,1,1,1,0,0,0,1,0,0,1,0,0,0,0,0,0,0,0,0
HYGROPHORE BLANC D’IVOIRE,Champignon à rejeter,"2 à 6 cm, très visqueux, lisse, blanc ivoire, au centre un peu plus foncé en vieillissant.",,,"3 à 10 cm, blanc, finement granuleux au sommet, un peu visqueux ou gluant vers la base",,"Agréable, de mandarine ou de Scotch",Douce,"Forêts de feuillus, surtout sous les hêtres",Septembre > Novembre,1,0,0,1,0,1,0,0,0,0,0,0,0,0,0,0,0,0,1,0,0,1,0,0,0,0,0,0,0,0,0,0,0,0,0,0,0,0,0,0,0,0,0,0,0,0,0,0,0,0,0,0,0,0,0,0,0,0,0,0,0,0,0,0,1,0,0,0,0,0,0,0,0,0,0,0,0,0,0,0,1,0,0,0,0,0,0,0,0,0,0,0,0,0,0,0,0,0,0,0,0,0,0,0,0,0,0,0,0,0,0,0,0,0,0,0,0,0,0,0,0,0,0,1,0,0,0,0,0,0,0,2.0,6.0,3.0,10.0,0,0,0,0,0,0,0,0,1,1,1,0,1,0,1,0,0,0,0,0,0,1,0,0,0,0,0,0
HYGROPHORE CONIQUE,Champignon à rejeter,"1 à 4 cm, très conique voire pointu, à bord irrégulier et strié, jaune orangé vif à rouge tomate, noircissant en vieillissant.",,,"3 à 9 cm, jaune à orangé, très noircissant","Jaune, noircissante",Faible,Douce,"Pelouses, prairies, au bord des routes",Septembre > Décembre,1,0,0,1,1,0,0,1,1,1,0,0,1,0,0,0,0,0,0,0,0,0,0,0,0,1,0,0,0,0,0,0,0,0,0,0,0,0,0,0,0,0,0,0,0,0,0,0,0,0,0,0,0,0,0,0,0,0,0,0,0,0,0,0,0,0,1,0,1,0,0,1,0,0,0,0,0,0,0,0,0,0,0,0,0,0,0,0,0,0,0,0,0,0,0,1,0,0,0,0,0,0,0,0,0,0,0,0,0,0,0,0,0,0,0,0,0,0,0,0,0,0,0,1,0,0,0,0,0,0,0,1.0,4.0,3.0,9.0,0,0,0,0,0,0,0,0,1,1,1,1,0,0,0,1,0,0,0,0,0,0,0,0,0,0,0,0
HYGROPHORE DES BOIS,Les bons champignons,"3 à 12 cm, sec, assez charnu, ocre fauve, parfois à reflets rosâtres, au bord plus pâle (crème).",,"Décurrentes, assez espacées, crème","2 à 10 cm, sec, ferme, nettement fibrilleux, en pointe à la base, blanc à crème",Blanche,Farineuse,"Douce, farineuse","Forêts de feuillus, surtout sous les chênes",Septembre > Décembre,1,0,1,1,1,1,0,0,0,1,0,0,0,0,0,0,1,0,0,0,0,0,0,0,0,0,0,0,0,0,0,0,0,0,0,0,0,0,0,0,0,0,0,0,0,1,0,0,0,0,0,0,0,0,0,0,0,0,0,0,1,0,0,1,1,0,0,0,0,0,0,0,0,0,0,0,0,0,0,0,0,0,0,0,0,0,0,0,0,0,0,0,0,1,0,0,0,0,0,0,0,0,0,0,0,0,0,0,0,0,0,0,0,0,0,0,0,0,1,0,0,0,0,1,0,0,0,0,0,0,0,3.0,12.0,2.0,10.0,0,0,0,0,0,0,0,0,1,1,1,1,1,0,1,0,0,0,0,0,1,0,0,0,0,0,0,0
HYGROPHORE DES PRÉS,Les bons champignons,"2 à 7 cm, plat à mamelonné, fauve orangé vif puis orangé ochracé.",,"Décurrentes, assez espacées, blanches puis crème orangé.","4 à 8 cm, de même couleur que les lames",Blanche à crème,Faible,Douce,Prés et prairies non fertilisés,Septembre > Décembre,1,0,1,1,1,0,0,0,0,1,0,0,0,0,0,0,0,0,0,0,0,0,0,0,0,0,0,0,0,0,0,0,0,0,0,0,0,0,0,0,0,0,0,0,0,1,0,0,0,1,0,0,0,0,0,0,0,0,0,0,1,0,0,1,0,0,0,0,0,0,0,0,0,0,0,0,0,0,0,0,0,0,0,0,0,0,0,0,0,0,0,0,0,1,0,0,0,0,0,0,0,0,0,0,0,0,0,0,0,0,0,0,0,0,0,0,0,0,0,0,0,0,0,1,0,0,0,0,0,0,0,2.0,7.0,4.0,8.0,0,0,0,0,0,0,0,0,1,1,1,1,0,0,0,1,0,0,0,0,0,0,0,0,0,0,0,0
HYGROPHORE LIMACE,Les champignons mediocres,"3 à 12 cm, très visqueux, brun olivâtre à gris-brun, à centre plus foncé.",,,"6 à 12 cm, blanc, épais et ventru, visqueux, d’aspect floconneux, avec zones visqueuses brun-olivâtre.",Blanche,Faible,Douce,"Forêts de conifères, surtout sous pins",Septembre > Décembre,1,0,0,1,1,0,1,0,0,0,0,1,0,1,0,0,0,0,0,0,0,1,0,0,0,0,0,0,0,0,0,0,0,0,0,0,0,0,0,0,0,0,0,0,0,0,0,0,0,0,0,0,0,0,0,0,0,0,0,0,0,0,0,0,1,1,0,0,0,0,0,0,1,0,0,0,0,0,0,1,1,0,0,0,0,0,0,0,0,0,0,0,0,1,0,0,0,0,0,0,0,0,0,0,0,0,0,0,0,0,0,0,0,0,0,0,0,0,0,0,0,0,0,1,0,0,0,0,0,0,0,3.0,12.0,6.0,12.0,0,0,0,0,0,0,0,0,1,1,1,1,0,1,1,0,0,0,0,0,0,0,1,0,0,0,0,0
HYGROPHORE RUSSULE,Les champignons mediocres,"4 à 18 cm, blanc à crème puis entièrement taché de rose vineux",,,"4 à 13 cm, blanc à crème puis taché de rose vineux",Blanche puis teintée de rosâtre.,Agréable,Douce ou un peu amère,"Forêts de feuillus, surtout dans le Sud de la France",Septembre > Décembre,1,0,0,1,1,1,0,0,1,0,1,0,0,0,0,0,0,0,0,0,0,0,0,0,0,0,0,0,0,0,0,0,0,0,0,0,0,0,0,0,0,0,0,0,0,0,0,0,0,0,0,0,0,0,0,0,0,0,0,0,0,0,0,0,1,0,0,1,0,1,0,0,0,0,0,0,0,0,0,0,0,0,0,0,0,0,0,0,0,0,0,0,0,1,0,0,0,0,1,0,0,0,0,0,0,0,0,0,0,0,0,0,0,0,0,0,0,0,0,0,0,0,0,1,1,0,0,0,0,0,0,4.0,18.0,4.0,13.0,0,0,0,0,0,0,0,0,1,1,1,1,1,0,1,0,0,0,0,0,0,0,0,0,0,0,0,0
HYPHOLOME COULEUR DE BRIQUE,Champignon à rejeter,"1 à 10 cm, rouge brique, jaune pâle à ochracé au bord, avec des flocons ou des restes de voile jaunâtre sur le bord",,"Adnées ou échancrées, serrées, crème grisâtre puis gris-brun olive avec des teintes violacées","4 à 12 cm, crème jaunâtre au sommet, brun-roux vers la base",Crème à jaunâtre,Faible,Un peu amère,"Sur les souches de feuillus, en touffe",Août > Novembre,1,0,1,1,1,0,0,1,1,0,0,0,0,0,0,0,0,0,0,0,1,0,0,0,0,0,0,0,0,0,0,0,0,0,0,0,0,0,0,0,0,0,0,0,0,1,1,0,0,0,0,1,0,1,0,0,0,0,0,1,0,1,1,0,1,1,1,0,0,0,0,0,0,0,0,0,1,0,0,0,0,0,0,0,0,0,0,0,0,0,0,0,0,1,0,1,0,0,0,0,0,0,0,0,0,0,0,0,0,0,0,0,0,0,0,0,0,0,0,0,0,0,0,0,1,0,0,0,0,0,0,1.0,10.0,4.0,12.0,0,0,0,0,0,0,0,1,1,1,1,0,1,0,0,0,0,0,0,0,0,0,0,0,0,0,0,0
HYPHOLOME EN TOUFFE,Les champignons toxiques,"1,5 à 7cm, lisse, roux ochracé puis jaune soufre à verdâtre, au centre plus foncé.",,"Adnées à échancrées, serrées, jaunes puis verdâtres à olivâtres.","4 à 10 cm, crème à jaune, teinté de roussâtre vers la base.",Jaune,Faible,Très amère,"Sur les souches de feuillus, en touffe",Septembre > Décembre,1,0,1,1,1,0,0,1,0,0,0,0,0,1,0,0,0,1,1,0,0,0,0,0,0,0,0,0,0,0,0,0,0,0,0,0,0,0,0,0,0,0,0,0,0,0,0,0,0,0,0,0,0,0,0,0,0,0,0,1,0,1,1,0,1,0,1,0,0,0,0,0,0,0,0,0,1,0,0,0,0,0,0,0,0,0,0,0,0,0,0,0,0,0,0,1,0,0,0,0,0,0,0,0,0,0,0,0,0,0,0,0,0,0,0,0,0,0,0,0,0,0,0,0,1,0,0,0,0,0,0,1.5,7.0,4.0,10.0,0,0,0,0,0,0,0,0,1,1,1,1,1,0,0,0,0,0,0,0,0,0,0,0,0,0,0,0
INOCYBE À LAMES TERREUSES,Les champignons toxiques,"0,5 à 4 cm, lisse, soyeux, finement strié au bord à maturité, blanc à crème ochracé, avec un mamelon net",,"Échancrées, blanchâtres puis gris terreux","2 à 6 cm, blanc, finement poudré au sommet.",Blanche,"Forte, spermatique",Douce,"Forêts de feuillus et de conifères, au bord des chemins",Septembre > Novembre,1,0,1,1,1,1,0,0,0,0,0,0,0,0,0,0,0,0,1,0,0,0,0,0,0,1,0,0,0,0,0,0,0,0,0,0,0,0,0,0,0,0,0,0,0,0,0,0,0,0,0,1,0,0,0,0,0,0,0,0,0,1,0,0,1,0,0,0,0,0,0,0,0,0,0,0,0,0,0,0,0,0,0,0,0,0,0,0,0,0,0,0,0,1,0,0,0,0,0,0,0,0,0,0,0,0,0,0,0,0,0,0,0,0,0,0,0,0,0,0,0,0,0,1,0,0,0,0,0,0,0,0.5,4.0,2.0,6.0,0,0,0,0,0,0,0,0,1,1,1,0,1,1,1,0,0,0,0,0,0,0,0,0,0,0,0,0
INOCYBE DE PATOUILLARD,Les champignons mortel,"2 à 10 cm, conique, finement strié (fibrilleux), blanchâtre puis ocre brun, se tachant de rosâtre ou de rose orangé vif",,"Échancrées, blanchâtres puis brun grisâtre, se tachant de rougeâtre comme le chapeau","2 à 10 cm, blanchâtre, rougissant comme le chapeau.","Blanchâtre, rougissante","Agréable, miellée",Douce,Forêts de feuillus,Avril > Juillet,1,0,1,1,1,1,1,0,0,1,1,0,0,0,0,0,1,0,0,0,0,0,0,0,0,1,0,0,0,0,0,0,0,0,0,0,0,0,0,0,0,0,0,0,0,0,1,0,1,0,0,1,0,0,0,0,0,0,0,0,0,1,0,0,1,0,0,1,0,0,0,0,0,0,0,0,0,0,0,0,0,0,0,0,0,0,0,0,0,0,0,0,0,1,0,0,0,0,0,0,0,0,0,0,0,0,0,0,0,0,0,0,0,0,0,0,0,0,0,0,0,0,0,1,0,0,0,0,0,0,0,2.0,10.0,2.0,10.0,0,0,0,1,1,1,1,0,0,0,0,0,1,0,1,0,0,0,0,0,0,0,0,0,0,0,0,0
INOCYBE FASTIGIÉ,Les champignons toxiques,"4 à 8 cm, conique puis mamelonné, sec, fortement strié voire fissuré, ocre jaune, brun-châtain à brun-fauve.",,"Ascendantes, blanchâtres puis brun jaunâtre à olivâtres","5 à 10 cm, blanchâtre à jaune brunâtre pâle, finement strié","Blanchâtre, mince",Spermatique,Douce,"Forêts de feuillus, surtout sous les chênes",Juin > Octobre,1,0,1,1,1,0,1,1,0,1,0,0,0,0,0,0,1,0,0,0,0,0,0,0,0,1,0,0,0,0,0,0,0,0,0,0,0,0,0,0,0,0,0,0,0,0,1,1,0,0,0,0,0,0,0,0,0,0,0,0,0,0,0,0,1,1,1,0,0,0,0,0,0,0,0,0,0,0,0,0,0,0,0,0,1,0,0,0,0,0,0,0,0,1,0,0,0,0,0,0,0,0,0,0,0,0,0,0,0,0,0,0,0,0,0,0,0,0,0,0,0,0,0,1,0,0,0,0,0,0,0,4.0,8.0,5.0,10.0,0,0,0,0,0,1,1,1,1,1,0,0,1,0,1,0,0,0,0,0,1,0,0,0,0,0,0,0
LACCAIRE AMÉTHYSTE,Les bons champignons,"1 à 7 cm, sec, mat, violet sombre vif à lilas pâle en séchant, souvent un peu creusé au centre",,"Adnées à échancrées, espacées, violettes","4 à 12 cm, creux, de même couleur que le chapeau.","Violacée, mince",Inodore ou très faible,Douce,Forêts de feuillus et de conifères,Août > Novembre,1,0,1,1,1,0,0,0,0,0,0,0,0,0,0,1,0,0,0,0,0,0,0,0,0,0,0,0,0,0,0,0,0,0,0,0,0,0,0,0,0,0,0,0,0,0,0,0,0,0,0,0,0,0,0,0,0,0,0,1,0,1,0,1,0,0,0,0,0,0,0,0,0,0,0,0,0,0,0,0,0,0,0,0,0,0,0,0,0,1,0,0,0,0,0,0,0,0,0,0,0,0,0,0,0,0,0,0,0,0,0,0,0,0,0,0,0,0,0,0,0,0,0,1,0,0,0,0,0,0,0,1.0,7.0,4.0,12.0,0,0,0,0,0,0,0,1,1,1,1,0,1,1,1,0,0,0,0,0,0,0,0,0,0,0,0,0
LACCAIRE LAQUÉ,Les bons champignons,"1 à 6 cm, sec, finement granuleux, brun orangé à rose ochracé, plus pâle en séchant.",,"Adnées à échancrées, espacées, roses à beige rosâtre.","2 à 12 cm, coriace, strié, de même couleur que le chapeau.","Rosâtre, mince",Faible,Douce,Forêts de feuillus et de conifères,Août > Novembre,1,0,1,1,1,0,1,0,0,1,1,0,0,0,0,0,0,0,0,0,0,0,0,0,0,0,0,0,0,0,0,0,0,0,0,0,0,0,0,0,0,0,0,0,0,0,0,0,0,0,1,0,0,0,0,0,1,0,0,1,0,1,0,1,0,0,0,0,0,0,0,0,0,0,0,0,0,0,0,0,0,0,0,0,1,0,0,0,0,0,0,0,0,0,0,0,0,0,1,0,0,0,0,0,0,0,0,0,0,0,0,0,0,0,0,0,0,0,0,0,0,0,0,1,0,0,0,0,0,0,0,1.0,6.0,2.0,12.0,0,0,0,0,0,0,0,1,1,1,1,0,1,1,1,0,0,0,0,0,0,0,0,0,0,0,0,0
LACTAIRE À LAIT ABONDANT,Les bons champignons,"5 à 15 cm, brun orangé vif à brun-roux, plus sombre au centre, mat, velouté, lisse puis craquelé",,"Un peu décurrentes, crème à ochracées, se tachant de rouille aux blessures.","4 à 10 cm, crème à roussâtre, plus pâle au sommet","Crème, ferme, cassante, brunissant en séchant. Lait blanc très abondant.","Forte, de crustacé, de hareng ou d’artichaut",Douce,Forêts de feuillus et de conifères,Juillet > Novembre,1,0,1,1,1,0,1,0,0,1,0,0,0,0,0,0,0,1,1,0,0,0,1,0,1,0,0,0,0,0,0,0,0,0,0,0,0,0,0,0,0,0,0,0,0,1,0,0,0,0,0,0,0,0,0,0,0,0,0,0,1,0,0,0,1,0,0,0,0,0,0,0,0,0,0,0,1,0,0,0,0,0,0,0,0,0,0,0,0,0,0,0,0,1,0,0,0,0,0,0,0,0,0,0,0,0,1,0,0,1,0,0,0,0,0,0,0,0,0,0,0,0,0,1,0,0,0,0,0,0,0,5.0,15.0,4.0,10.0,0,0,0,0,0,0,1,1,1,1,1,0,1,1,1,0,0,0,0,0,0,0,0,0,0,0,0,0
LACTAIRE À LAIT JAUNE,Champignon à rejeter,"2 à 9 cm, beige rosé à rose saumon, marqué de zones concentriques plus sombres, un peu creusé au centre",,"Un peu décurrentes, blanches à crème, avec des reflets rosés ou saumonés.","2 à 5 cm, blanchâtre à crème orangé pâle",Blanche. Lait blanc abondant devenant rapidement jaune soufre,Fruitée,Désagréable et piquante,"Bois clairs de feuillus, surtout sous les chênes",Juillet > Octobre,1,0,1,1,1,0,0,0,0,0,1,0,0,0,0,0,1,0,0,0,0,0,0,0,0,0,0,0,0,0,0,0,0,0,0,0,0,0,0,0,0,0,0,0,0,1,0,0,0,0,0,0,0,0,0,0,0,0,0,0,1,0,0,0,1,0,0,0,1,0,0,0,0,0,0,0,0,0,0,0,0,0,0,0,0,0,0,0,0,0,0,0,0,1,0,1,0,0,0,0,0,0,0,0,0,0,0,0,0,0,0,0,0,0,0,0,0,0,0,0,0,1,0,0,0,0,1,0,0,1,0,2.0,9.0,2.0,5.0,0,0,0,0,0,0,1,1,1,1,0,0,1,0,0,0,0,0,0,1,1,0,0,0,0,0,0,0
LACTAIRE À ODEUR DE CHICORÉE,Champignon à rejeter,"2 à 6 cm, mat, finement velouté, brun-rouge sombre à brun roussâtre, plus sombre au centre, souvent avec un petit mamelon",,"Adnées à échancrées, serrées, beige rosâtre à brun rougeâtre","2 à 7 cm, brun roussâtre ou un peu plus terne, rouge vineux sombre à la base",Crème rosâtre à rougeâtre. Lait blanchâtre peu abondant.,"Forte, de chicorée","Douce, peu agréable",Forêts de feuillus et de conifères,Juillet > Novembre,1,0,1,1,1,0,1,0,1,0,0,0,0,0,0,0,0,1,0,0,0,0,1,0,0,0,0,0,0,0,0,0,0,0,0,0,0,0,0,0,0,0,0,0,0,0,1,0,1,0,1,0,0,0,0,0,1,0,0,1,0,1,1,0,0,1,0,1,0,0,0,0,0,0,0,0,1,0,0,0,0,0,0,0,0,0,0,0,0,0,0,0,0,1,0,0,1,0,1,0,0,0,0,0,0,0,0,0,0,0,0,0,0,0,0,0,0,0,0,0,0,0,0,1,0,0,0,0,0,0,0,2.0,6.0,2.0,7.0,0,0,0,0,0,0,1,1,1,1,1,0,1,1,1,0,0,0,0,0,0,0,0,0,0,0,0,0
LACTAIRE À TOISON,Champignon à rejeter,"4 à 15 cm, crème rosâtre à rose orangé, marqué de zones concentriques nettes, à bord « barbu-velu » longtemps enroulé, un peu creusé au centre.",,"Un peu décurrentes, crème, avec des reflets saumonés","2 à 10 cm, blanchâtre à crème rosé, souvent avec un cerne plus rose juste sous les lames","Blanche ou rosâtre, cassante. Lait blanc","Fruitée, acidulée",Très piquante,Uniquement sous les bouleaux,Août > Novembre,1,0,1,1,1,1,0,0,0,1,1,0,0,0,0,0,0,0,0,0,0,0,0,0,0,0,0,0,0,0,0,0,0,0,0,0,0,0,0,0,0,0,0,0,0,1,0,0,0,0,0,0,0,0,0,0,0,0,0,0,1,0,0,0,1,0,0,0,0,1,0,0,0,0,0,0,0,0,0,0,0,0,0,0,0,0,0,0,0,0,0,0,0,1,0,0,0,0,1,0,0,0,0,0,0,0,0,0,0,1,0,0,0,0,0,0,0,0,0,0,0,1,0,0,0,0,1,0,0,0,0,4.0,15.0,2.0,10.0,0,0,0,0,0,0,0,1,1,1,1,0,0,0,0,0,0,0,0,0,0,0,0,1,0,0,0,0
LACTAIRE DÉLICIEUX,Les bons champignons,"5 à 15 cm, lisse, un peu visqueux, creusé au centre, saumon à brun orangé, marqué de zones concentriques, verdissant avec l’âge",,"Un peu décurrentes, orangé vif à saumonées, puis maculées de vert","3 à 7 cm, orangé, ponctué de fossettes plus sombres.","Orangée, épaisse, cassante. Lait orange carotte vif peu abondant.",Fruitée,Douce,Uniquement sous les pins,Septembre > Novembre,1,0,1,1,1,0,1,0,0,1,0,0,0,0,0,0,0,0,1,0,0,1,0,0,0,0,0,0,0,0,0,0,0,0,0,0,0,0,0,0,0,0,0,0,0,0,0,0,0,1,0,0,0,1,0,0,0,0,0,0,1,0,0,0,0,0,0,0,1,0,0,0,0,0,0,0,0,0,0,0,0,0,0,0,0,0,0,0,0,0,0,0,0,0,0,0,0,1,0,0,0,0,0,0,0,0,0,0,0,1,0,1,0,0,0,0,0,0,0,0,0,1,0,1,0,0,0,0,0,0,0,5.0,15.0,3.0,7.0,0,0,0,0,0,0,0,0,1,1,1,0,0,0,0,0,0,0,0,0,0,0,1,0,0,0,0,0
LACTAIRE DES ÉPICÉAS,Champignon à rejeter,"6 à 15 cm, lisse, un peu visqueux, creusé au centre, orangé puis vite recouvert de vert, parfois marqué de zones concentriques.",,"Un peu décurrentes, orangé vif à saumonées, puis maculées de vert","3 à 7 cm, orangé, uniforme, souvent cerné de blanc juste sous les lames","Orangée à saumonée, cassante. Lait orange carotte rougeâtre peu abondant.",Fruitée ou de carotte,"Peu agréable, un peu piquante ou amère",Uniquement sous les épicéas,Septembre > Novembre,1,0,1,1,1,0,0,0,0,1,0,0,0,1,0,0,0,0,1,0,0,1,0,0,0,0,0,0,0,0,0,0,0,0,0,0,0,0,0,0,0,0,0,0,0,0,0,0,0,1,0,0,0,1,0,0,0,0,0,0,1,0,0,0,1,0,0,0,1,0,0,0,0,0,0,0,0,0,0,0,0,0,0,0,0,0,0,0,0,0,0,0,0,0,0,0,1,1,0,0,0,0,0,0,0,0,0,0,0,1,0,0,0,0,0,0,0,0,0,0,0,1,0,1,1,0,1,0,0,0,0,6.0,15.0,3.0,7.0,0,0,0,0,0,0,0,0,1,1,1,0,0,0,0,0,0,0,0,0,0,0,0,0,0,0,0,0
LACTAIRE MUQUEUX,Champignon à rejeter,"3 à 10 cm, visqueux, gris-brun olivâtre à gris-vert, souvent taché de zones plus sombres vers le bord",,"Adnées ou un peu décurrentes, blanchâtres ou crème pâle","3 à 8 cm, un peu visqueux, crème teinté de grisâtre ou olivâtre",Blanchâtre. Lait blanc devenant gris olivâtre en séchant,Faible,Piquante,Uniquement sous les hêtres,Juillet > Novembre,1,0,1,1,1,0,1,0,0,0,0,1,0,1,0,0,0,0,0,0,0,1,0,0,0,0,0,0,0,0,0,0,0,0,0,0,0,0,0,0,0,0,0,0,0,1,0,0,0,0,0,0,0,0,0,0,0,0,0,1,1,0,0,0,1,0,0,0,0,0,1,0,1,0,0,0,0,0,0,0,1,0,0,0,0,0,0,0,0,0,0,0,0,1,0,0,0,0,0,1,0,1,0,0,0,0,0,0,0,0,0,0,0,0,0,0,0,0,0,0,0,0,0,0,0,0,1,0,0,0,0,3.0,10.0,3.0,8.0,0,0,0,0,0,0,1,1,1,1,1,0,0,0,0,0,0,0,0,0,0,1,0,0,0,0,0,0
LACTAIRE PLOMBÉ,Les champignons toxiques,"3 à 15 cm, brun olive à brun noirâtre, marqué de zones concentriques, plus clair au bord, creusé au centre, à bord longtemps enroulé.",,"Adnées ou un peu décurrentes, blanchâtres puis crème à reflets verdâtres, tachées de brunâtre aux blessures.","2 à 7 cm, court, trapu, verdâtre, parfois avec quelques fossettes plus sombres",Blanchâtre. Lait blanc devenant vert olivâtre sur les lames en séchant.,Faible,Très piquante,Sous les bouleaux ou les épicéas,Septembre > Novembre,1,0,1,1,1,0,1,0,0,0,0,0,1,1,0,0,0,0,0,0,0,0,0,0,0,0,0,0,0,0,0,0,0,0,0,0,0,0,0,0,0,0,0,0,0,1,1,0,0,0,0,0,0,0,0,0,0,0,0,1,1,0,0,0,0,0,0,0,0,0,0,0,1,0,0,0,0,0,0,0,0,0,0,0,0,0,0,0,0,0,0,0,0,1,0,0,0,0,0,0,0,1,0,0,0,0,0,0,0,0,0,0,0,0,0,0,0,0,0,0,0,0,0,0,0,0,1,0,0,0,0,3.0,15.0,2.0,7.0,0,0,0,0,0,0,0,0,1,1,1,0,0,0,0,0,0,0,0,0,0,0,0,1,0,0,0,0
LACTAIRE POIVRÉ,Champignon à rejeter,"4 à 15 cm, très mat, blanc puis taché de brun-jaune, à bord parfois ridé et longtemps enroulé",,"Décurrentes, très serrées, blanches à crème orangé.","4 à 10 cm, blanc puis taché d’ochracé",Blanchâtre. Lait blanc peu abondant,"Faible, un peu fruitée ou acide",Très piquante,Forêts de feuillus,Juillet > Octobre,1,0,1,1,1,1,1,1,0,0,0,0,0,0,0,0,0,0,0,0,0,0,0,0,0,0,0,0,0,0,0,0,0,0,0,0,0,0,0,0,0,0,0,0,0,1,0,0,0,1,0,0,0,0,0,0,0,0,0,0,1,0,1,0,1,0,0,0,0,0,0,0,0,0,0,0,0,0,0,0,0,0,0,0,0,0,0,0,0,0,0,0,0,1,0,0,0,0,0,0,0,0,0,0,0,0,0,0,0,0,0,0,0,0,0,0,0,0,0,0,0,1,0,0,0,0,1,0,0,0,0,4.0,15.0,4.0,10.0,0,0,0,0,0,0,1,1,1,1,0,0,1,0,1,0,0,0,0,0,0,0,0,0,0,0,0,0
LACTAIRE ROUX,Champignon à rejeter,"3 à 8 cm, feutré, brun-roux vif, plus ou moins sombre, souvent avec un net mamelon",,"Un peu décurrentes, blanches à crème, un peu roussâtres avec l’âge","3 à 10 cm, mat, un peu plus pâle que le chapeau","Fragile, blanche à crème rosâtre. Lait blanc assez abondant",Un peu acide,Très piquante,"Forêts de conifères, plus rare sous feuillus",Juin > Octobre,1,0,1,1,1,0,1,0,0,0,0,0,0,0,0,0,0,1,0,0,0,0,1,0,0,0,0,0,0,0,0,0,0,0,0,0,0,0,0,0,0,0,0,0,0,1,0,0,0,0,0,0,0,0,0,0,0,0,0,0,1,0,0,0,0,0,0,0,0,0,0,0,0,0,0,0,0,0,0,0,0,0,0,0,0,0,0,0,0,0,0,0,0,1,0,0,0,0,1,0,0,0,0,0,0,0,0,0,0,0,0,0,0,0,0,0,0,0,0,0,0,0,0,0,0,0,1,0,0,0,0,3.0,8.0,3.0,10.0,0,0,0,0,0,1,1,1,1,1,0,0,1,1,1,0,0,0,0,0,0,0,0,0,0,0,0,0
LACTAIRE SANGUIN,Les bons champignons,"4 à 10 cm, orangé rosâtre, un peu visqueux, verdissant et creusé au centre.",,"Un peu décurrentes, rose vineux pâle, rouge vineux dans les blessures","2 à 5 cm, beige rosâtre ou rose vineux pâle, blanchâtre au sommet, parfois avec quelques fossettes plus sombres","Épaisse, cassante, vineuse à brun vineux. Lait peu abondant rouge sang à rouge vineux.","Faible, fruitée",Douce,"Uniquement sous les pins, dans le Sud de la France",Août  > Décembre,1,0,1,1,1,0,0,0,0,1,1,0,0,0,0,0,0,0,0,0,0,1,0,0,0,0,0,0,0,0,0,0,0,0,0,0,0,0,0,0,0,0,0,0,0,0,0,0,1,0,1,0,0,0,0,0,0,0,0,0,1,0,0,0,1,0,0,1,0,1,0,0,0,0,0,1,0,0,0,0,0,0,0,0,0,0,0,0,0,0,0,0,0,0,1,0,1,0,0,0,0,0,0,0,0,0,0,0,0,1,0,1,0,0,0,0,0,0,0,0,0,1,0,1,0,0,0,0,0,0,0,4.0,10.0,2.0,5.0,0,0,0,0,0,0,0,1,1,1,1,1,0,0,0,0,0,0,0,0,0,0,1,0,0,0,0,0
LACTAIRE VELOURS,Champignon à rejeter,"2 à 10 cm, brun châtain foncé à brun noirâtre, mat, velouté, souvent mamelonné et ridé autour.",,"Assez décurrentes, blanc puis crème à reflets rosés.","5 à 10 cm, brun velouté comme le chapeau, souvent ridé.","Blanche, lentement rosissante, ferme, lait blanc peu abondant.",Faible,Douce,"Uniquement sous épicéas, en montagne",Août > Octobre,1,0,1,1,1,0,1,0,0,0,0,0,1,0,0,0,0,0,0,0,0,0,1,0,0,0,0,0,0,0,0,0,0,0,0,0,0,0,0,0,0,0,0,0,0,1,0,0,0,0,0,0,0,0,0,0,0,0,0,0,1,0,0,0,0,1,0,0,0,0,0,0,0,0,0,0,0,0,0,0,0,1,0,0,0,0,0,0,0,0,0,0,0,1,0,0,0,0,0,0,0,0,0,0,0,0,1,0,0,0,0,0,0,0,0,0,0,0,0,0,0,0,0,1,0,0,0,0,0,0,0,2.0,10.0,5.0,10.0,0,0,0,0,0,0,0,1,1,1,0,0,0,0,0,0,0,0,0,0,0,0,0,0,0,0,0,0
LACTAIRE VELOUTÉ,Champignon à rejeter,"5 à 30 cm, nettement velouté, vite creusé au centre, blanc puis taché d’ochracé, souvent couvert de débris.",,"Un peu décurrentes, espacées, blanches à crème puis tachées d’ochracé","2 à 7 cm, court, trapu, blanchâtre puis taché d’ochracé.","Épaisse, ferme, blanchâtre. Lait blanc abondant.",Un peu acide,Très piquante,"Forêts de feuillus et de conifères, surtout sous les hêtres et les chênes",Juillet > Novembre,1,0,1,1,1,1,0,0,0,0,0,0,0,0,0,0,0,0,0,0,0,0,1,0,0,0,0,0,0,0,0,0,0,0,0,0,0,0,0,0,0,0,0,0,0,1,0,0,0,0,0,0,0,0,0,0,0,0,0,0,1,0,0,1,1,0,0,0,0,0,0,0,0,0,0,0,0,0,0,0,0,0,0,0,0,0,0,0,0,0,0,0,0,1,0,0,0,0,0,0,0,0,0,0,0,0,1,0,0,0,0,1,0,0,0,0,0,0,0,0,0,0,0,0,0,0,1,0,0,0,0,5.0,30.0,2.0,7.0,0,0,0,0,0,0,1,1,1,1,1,0,1,1,1,0,0,0,0,0,1,1,0,0,0,0,0,0
LANGUE-DE-BŒUF,Les bons champignons,"Ressemblant à une langue (5 à 20 cm), gélatineux, couvert d’aspérités comme des papilles, rouge sombre à saumon, suintant un liquide rougeâtre.","Fins, non soudés, crème à rosâtres",,Absent,"Épaisse, molle, marbrée de rougeâtre (aspect de steak)",Faible,Acidulée,Sur le bois mort ou vivant de chêne et de châtaignier,Août > Novembre,1,1,0,0,1,0,0,0,1,0,0,0,0,0,0,0,0,0,0,0,0,0,0,0,0,0,1,0,0,0,0,0,0,0,0,0,0,0,0,0,0,0,0,0,0,0,0,0,0,0,0,0,0,0,0,0,0,0,0,0,0,0,0,0,0,0,0,0,0,0,0,0,0,0,0,0,0,0,0,0,0,0,0,0,0,0,0,0,0,0,0,0,0,0,0,0,1,0,0,0,0,0,0,0,0,0,0,0,1,0,0,1,0,0,0,0,0,0,0,0,0,0,0,0,0,1,0,0,0,0,0,5.0,20.0,0.0,0.0,0,0,0,0,0,0,0,1,1,1,1,0,0,0,0,0,0,0,0,1,1,0,0,0,1,0,0,1
LÉPIOTE À CRÊTE,Les champignons toxiques,"1 à 7 cm, recouvert de petites écailles brunes, roux orangé à ochracées, sur fond blanchâtre, plus foncées au centre.",,"Libres, serrées, blanches puis crème","3 à 8 cm, blanc à rosé vers la base, avec un anneau blanc ample et très fragile","Mince , blanche","Forte, de caoutchouc, de baudruche",Douce,"Surtout sous les feuillus, lisières de bois ou jardins",Septembre > Novembre,1,0,1,1,1,1,0,0,0,1,0,0,0,0,0,0,0,1,0,0,0,0,0,1,0,0,0,0,0,0,0,0,0,0,0,0,0,0,0,0,0,0,0,0,0,1,0,0,0,0,0,0,0,0,0,0,0,0,1,0,0,0,1,0,1,0,0,0,0,1,0,0,0,0,0,0,0,0,0,0,0,0,0,0,0,1,0,0,0,0,0,0,0,1,0,0,0,0,0,0,0,0,0,0,0,0,0,0,0,0,0,0,0,0,0,0,0,0,0,0,0,0,0,1,0,0,0,0,0,0,0,1.0,7.0,3.0,8.0,0,0,0,0,0,0,0,0,1,1,1,0,1,0,0,0,0,1,1,1,0,0,0,0,0,0,0,0
LÉPIOTE DÉGUENILLÉE,Les bons champignons,"5 à 15 cm, couvert de larges écailles retroussées brun-beige à brun-gris sur fond plus pâle, centre plus foncé.",,"Libres, blanches, rougissantes au toucher","9 à 20 cm, lisse, blanchâtre à crème, rougissant aux blessures, avec un anneau double coulissant et un bulbe à la base.","Blanche, rougissant vivement à la coupe puis brunissant",Faible,Douce,"Bois clairs, lisières de bois, souvent sous les conifères",Septembre > Novembre,1,0,1,1,1,0,1,0,0,0,0,1,0,0,0,0,1,0,0,0,0,0,0,1,0,0,0,0,0,0,0,0,0,0,0,0,0,0,0,0,0,0,0,0,0,0,0,0,0,0,0,0,0,0,0,0,0,0,1,0,0,0,0,0,1,0,0,1,0,0,0,0,0,0,0,0,0,1,0,0,0,0,0,0,0,1,0,1,0,0,0,0,0,1,0,0,1,0,0,0,0,0,0,0,0,0,0,0,0,0,0,0,0,0,0,0,0,0,0,0,0,0,0,1,0,0,0,0,0,0,0,5.0,15.0,9.0,20.0,0,0,0,0,0,0,0,0,1,1,1,0,0,1,0,0,0,1,0,1,0,0,0,0,0,0,0,0
LÉPIOTE ÉLEVÉE,Les excellents champignons,"5 à 25 cm, couvert d’écailles brunes régulières sur fond plus pâle, mamelon brun au centre.",,"Libres, blanches ou crème","10 à 25 cm, nettement chiné de brun sur fond beige-crème, avec un épais anneau double coulissant et un bulbe à la base.","Blanche, tendre","Forte, de beurre fondu, fruitée ou herbacée","Douce, de noisette","Bois clairs de feuillus, lisières de bois, prairies",Septembre > Novembre,1,0,1,1,1,0,1,0,0,0,0,0,0,0,0,0,0,0,0,0,0,0,0,1,0,0,0,0,0,0,0,0,0,0,0,0,0,0,0,0,0,0,0,0,0,1,0,0,0,0,0,0,0,0,0,0,0,0,1,0,0,0,0,0,1,1,0,0,0,0,0,0,0,0,0,1,0,0,0,0,0,0,0,0,0,1,0,1,0,0,0,0,0,1,0,0,0,0,0,0,0,0,0,0,0,0,0,1,0,0,0,0,0,0,0,0,0,0,0,0,0,1,0,1,0,0,0,0,0,0,0,5.0,25.0,10.0,25.0,0,0,0,0,0,0,0,0,1,1,1,0,1,0,0,1,0,1,0,1,0,0,0,0,0,0,0,0
LÉPIOTE EN BOUCLIER,Champignon à rejeter,"3 à 8 cm, couvert de petites écailles floconneuses brunes à ocre sur fond blanchâtre à crème, centre plus foncé.",,"Libres, blanches","5 à 10 cm, blanc, laineux-floconneux, lisse au sommet",Blanche,Faible,Douce,Bois clairs de feuillus,Septembre > Novembre,1,0,1,1,1,1,0,0,0,0,0,0,0,0,0,0,1,0,0,0,0,0,0,1,0,0,0,0,0,0,0,0,0,0,0,0,0,0,0,0,0,0,0,0,0,0,0,0,0,0,0,0,0,0,0,0,0,0,1,0,0,0,0,0,1,0,0,0,0,0,0,0,0,0,0,0,0,1,0,1,0,0,0,0,0,0,0,0,0,0,0,0,0,1,0,0,0,0,0,0,0,0,0,0,0,0,0,0,0,0,0,0,0,0,0,0,0,0,0,0,0,0,0,1,0,0,0,0,0,0,0,3.0,8.0,5.0,10.0,0,0,0,0,0,0,0,0,1,1,1,0,1,0,0,0,0,0,0,1,0,0,0,0,0,0,0,0
LÉPIOTE MAMELONNÉE,Les bons champignons,"6 à 15 cm, mamelon brunâtre bien net, recouvert d’écailles brunes sur fond crème, se détachant parfois en étoile",,"Libres, blanches à crème","5 à 17 cm, blanchâtre à beige-crème, finement chiné, avec un anneau épais coulissant",Blanche,"Nette, de beurre fondu",Douce,"Bois clairs de feuillus, lisières de bois, prairies ou clairières",Septembre > Novembre,1,0,1,1,1,1,1,0,0,0,0,0,0,0,0,0,0,0,0,0,0,0,0,1,0,0,0,0,0,0,0,0,0,0,0,0,0,0,0,0,0,0,0,0,0,1,0,0,0,0,0,0,0,0,0,0,0,0,1,0,0,0,0,0,1,0,0,0,0,0,0,0,0,0,0,1,0,0,0,0,0,0,0,0,0,1,0,0,0,0,0,0,0,1,0,0,0,0,0,0,0,0,0,0,0,0,0,0,0,0,0,0,0,0,0,0,0,0,0,0,0,0,0,1,0,0,0,0,0,0,0,6.0,15.0,5.0,17.0,0,0,0,0,0,0,0,0,1,1,1,0,1,0,0,1,1,1,0,1,0,0,0,0,0,0,0,0
LÉPIOTE PUDIQUE,Les champignons mediocres,"3 à 14 cm, blanc, parfois ochracé au centre avec l’âge, mat, soyeux","Libres, blanches puis crème avec des reflets roses.",,"4 à 12 cm, blanc, avec un anneau coulissant ou facilement détachable, souvent en massue à la base.",Blanche,Faible,Douce,Prairies et pelouses,Septembre > Novembre,1,1,0,1,1,1,0,0,0,0,0,0,0,0,0,0,0,0,0,0,0,0,0,0,0,0,1,0,0,0,0,0,0,0,0,0,0,0,0,1,0,0,0,0,0,0,0,0,0,0,0,0,0,0,0,0,0,0,0,0,0,0,0,0,1,0,0,0,0,0,0,0,0,0,0,0,0,0,0,0,0,0,0,0,0,1,0,0,1,0,0,0,0,1,0,0,0,0,0,0,0,0,0,0,0,0,0,0,0,0,0,0,0,0,0,0,0,0,0,0,0,0,0,1,0,0,0,0,0,0,0,3.0,14.0,4.0,12.0,0,0,0,0,0,0,0,0,1,1,1,0,0,0,0,1,0,0,0,0,0,0,0,0,0,0,0,0
LÉPISTE SORDIDE,Les champignons mediocres,"2 à 12 cm, lilas violacé à gris-brun, parfois taché d’ochracé, grisâtre en séchant",,"Adnées à échancrées, blanchâtres à lilas ou brun-lilas, se détachant facilement du chapeau","3 à 7 cm, de même couleur que le chapeau","Jaunâtre dans le chapeau, rougeâtre-vineux dans le pied, molle","Mince, blanc bleuté",Douce,"Forêts de feuillus et de conifères, parcs, au bord des chemins",Septembre > Décembre,1,0,1,1,1,0,1,0,0,0,0,1,0,0,0,1,0,0,0,0,0,0,0,0,0,0,0,0,0,0,0,0,0,0,0,0,0,0,0,0,0,0,0,0,0,0,1,0,0,0,0,0,0,0,0,1,0,0,0,1,0,1,0,0,0,0,0,0,0,0,0,0,0,0,0,0,0,0,0,0,0,0,0,0,0,0,0,0,0,0,0,0,0,0,0,1,1,0,0,0,0,0,0,0,0,0,0,0,1,0,0,0,0,0,0,0,0,0,0,0,0,0,0,1,0,0,0,0,0,0,0,2.0,12.0,3.0,7.0,0,0,0,0,0,0,0,0,1,1,1,1,1,1,1,0,0,0,1,0,0,0,0,0,0,0,0,0
MARASME DES ORÉADES,Les bons champignons,"2 à 6 cm, brun-roux, crème orangé ou ocre crème pâle, au centre plus foncé et mamelonné, à bord souvent cannelé et ondulé.",,"Échancrées, espacées, blanchâtres à crème ochracé.","4 à 9 cm, crème à roussâtre, fin, très coriace.","Blanche, élastique","Cyanique, d’amande amère",Douce,"Prairies et pelouses, souvent en rond de sorcière",Mai > Novembre,1,0,1,1,1,1,1,0,0,1,0,0,0,0,0,0,1,1,0,0,0,0,0,0,0,0,0,0,0,0,0,0,0,0,0,0,0,0,0,0,0,0,0,0,0,1,0,0,0,0,0,0,0,0,0,0,0,0,0,0,0,1,0,1,1,0,0,0,0,0,0,0,0,0,0,0,1,0,0,0,0,0,0,0,0,0,0,0,0,0,0,0,0,1,0,0,0,0,0,0,0,0,0,0,0,0,0,0,0,0,1,0,0,0,0,0,0,0,0,1,0,0,0,1,0,0,0,0,0,0,0,2.0,6.0,4.0,9.0,0,0,0,0,1,1,1,1,1,1,1,0,0,0,0,1,0,0,0,0,0,0,0,0,0,0,0,0
MEUNIER,Les bons champignons,"2 à 12 cm, vite en entonnoir, blanc puis crème grisâtre, mat et sec, de forme très variable",,"Nettement décurrentes, blanches puis roses","2 à 8 cm, blanc à crème puis taché de rosâtre par les spores","Blanche, fragile et cassante","Forte, de farine fraîche","Forte, de farine fraîche",Forêts de feuillus et de conifères,Septembre > Novembre,1,0,1,1,1,1,0,0,0,0,0,1,0,0,0,0,0,0,0,0,0,0,0,0,0,0,0,0,0,0,0,0,0,0,0,0,0,0,0,0,0,0,0,0,0,0,0,0,0,0,0,0,0,0,0,0,0,0,0,0,1,0,0,0,1,0,0,0,0,1,0,0,0,0,0,0,0,0,0,0,0,0,0,0,0,0,0,0,0,0,0,0,0,1,0,0,0,0,0,0,0,0,0,0,0,0,0,0,0,1,0,0,0,0,0,0,0,0,1,0,0,0,0,0,0,0,0,0,0,0,0,2.0,12.0,2.0,8.0,0,0,0,0,0,0,0,0,1,1,1,0,1,1,1,0,0,0,0,0,0,0,0,0,0,0,0,0
MORILLE BLONDE,Les excellents champignons,"Arrondi (3 à 8 cm), à alvéoles profondes et irrégulières, ocre crème à gris-jaune, creux, à bord soudé au pied",,,"Blanc-crème, creux, souvent ridé à la base (3 à 9 cm)","Crème, mince et fragile","Faible, agréable",Douce,"Bois clairs de feuillus, souvent sous les frênes, aux endroits frais",Mars > Juin,1,0,0,1,1,1,0,1,0,0,0,1,0,0,0,0,1,0,0,0,0,0,0,0,0,0,0,0,0,0,0,0,0,0,0,0,0,0,0,0,0,0,0,0,0,0,0,0,0,0,0,0,0,0,0,0,0,0,0,0,0,0,0,0,1,0,0,0,0,0,0,0,0,0,0,0,0,0,0,0,0,0,0,0,0,0,0,0,0,1,0,0,0,1,0,0,0,0,0,0,0,0,0,0,0,0,0,0,0,0,0,0,0,0,0,0,0,0,0,0,0,0,0,1,0,0,0,0,0,0,0,3.0,8.0,3.0,9.0,0,0,1,1,1,1,0,0,0,0,0,0,1,0,0,0,0,0,0,1,0,0,0,0,0,0,0,0
MORILLE CONIQUE,Les excellents champignons,"Conique ou allongé (3 à 10 cm), à alvéoles profondes et étroites, brun-beige à brun noirâtre, creux, à bord soudé au pied",,,"Blanc-crème, creux, granuleux, souvent sillonné à la base (5 à 12 cm)","Crème, mince et fragile","Faible, agréable",Douce,"Forêts de feuillus et de conifères, souvent sous les frênes, aux endroits frais",Mars > Juin,1,0,0,1,1,0,1,0,0,0,0,0,1,0,0,0,1,0,0,0,0,0,0,0,0,0,0,0,0,0,0,0,0,0,0,0,0,0,0,0,0,0,0,0,0,0,0,0,0,0,0,0,0,0,0,0,0,0,0,0,0,0,0,0,1,0,0,0,0,0,0,0,0,0,0,0,0,0,0,0,0,0,0,0,0,0,0,0,0,1,0,0,0,1,0,0,0,0,0,0,0,0,0,0,0,0,0,0,0,0,0,0,0,0,0,0,0,0,0,0,0,0,0,1,0,0,0,0,0,0,0,3.0,10.0,5.0,12.0,0,0,1,1,1,1,0,0,0,0,0,0,1,1,1,0,0,0,0,0,0,0,0,0,0,0,0,0
MYCÈNE PURE,Les champignons toxiques,"2 à 5 cm, rose lilas à violet grisâtre, pâlissant en séchant, à bord nettement strié, un peu mamelonné.",,"Adnées à échancrées, blanches à gris-rose lilas pâle.","3 à 8 cm, lisse, creux, de même couleur que le chapeau, plus pâle au sommet, légèrement en massue à la base.","Blanchâtre à lilas, mince","Forte, de radis","Douce, de radis",Forêts de feuillus et de conifères,Juillet > Novembre,1,0,1,1,1,0,0,0,0,0,1,1,0,0,0,1,0,0,0,0,0,0,0,0,0,1,0,0,0,0,0,0,0,0,0,0,0,0,0,0,0,0,0,0,0,0,0,0,0,0,1,1,0,0,0,1,0,0,0,1,0,1,0,0,0,0,0,0,0,0,0,0,0,0,0,0,0,1,0,0,0,0,0,0,0,0,0,0,1,1,0,0,0,1,0,0,0,0,0,0,0,0,0,1,0,0,0,0,0,0,0,0,0,0,0,0,0,1,0,0,0,0,0,1,0,0,0,0,0,0,0,2.0,5.0,3.0,8.0,0,0,0,0,0,0,1,1,1,1,1,0,1,1,1,0,0,0,0,0,0,0,0,0,0,0,0,0
MYCÈNE ROSE,Les champignons toxiques,"2 à 6 cm, rose vif à rose vineux, parfois blanchâtre, pâlissant en séchant, à bord nettement strié, un peu mamelonné.",,"Adnées à échancrées, blanches à lilas rosâtre pâle","4 à 10 cm, lisse, creux, blanchâtre à rosé, légèrement en massue à la base","Blanchâtre à rosâtre, assez épaisse","Forte, de radis","Douce, de radis","Forêts de feuillus, surtout sous les hêtres",Septembre > Novembre,1,0,1,1,1,1,0,0,1,0,1,0,0,0,0,0,0,0,0,0,0,0,0,0,0,1,0,0,0,0,0,0,0,0,0,0,0,0,0,0,0,0,0,0,0,0,0,0,0,0,1,0,0,0,0,1,0,0,0,1,0,1,0,0,1,0,0,0,0,1,0,0,0,0,0,0,0,1,0,0,0,0,0,0,0,0,0,0,1,1,0,0,0,1,0,0,0,0,1,0,0,0,0,0,0,0,0,0,0,0,0,1,0,0,0,0,0,1,0,0,0,0,0,1,0,0,0,0,0,0,0,2.0,6.0,4.0,10.0,0,0,0,0,0,0,0,0,1,1,1,0,1,0,1,0,0,0,0,0,0,1,0,0,0,0,0,0
OREILLE-DE-JUDAS,Les champignons mediocres,"D’abord en disque puis en oreille (1 à 10 cm), brun-rouge. Feutrée et pâle sur le dessus, lisse et mate avec de grosses veines en dessous",,,Absent,"Mince, gélatineuse, élastique",Faible,Douce,Sur le bois mort ou vivant de feuillus (surtout le sureau),Toute l’année,1,0,0,0,1,0,1,0,1,0,0,0,0,0,0,0,0,0,1,0,0,0,1,0,0,0,0,0,0,0,0,0,0,0,0,0,0,0,0,0,0,0,0,0,0,0,0,0,0,0,0,0,0,0,0,0,0,0,0,0,0,0,0,0,0,0,0,0,0,0,0,0,0,0,0,0,0,0,0,0,0,0,0,0,0,0,0,0,0,0,0,0,0,0,0,0,0,0,0,0,0,0,0,0,0,0,0,0,0,0,1,0,0,0,0,0,0,0,0,0,0,0,0,1,0,0,0,0,0,0,0,1.0,10.0,0.0,0.0,0,0,0,0,0,0,0,0,0,0,0,0,1,0,0,0,0,0,0,1,0,0,0,0,0,0,0,1
OREILLE-DE-LIÈVRE,Les champignons mediocres,"En cornet, fendu sur le côté (2 à 10 cm); intérieur jaune orangé avec des teintes roses; extérieur velouté, jaune à ocre",,,"Court, feutré de blanc","Mince, cassante, cireuse",Sans particularité,Sans particularité,"Sur le sol, sous les feuillus",Juillet > Novembre,1,0,0,1,1,0,0,1,0,1,0,0,0,0,0,0,1,0,0,0,0,0,1,0,0,0,0,0,0,0,0,0,0,0,0,0,0,0,0,0,0,0,0,0,0,0,0,0,0,0,0,0,0,0,0,0,0,0,0,0,0,0,0,0,1,0,0,0,0,0,0,0,0,0,0,0,0,0,0,0,0,1,0,0,0,0,0,0,0,0,0,0,0,0,0,0,0,0,0,0,0,0,0,0,0,0,0,0,0,1,0,0,0,0,0,0,0,0,0,0,0,0,0,0,0,0,0,0,0,0,1,2.0,10.0,0.0,0.0,0,0,0,0,0,0,1,1,1,1,1,0,1,0,0,0,0,0,0,0,0,0,0,0,0,0,0,0
PAXILLE À PIED NOIR,Champignon à rejeter,"4 à 30 cm, épais, velouté, brun jaunâtre à brun-roux, à bord fortement enroulé",,"Décurrentes, serrées, crème puis ocre jaunâtre et enfin brunâtres en vieillissant, se détachant facilement du chapeau","2 à 15 cm, court, souvent excentré, recouvert d’un velours brun sombre à noirâtre","Molle, blanchâtre, jaunissant à la coupe après 5 minutes, puis brun violacé au bout de 15 minutes",Faible,Amère,Sur le bois mort de conifères,Juillet > Novembre,1,0,1,1,1,0,1,1,0,0,0,0,0,0,0,0,0,1,0,0,0,0,1,0,0,0,0,0,0,0,0,0,0,0,0,0,0,0,0,0,0,0,0,0,0,1,0,1,0,0,0,0,0,0,0,0,1,0,0,0,1,0,1,0,0,1,0,0,0,0,0,1,0,0,0,0,0,0,0,0,0,1,0,0,0,0,0,0,0,0,0,0,0,1,1,1,0,0,0,0,0,0,0,1,0,0,0,0,1,0,0,0,0,0,0,0,0,0,0,0,0,0,0,0,1,0,0,0,0,0,0,4.0,30.0,2.0,15.0,0,0,0,0,0,0,1,1,1,1,1,0,0,1,0,0,0,0,0,1,0,0,0,0,0,0,0,1
PAXILLE ENROULÉ,Les champignons mortel,"4 à 20 cm, vite en entonnoir, velouté, à bord fortement enroulé, brun jaunâtre à olivâtre terne ou brun roussâtre",,"Décurrentes, serrées, jaune ochracé puis brunâtres, tachées de brun rougeâtre aux blessures, se détachant facilement du chapeau","3 à 9 cm, court, trapu, de même couleur aque le chapeau","Crème à ocre, roussissant à la coupe","Agréable, fruitée ou acidulée",Douce,"Surtout sous les bouleaux, les peupliers et les épicéas",Juillet > Novembre,1,0,1,1,1,0,1,1,0,0,0,0,0,1,0,0,0,1,0,0,0,0,1,0,0,0,0,0,0,0,0,0,0,0,0,0,0,0,0,0,0,0,0,0,0,0,1,1,1,0,0,0,0,0,0,0,0,0,0,0,1,0,1,0,0,0,0,0,0,0,0,0,0,0,0,0,0,0,0,0,0,0,0,0,0,0,0,0,0,0,0,0,0,1,0,0,0,0,0,0,0,0,0,0,1,0,0,0,0,0,0,0,0,0,0,0,0,0,0,0,0,1,0,1,0,0,0,0,0,0,0,4.0,20.0,3.0,9.0,0,0,0,0,0,0,1,1,1,1,1,0,0,0,0,0,0,0,0,0,0,0,0,1,0,0,0,0
PÉZIZE ÉCARLATE,Les champignons mediocres,"En coupe (1 à 5 cm); intérieur rouge vif, extérieur blanc rosé finement feutré.",,,Court et blanchâtre,Mince/fragile,Faible,Douce,"Sur le bois de feuillus, surtout de hêtre et d’orme",Hiver et printemps,1,0,0,1,1,1,0,0,1,0,1,0,0,0,0,0,0,0,0,0,0,0,1,0,0,0,0,0,0,0,0,0,0,0,0,0,0,0,0,0,0,0,0,0,0,0,0,0,0,0,0,0,0,0,0,0,0,0,0,0,0,0,0,0,1,0,0,0,0,0,0,0,0,0,0,0,0,0,0,0,0,0,0,0,0,0,0,0,0,0,0,0,0,0,0,0,0,0,0,0,0,0,0,0,0,0,0,0,0,0,0,0,0,0,0,0,0,0,0,0,0,0,0,1,0,0,0,0,0,0,0,1.0,5.0,0.0,0.0,0,0,0,0,0,0,0,0,0,0,0,0,1,0,0,0,0,0,0,1,0,1,0,0,0,0,0,0
PÉZIZE ORANGÉE,Les champignons mediocres,"Coupe orange vif (2 à 10 cm); intérieur lisse, extérieur plus pâle et mat",,,Absent,Mince/cassante,Faible,Douce,"Sur le sol nu, au bord des chemins",Juin > Novembre,1,0,0,0,1,0,0,0,0,1,0,0,0,0,0,0,0,0,1,0,0,0,0,0,0,0,0,0,0,0,0,0,0,0,0,0,0,0,0,0,0,0,0,0,0,0,0,0,0,0,0,0,0,0,0,0,0,0,0,0,0,0,0,0,0,0,0,0,0,0,0,0,0,0,0,0,0,0,0,0,0,0,0,0,0,0,0,0,0,0,0,0,0,0,0,0,0,0,0,0,0,0,0,0,0,0,0,0,0,1,0,0,0,0,0,0,0,0,0,0,0,0,0,1,0,0,0,0,0,0,0,2.0,10.0,0.0,0.0,0,0,0,0,0,1,1,1,1,1,1,0,0,0,0,0,0,0,0,0,0,0,0,0,0,0,0,0
PÉZIZE VEINÉE,Les bons champignons,"En coupe, puis étalée et irrégulière (4 à 20 cm). Intérieur brun, lisse et fortement veiné, extérieur blanchâtre à beige légèrement ridé.",,,"Trapu, court","Blanchâtre, fragile","Forte, d’eau de Javel",Douce,"Sols frais, sous les feuillus",Mars > Mai,1,0,0,1,1,1,1,0,0,0,0,0,0,0,0,0,1,0,1,0,0,0,0,0,0,0,0,0,0,0,0,0,0,0,0,0,0,0,0,0,0,0,0,0,0,0,0,0,0,0,0,0,0,0,0,0,0,0,0,0,0,0,0,0,0,0,0,0,0,0,0,0,0,0,0,0,0,0,0,0,0,0,0,0,0,0,0,0,0,0,0,0,0,1,0,0,0,0,0,0,0,0,0,0,0,0,0,0,0,0,0,0,0,0,0,0,0,0,0,0,0,0,0,1,0,0,0,0,0,0,0,4.0,20.0,0.0,0.0,0,0,1,1,1,0,0,0,0,0,0,0,1,0,0,0,0,0,0,0,0,0,0,0,0,0,0,0
PHOLIOTE CHANGEANTE,Les bons champignons,"2 à 6 cm, lisse, brun-roux à cannelle, pâlissant pour devenir ocre jaune pâle au centre en séchant, avec parfois quelques petits flocons blanchâtres au bord",,"Adnées, crème, puis beiges et enfin brunes","3 à 8 cm, crème au sommet, brun roussâtre à la base, couvert de petites mèches brunes, avec un anneau brunâtre fragile.","Blanche à jaunâtre, mince","Faible, agréable",Douce,"Sur les souches de feuillus ou de conifères, en touffe",Mai > Novembre,1,0,1,1,1,0,1,1,0,0,0,0,0,0,0,0,1,1,1,0,1,0,0,0,0,0,0,0,0,0,0,0,0,0,0,0,0,0,0,0,0,0,0,0,0,1,0,0,0,0,0,0,0,0,0,0,0,0,0,1,0,0,0,0,1,1,0,0,0,0,0,0,0,0,0,0,1,0,1,0,0,0,0,0,0,1,0,0,0,0,0,0,0,1,0,1,0,0,0,0,0,0,0,0,0,0,0,0,0,0,0,0,0,0,0,0,0,0,0,0,0,0,0,1,0,0,0,0,0,0,0,2.0,6.0,3.0,8.0,0,0,0,0,1,1,1,1,1,1,1,0,1,1,0,0,0,0,0,0,0,0,0,0,0,0,0,0
PHOLIOTE DORÉE,Les champignons toxiques,"3 à 25 cm, finement et entièrement poudré, brun orangé vif à ocre brun, ridé en vieillissant",,"Adnées à échancrées, blanches, puis ocre et enfin rouille","4 à 18 cm, couvert d’une « chaussette » ocre finement granuleuse se terminant par un large anneau membraneux",Blanchâtre,Faible,Douce,"Prairies, clairières, bois clairs, surtout en montagne",Août > Novembre,1,0,1,1,1,0,1,0,0,1,0,0,0,0,0,0,1,0,0,0,0,0,0,0,0,0,0,0,0,0,0,0,0,0,0,0,0,0,0,0,0,0,0,0,0,0,0,0,0,0,0,0,0,0,0,0,1,0,0,1,0,1,0,0,0,0,0,0,0,0,0,0,0,0,0,1,0,0,0,0,0,0,0,0,0,1,0,0,0,0,0,0,0,1,0,0,0,0,0,0,0,0,0,0,0,0,0,0,0,0,0,0,0,0,0,0,0,0,0,0,0,0,0,1,0,0,0,0,0,0,0,3.0,25.0,4.0,18.0,0,0,0,0,0,0,0,1,1,1,1,0,0,0,0,1,1,0,0,1,0,0,0,0,0,0,0,0
PHOLIOTE DU PEUPLIER,Les bons champignons,"2 à 10 cm, brun chocolat puis crème à blanchâtre, parfois ridé, vite craquelé.",,"Adnées à légèrement décurrentes, blanchâtres, puis beiges et enfin brunes.","3 à 15 cm, blanc à crème, plus sombre à la base, avec un anneau membraneux bruni par les spores.",Blanche à crème,De lait caillé ou de vieux tonneau à vin,"Douce, de noisette","Sur le bois mort ou vivant, surtout de peuplier et de saule, et dans le Sud de la France",Mai > Octobre,1,0,1,1,1,1,1,0,0,0,0,0,0,0,0,0,0,0,0,0,0,0,0,0,1,0,0,0,0,0,0,0,0,0,0,0,0,0,0,0,0,0,0,0,0,0,0,0,0,0,0,0,0,0,0,0,0,0,0,1,1,0,0,0,1,0,0,0,0,0,0,0,0,0,0,0,0,0,0,0,0,0,0,0,0,1,0,0,0,0,0,0,0,1,0,0,0,0,0,0,0,0,0,0,0,0,0,0,0,0,0,0,0,0,0,0,0,0,0,0,0,0,0,1,0,0,0,0,0,0,0,2.0,10.0,3.0,15.0,0,0,0,0,1,1,1,1,1,1,0,0,0,0,0,0,0,0,0,1,0,0,0,0,0,0,0,1
PHOLIOTE ÉCAILLEUSE,Champignon à rejeter,"4 à 17 cm, jaune pâle à ocre, recouvert d’écailles brunes retroussées.",,"Adnées, ocre puis brun-rouille","5 à 20 cm, couvert d’écailles brunes comme le chapeau, jaune pâle et lisse au-dessus de l’anneau, plus sombre à la base.",Crème à jaune pâle,Faible,Douce,"Sur les souches de feuillus, surtout les arbres fruitiers, en touffe",Septembre > Novembre,1,0,1,1,1,0,0,1,0,0,0,0,0,0,0,0,1,0,0,0,0,0,0,1,0,0,0,0,0,0,0,0,0,0,0,0,0,0,0,0,0,0,0,0,0,0,1,0,0,0,0,0,0,0,0,0,1,0,0,1,0,0,0,0,0,0,1,0,0,0,0,0,0,0,0,0,0,1,0,0,0,0,1,0,0,1,0,0,0,0,0,0,0,1,0,1,0,0,0,0,0,0,0,0,0,0,0,0,0,0,0,0,0,0,0,0,0,0,0,0,0,0,0,1,0,0,0,0,0,0,0,4.0,17.0,5.0,20.0,0,0,0,0,0,0,0,0,1,1,1,0,1,0,0,0,0,0,0,0,0,0,0,0,0,0,0,0
PHOLIOTE RIDÉE,Les bons champignons,"5 à 12 cm, ocre crème, beige coquille à brun ochracé pâle, finement poudré de blanc ou violacé jeune, et ridé avec l’âge.",,"Échancrées, crème puis beige grisâtre, à l’arête crénelée","4 à 10 cm, blanc à crème, avec un anneau blanchâtre fragile",Blanche à crème,Faible,Douce,Forêts de feuillus et de conifères,Août > Novembre,1,0,1,1,1,1,1,0,0,0,0,0,0,0,0,1,1,0,0,0,0,0,0,0,0,0,0,0,0,0,0,0,0,0,0,0,0,0,0,0,0,0,0,0,0,1,0,0,0,0,0,1,0,0,0,0,1,0,0,0,0,1,0,0,1,0,0,0,0,0,0,0,0,0,0,0,0,0,0,0,0,0,0,0,0,1,0,0,0,0,0,0,0,1,0,0,0,0,0,0,0,0,0,0,0,0,0,0,0,0,0,0,0,0,0,0,0,0,0,0,0,0,0,1,0,0,0,0,0,0,0,5.0,12.0,4.0,10.0,0,0,0,0,0,0,0,1,1,1,1,0,1,1,1,0,0,0,0,0,0,0,0,0,0,0,0,0
PIED DE MOUTON,Les bons champignons,"3 à 15 cm, charnu, mat et feutré, à bord longtemps enroulé puis irrégulier, crème à brun clair, parfois orangé.",,,"Blanc à crème, épais (3 à 8 cm)","Ferme, très cassante, blanche à crème","Agréable, fruitée","Douce, puis amère",Forêts de feuillus et de conifères,Septembre > Décembre,1,0,0,1,1,1,1,0,0,1,0,0,0,0,0,0,0,0,0,0,0,0,1,0,0,0,0,0,0,0,0,0,0,0,0,0,0,0,0,0,0,0,0,0,0,0,0,0,0,0,0,0,0,0,0,0,0,0,0,0,0,0,0,0,1,0,0,0,0,0,0,0,0,0,0,0,0,0,0,0,0,0,0,0,0,0,0,0,0,0,0,0,0,1,0,0,0,0,0,0,0,0,0,0,0,0,1,0,0,1,0,0,0,0,0,0,0,0,0,0,0,1,0,1,1,0,0,0,0,0,0,3.0,15.0,3.0,8.0,0,0,0,0,0,0,0,0,1,1,1,1,1,1,1,0,0,0,0,0,0,0,0,0,0,0,0,0
PIED-BLEU,Les excellents champignons,"4 à 15 cm, violet pâle à brun-lilas, taché de brun roussâtre avec l’âge, pâlissant en séchant.",,"Adnées à échancrées, serrées, lilas à bleu-lilas, se détachant facilement du chapeau.","2 à 12 cm, lilas à bleu-lilas, finement poudré de blanchâtre, un peu bulbeux à la base.","Épaisse, blanc bleuté à lilas","Agréable, fruitée ou « de pharmacie »",Douce,"Pelouses, prairies, parcs, parfois en lisière de bois",Septembre > Décembre,1,0,1,1,1,0,1,0,0,0,0,0,0,0,0,1,0,1,0,0,0,0,0,0,0,0,0,0,0,0,0,0,0,0,0,0,0,0,0,0,0,0,0,0,0,0,0,0,0,0,0,0,0,0,1,1,0,0,0,1,0,1,1,0,1,0,0,0,0,0,0,0,0,1,1,0,0,0,0,0,0,0,0,0,0,0,0,1,0,0,0,0,0,1,0,0,0,0,0,0,0,0,0,1,0,0,0,0,0,0,0,1,0,0,0,0,0,0,0,0,0,1,0,1,0,0,0,0,0,0,0,4.0,15.0,2.0,12.0,0,0,0,0,0,0,0,0,1,1,1,1,0,0,0,1,0,1,1,1,0,0,0,0,0,0,0,0
PIED-DE-MOUTON ROUSSISSANT,Les bons champignons,"2 à 6 cm, orangé à roux, bord un peu enroulé .",,,"Crème à ocre, roussissant, assez élancé (2 à 7 cm).","Ferme, très cassante, blanche à crème","Agréable, fruitée","Douce, puis amère",Forêts de feuillus et de conifères,Septembre > Décembre,1,0,0,1,1,0,0,0,0,1,0,0,0,0,0,0,0,1,0,0,0,0,0,0,0,0,0,0,0,0,0,0,0,0,0,0,0,0,0,0,0,0,0,0,0,0,0,0,0,0,0,0,0,0,0,0,0,0,0,0,0,0,0,0,1,0,0,0,0,0,0,0,0,0,0,1,0,0,0,0,0,0,0,0,0,0,0,0,0,0,1,0,0,1,0,0,0,0,0,0,0,0,0,0,0,0,1,0,0,1,0,0,0,0,0,0,0,0,0,0,0,1,0,1,1,0,0,0,0,0,0,2.0,6.0,2.0,7.0,0,0,0,0,0,0,0,0,1,1,1,1,1,1,1,0,0,0,0,0,0,0,0,0,0,0,0,0
PIED-VIOLET,Les bons champignons,"4 à 12 cm, lisse, un peu gras au toucher, brun à brun-gris puis beige à crème en séchant.",,"Adnées à échancrées, serrées, crème puis beige-crème, se détachant facilement du chapeau.","3 à 8 cm, plutôt violet vif, parfois grisâtre, blanchâtre au sommet","Épaisse, blanchâtre","Agréable, fruitée, puis désagréable avec l’âge",Douce,"Pelouses, prairies, parcs, parfois en lisière de bois",Septembre > Décembre,1,0,1,1,1,1,1,0,0,0,0,1,0,0,0,0,1,0,1,0,0,0,0,0,0,0,0,0,0,0,0,0,0,0,0,0,0,0,0,0,0,0,0,0,0,1,0,0,0,0,0,0,0,0,0,0,1,0,0,1,0,1,1,0,1,0,0,0,0,0,1,0,0,0,1,0,0,0,0,0,0,0,0,0,0,0,0,0,0,0,0,0,0,1,0,0,0,0,0,0,0,0,0,0,0,0,0,0,0,0,0,1,0,0,0,0,0,0,0,0,0,1,1,1,0,0,0,0,0,0,0,4.0,12.0,3.0,8.0,0,0,0,0,0,0,0,0,1,1,1,1,0,0,0,1,0,1,1,1,0,0,0,0,0,0,0,0
PLEUROTE CORNE D’ABONDANCE,Les bons champignons,"1 à 15 cm, vite en entonnoir, souvent en éventail, beige-crème à brunâtre, parfois tout blanc",,"Très décurrentes, se prolongeant sur le pied, blanches à crème","2 à 10 cm, blanc à crème, bien développé, excentré, strié par les lames.","Blanchâtre, élastique","Forte, farineuse",Douce,Sur les souches ou le bois mort de feuillus,Avril > Novembre,1,0,1,1,1,1,1,0,0,0,0,0,0,0,0,0,1,0,0,0,0,0,0,0,0,0,0,0,0,0,0,0,0,0,0,0,0,0,0,0,0,0,0,0,0,1,0,0,0,0,0,0,0,0,0,0,0,0,0,0,1,0,0,0,1,0,0,0,0,0,0,0,0,0,0,0,0,0,0,0,0,0,0,0,1,0,0,0,0,0,0,0,0,1,0,0,0,0,0,0,0,0,0,0,0,0,0,0,0,0,1,0,0,0,0,0,0,0,1,0,0,0,0,1,0,0,0,0,0,0,0,1.0,15.0,2.0,10.0,0,0,0,1,1,1,1,1,1,1,1,0,1,0,0,0,0,0,0,1,0,0,0,0,0,0,0,1
PLEUROTE DU PANICAUT,Les bons champignons,"3 à 10 cm, gris à brun-roux ou brun sombre, bord longtemps enroulé, égèrement creusé avec l’âge.",,"Décurrentes, peu serrées, blanches à crème","2 à 6 cm, blanchâtre, bien développé, souvent excentré.",Blanchâtre,"Agréable, de champignon",Douce,"Prés et pelouses, sur des racines de panicaut",Septembre > Décembre,1,0,1,1,1,0,1,0,0,0,0,1,0,0,0,0,0,1,0,0,0,0,0,0,0,0,0,0,0,0,0,0,0,0,0,0,0,0,0,0,0,0,0,0,0,1,0,0,0,0,0,0,0,0,0,0,0,0,0,0,1,0,1,0,1,0,0,0,0,0,0,0,0,0,0,0,0,0,0,0,0,0,0,0,0,0,0,0,0,0,0,0,0,1,0,0,0,0,0,0,0,0,0,0,0,0,0,0,0,0,0,0,0,0,0,0,0,0,0,0,0,0,0,1,0,0,0,0,0,0,0,3.0,10.0,2.0,6.0,0,0,0,0,0,0,0,0,1,1,1,1,0,0,0,1,0,0,0,0,0,0,0,0,0,0,0,0
PLEUROTE EN FORME D’HUÎTRE,Les bons champignons,"2 à 30 cm, souvent en éventail, très variable, brillant à mat, beige à gris bleuté ou gris brunâtre.",,"Décurrentes, blanches à crème","1 à 5 cm, court ou absent, latéral, blanc","Blanche, élastique","Agréable, de champignon",Douce,Sur les souches ou le bois mort de feuillus,Octobre > Mars,1,0,1,0,1,0,1,0,0,0,0,1,0,0,0,0,1,0,0,0,0,0,0,0,0,0,0,0,0,0,0,0,0,0,0,0,0,0,0,0,0,0,0,0,0,1,0,0,0,0,0,0,0,0,0,0,0,0,0,0,1,0,0,0,1,0,0,0,0,0,0,0,0,0,0,0,0,0,0,0,0,0,0,0,0,0,0,0,0,0,0,0,0,1,0,0,0,0,0,0,0,0,0,0,0,0,0,0,0,0,1,0,0,0,0,0,0,0,0,0,0,0,0,1,0,0,0,0,0,0,0,2.0,30.0,1.0,5.0,1,1,1,0,0,0,0,0,0,1,1,1,1,0,0,0,0,0,0,1,0,0,0,0,0,0,0,1
PLUTÉE COULEUR DE CERF,Champignon à rejeter,"3 à 15 cm, lisse, soyeux, brun grisâtre pâle à brun sombre voire brun noirâtre",,"Libres, blanches puis roses","4 à 15 cm, blanchâtre à crème, marqué de fibres brunâtres à la base","Blanchâtre, mince","Forte, de radis",Douce,Sur les souches ou le bois mort de feuillus,Mai > Novembre,1,0,1,1,1,0,1,0,0,0,0,1,1,0,0,0,0,0,1,0,0,0,0,0,0,0,0,0,0,0,0,0,0,0,0,0,0,0,0,0,0,0,0,0,0,0,0,0,0,0,0,0,0,0,0,0,0,0,1,0,0,0,0,0,1,0,0,0,0,0,0,0,0,0,0,0,0,0,0,0,0,0,0,0,0,0,0,0,0,0,0,0,0,1,0,0,0,0,0,0,0,0,0,0,0,0,0,0,0,0,0,0,0,0,0,0,0,1,0,0,0,0,0,1,0,0,0,0,0,0,0,3.0,15.0,4.0,15.0,0,0,0,0,1,1,1,1,1,1,1,0,1,0,0,0,0,0,0,1,0,0,0,0,0,0,0,1
PLUTÉE COULEUR DE LION,Champignon à rejeter,"3 à 7 cm, mat, velouté, jaune d’or vif à ocre jaune, souvent plus sombre au centre.",,"Libres, blanches puis roses, à l’arête bordée de jaune.","3 à 8 cm, blanchâtre à crème, ocre ou jaune vif à la base.",Blanche à jaunâtre,Faible,Douce,Sur les souches ou le bois mort de feuillus,Juin > Octobre,1,0,1,1,1,0,0,1,0,0,0,0,0,0,0,0,1,0,0,0,0,0,1,0,0,0,0,0,0,0,0,0,0,0,0,0,0,0,0,0,0,0,0,0,0,0,0,1,0,0,0,0,0,0,0,0,0,0,1,0,0,0,0,0,1,0,1,0,0,0,0,0,0,0,0,1,0,0,0,0,0,0,0,0,0,0,0,0,0,0,0,0,0,1,0,1,0,0,0,0,0,0,0,0,0,0,0,0,0,0,0,0,0,0,0,0,0,0,0,0,0,0,0,1,0,0,0,0,0,0,0,3.0,7.0,3.0,8.0,0,0,0,0,0,1,1,1,1,1,0,0,1,0,0,0,0,0,0,1,0,0,0,0,0,0,0,1
POLYPORE DES BREBIS,Champignon à rejeter,"4 à 18 cm, blanc-crème puis beige brunâtre, souvent craquelé à maturité","Décurrents, très fins, blancs à crème, jaunissant au toucher.",,"2 à 5 cm, court, ferme, blanc, parfois soudé à d’autres pieds formant une touffe.",Blanche et ferme,Faible,Douce,"Forêts de conifères, surtout sous les épicéas, en montagne",Août > Novembre,1,1,0,1,1,1,1,0,0,0,0,0,0,0,0,0,1,0,0,0,0,0,0,0,1,0,1,0,1,0,0,0,0,0,0,0,0,0,0,0,0,1,0,0,0,0,0,0,0,0,0,0,0,0,0,0,0,0,0,0,0,0,0,0,1,0,0,0,0,0,0,0,0,0,0,0,0,0,0,0,0,0,0,0,0,0,0,0,0,0,0,0,0,1,0,0,0,0,0,0,0,0,0,0,0,0,1,0,0,0,0,0,0,0,0,0,0,0,0,0,0,0,0,1,0,0,0,0,0,0,0,4.0,18.0,2.0,5.0,0,0,0,0,0,0,0,1,1,1,1,0,0,1,1,0,0,0,0,0,0,0,0,0,0,0,0,0
POLYPORE ÉCAILLEUX,Champignon à rejeter,"En éventail (10 à 50 cm), couvert d’écailles brunes sur fond crème à ochracé.","Décurrents, assez larges, anguleux, blancs à crème.",,"3 à 10 cm, bien formé, noirâtre à la base, excentré","Blanchâtre, coriace",Farineuse,Douce,Sur le bois mort ou vivant de feuillus,Avril à juin puis août à novembre,1,1,0,1,1,1,0,0,0,0,0,0,0,0,0,0,0,0,0,0,0,0,0,1,0,0,1,0,0,0,0,0,0,0,0,0,0,0,0,0,0,1,0,0,0,0,0,0,0,0,0,0,0,0,0,0,0,0,0,0,0,0,0,0,0,0,0,0,0,0,0,1,0,0,0,0,0,0,0,0,0,0,0,0,0,0,0,0,0,0,0,0,0,1,0,0,0,0,0,0,0,0,0,0,0,0,0,0,0,0,0,0,0,0,0,0,0,0,1,0,0,0,0,1,0,0,0,0,0,0,0,10.0,50.0,3.0,10.0,0,0,0,0,0,0,0,0,0,0,0,0,1,0,0,0,0,0,0,1,0,0,0,0,0,0,0,1
POLYPORE EN TOUFFE,Les champignons mediocres,"Nombreux chapeaux superposés formant une touffe, en spatule ou en éventail, brun-gris, veloutés, striés.","Décurrents, très fins, blancs puis jaunâtres",,"Tronc commun, court et épais, blanchâtre, d’où partent les rameaux reliés latéralement aux chapeaux",Blanche fibreuse,"Forte, farineuse",Douce,"Sur les souches de feuillus, surtout les chênes",Août > Octobre,1,1,0,1,1,0,1,0,0,0,0,1,0,0,0,0,0,0,0,0,0,0,0,0,0,1,0,0,0,0,0,0,0,0,0,0,0,0,0,0,0,1,0,0,0,0,0,0,0,0,0,0,0,0,0,0,0,0,0,0,0,0,0,0,1,0,0,0,0,0,0,0,0,0,0,0,0,0,0,0,0,0,0,0,0,0,0,0,0,0,0,0,0,1,0,0,0,0,0,0,0,0,0,0,0,0,0,0,0,0,0,0,1,0,0,0,0,0,1,0,0,0,0,1,0,0,0,0,0,0,0,0.0,0.0,0.0,0.0,0,0,0,0,0,0,0,1,1,1,0,0,1,0,0,0,0,0,0,0,1,0,0,0,0,0,0,0
POLYPORE SOUFRÉ,Les champignons mediocres,"Nombreux chapeaux superposés (15 à 60 cm), bosselés, jaune soufre zoné d’orangé vif, pâlissant en séchant.","Très fins, jaune pâle à jaune soufre, crème en séchant.",,Absent,"Blanchâtre à jaunâtre, molle","Agréable, de champignon",Douce,Sur le bois mort ou vivant de chêne et de châtaignier,Mai > Novembre,1,1,0,0,1,0,0,1,0,1,0,0,0,0,0,0,0,0,0,0,0,0,0,0,0,0,1,0,1,0,0,0,0,0,0,0,0,0,0,0,0,0,0,0,0,0,0,0,0,0,0,0,0,0,0,0,0,0,0,0,0,0,0,0,0,0,0,0,0,0,0,0,0,0,0,0,0,0,0,0,0,0,0,0,0,0,0,0,0,0,0,0,0,1,0,1,0,0,0,0,0,0,0,0,0,0,0,0,1,0,0,0,0,0,0,0,0,0,0,0,0,0,0,1,0,0,0,0,0,0,0,15.0,60.0,0.0,0.0,0,0,0,0,1,1,1,1,1,1,1,0,0,0,0,0,0,0,0,1,1,0,0,0,1,0,0,1
PSATHYRELLE HYDROPHILE,Champignon à rejeter,"1 à 5 cm, brun chocolat à brun rougeâtre, puis ocre pâle à crème en séchant, avec des lambeaux de voile blanc sur le bord ou les lames.",,"Adnées à échancrées, crème puis brun chocolat","4 à 10 cm, blanc à ocre, creux, fragile","Ocre crème, mince",Faible,Douce,"Sur les souches de feuillus, en touffe",Juillet > Octobre,1,0,1,1,1,1,1,0,1,0,0,0,0,0,0,0,1,0,0,0,0,0,0,0,0,0,0,0,0,0,0,0,0,0,0,0,0,0,0,0,0,0,0,0,0,1,1,0,0,0,0,0,0,0,0,0,0,0,0,1,0,1,0,0,1,0,0,0,0,0,0,0,0,0,0,1,0,0,0,0,0,0,0,0,0,0,0,0,0,1,0,0,0,1,0,0,0,0,0,0,0,0,0,0,1,0,0,0,0,0,0,0,0,0,0,0,0,0,0,0,0,0,0,1,0,0,0,0,0,0,0,1.0,5.0,4.0,10.0,0,0,0,0,0,0,1,1,1,1,0,0,1,0,0,0,0,0,0,0,0,0,0,0,0,0,0,0
PSILOCYBE LANCÉOLÉ,Les champignons toxiques,"0,6 à 2 cm, très conique, au sommet pointu comme un bonnet de lutin, gris-brun à olivâtre, pâlissant pour devenir ocre crème en séchant, bleuissant au toucher quand il est jeune.",,"Adnées, brun-gris","3 à 12 cm, crème, bleuissant à la base","Crème à ochracée, mince",Faible,Douce,"Prairies et pâturages, parfois sur les bouses, surtout en montagne",Août > Novembre,1,0,1,1,1,1,1,0,0,0,0,1,0,1,1,0,1,0,0,0,0,0,0,0,0,0,0,0,0,0,0,0,0,0,0,0,0,0,0,0,0,0,0,0,0,0,1,0,0,0,0,1,0,0,0,0,0,0,0,1,0,0,0,0,1,0,0,0,0,0,0,0,0,1,0,0,0,0,0,0,0,0,0,0,0,0,0,0,0,0,0,0,0,1,0,0,0,0,0,0,0,0,0,0,0,0,0,0,0,0,0,0,0,0,0,0,0,0,0,0,0,0,0,1,0,0,0,0,0,0,0,0.6,2.0,3.0,12.0,0,0,0,0,0,0,0,1,1,1,1,0,0,0,0,1,0,0,0,0,0,0,0,0,0,0,0,0
ROSÉ-DES-PRÉS,Les excellents champignons,"Globuleux puis plus étalé, 4 à 10 cm, blanc pur puis blanc-gris à maturité.",,"Libres, rose vif puis brun chocolat.","4 à 10 cm, blanc, s’affinant à la base, avec un anneau blanc mince qui disparaît avec l’âge.",Blanche,"Agréable, de champignon",Douce,"Prairies, pâturages et jardins",Août > Novembre,1,0,1,1,1,1,0,0,0,0,0,1,0,0,0,0,0,0,0,0,0,0,0,0,0,0,0,0,0,0,0,0,0,0,0,0,0,0,0,0,0,0,0,0,0,0,1,0,0,0,1,0,0,0,0,0,0,0,1,0,0,0,0,0,1,0,0,0,0,0,0,0,0,0,0,0,0,0,0,0,0,0,0,0,0,1,0,0,0,0,0,0,0,1,0,0,0,0,0,0,0,0,0,0,0,0,0,0,0,0,0,0,0,0,0,0,0,0,0,0,0,0,0,1,0,0,0,0,0,0,0,4.0,10.0,4.0,10.0,0,0,0,0,0,0,0,1,1,1,1,0,0,0,0,1,0,0,1,0,0,0,0,0,0,0,0,0
RUSSULE CAMÉLÉON,Champignon à rejeter,"2 à 5 cm, lisse, mat, à bord souvent ondulé, jaune vif ou ochracé au centre et rose rougeâtre au bord.",,"Adnées, jaune de beurre puis jaune ochracé, assez serrées.","2 à 6 cm, blanc","Blanche, fragile, cassante comme de la craie","Faible, puis fruitée, d’abricot ou de mirabelle",Douce,Surtout les forêts de feuillus,Juin > Novembre,1,0,1,1,1,0,0,1,1,0,1,0,0,0,0,0,0,0,1,0,0,0,0,0,0,0,0,0,0,0,0,0,0,0,0,0,0,0,0,0,0,0,0,0,0,0,0,1,0,0,0,0,0,0,0,0,0,0,0,1,0,0,1,0,1,0,0,0,0,0,0,0,0,0,0,0,0,0,0,0,0,0,0,0,0,0,0,0,0,0,0,0,0,1,0,0,0,0,0,0,0,0,0,0,0,0,0,0,0,1,0,0,0,0,0,0,0,0,0,0,0,1,0,1,0,0,0,0,0,0,0,2.0,5.0,2.0,6.0,0,0,0,0,0,1,1,1,1,1,1,0,1,0,1,0,0,0,0,0,0,0,0,0,0,0,0,0
RUSSULE CHARBONNIÈRE,Les bons champignons,"3 à 15 cm, de couleur très variable, gris violacé panaché de rose, pourpre, bleu ou verdâtre.",,"Adnées, blanches, plutôt serrées, fourchues, lardacées (se plient sous le doigt sans casser).","3 à 9 cm, blanc, parfois teinté de rose ou de lilas.","Blanche, ferme, cassante comme de la craie",Douce,Sans particularités,Forêts de feuillus et de conifères,Juillet > Novembre,1,0,1,1,1,0,0,0,1,0,1,1,0,1,1,1,0,0,0,0,0,0,0,0,0,0,0,0,0,0,0,0,0,0,0,0,0,0,0,0,0,0,0,0,0,0,0,0,0,0,0,0,0,0,0,0,0,0,0,1,0,0,1,0,1,0,0,0,0,1,0,0,0,0,1,0,0,0,0,0,0,0,0,0,0,0,0,0,0,0,0,0,0,1,0,0,0,0,0,0,0,0,0,0,0,0,1,0,0,1,0,0,0,0,0,0,0,0,0,0,0,0,0,0,0,0,0,0,0,0,1,3.0,15.0,3.0,9.0,0,0,0,0,0,0,1,1,1,1,1,0,1,1,1,0,0,0,0,0,0,0,0,0,0,0,0,0
RUSSULE CRAQUELÉE,Les bons champignons,"4 à 12 cm, craquelé surtout au bord, vert foncé, vert amande à vert-bleuâtre, parfois teinté de violacé.",,"Adnées, blanches, fourchues, lardacées (se plient sous le doigt sans casser)","3 à 8 cm, blanc","Blanche, ferme, cassante comme de la craie",Sans particularité,Douce,Forêts de feuillus et conifères,Août > Novembre,1,0,1,1,1,0,0,0,0,0,0,0,0,1,1,1,0,0,0,0,0,0,0,0,1,0,0,0,0,0,0,0,0,0,0,0,0,0,0,0,0,0,0,0,0,0,0,0,0,0,0,0,0,0,0,0,0,0,0,1,0,0,0,0,1,0,0,0,0,0,0,0,0,0,0,0,0,0,0,0,0,0,0,0,0,0,0,0,0,0,0,0,0,1,0,0,0,0,0,0,0,0,0,0,0,0,1,0,0,1,0,0,0,0,0,0,0,0,0,0,0,0,0,1,0,0,0,0,0,0,0,4.0,12.0,3.0,8.0,0,0,0,0,0,0,0,1,1,1,1,0,1,1,1,0,0,0,0,0,0,0,0,0,0,0,0,0
RUSSULE DE QUÉLET,Champignon à rejeter,"3 à 12 cm, rouge vineux, pourpre sombre à violet, pâlissant pour devenir brun verdâtre avec l’âge, à bord ondulé adulte.",,"Adnées, blanches à crème","3 à 9 cm, rose à rouge pourpre pâle, parfois tout blanc","Blanche, cassante comme de la craie","Forte, de pomme",Piquante,Uniquement sous les épicéas,Juillet > Novembre,1,0,1,1,1,0,1,0,1,0,0,0,0,1,0,1,0,0,0,0,0,0,0,0,0,0,0,0,0,0,0,0,0,0,0,0,0,0,0,0,0,0,0,0,0,1,0,0,0,0,0,0,0,0,0,0,0,0,0,1,0,0,0,0,1,0,0,1,0,1,0,0,0,0,0,0,0,0,0,0,0,0,0,0,0,0,0,0,0,0,0,0,0,1,0,0,0,0,0,0,0,0,0,0,0,0,0,0,0,1,0,0,0,0,0,0,0,0,0,0,0,1,0,0,0,0,1,0,0,0,0,3.0,12.0,3.0,9.0,0,0,0,0,0,0,1,1,1,1,1,0,0,0,0,0,0,0,0,0,0,0,0,0,0,0,0,0
RUSSULE ÉCREVISSE,Les bons champignons,"3 à 10 cm, rouge-pourpre à rose-pourpre, noirâtre au centre et creusé à maturité.",,"Adnées, blanches puis ocre crème","4 à 8 cm, blanc, teinté de rose-rouge","Blanche, brunissant aux blessures, cassante comme de la craie",Douce,"Forte, de crustacé, de hareng","Forêts de conifères, surtout de pins",Juillet > Novembre,1,0,1,1,1,0,0,0,1,0,1,0,1,0,0,0,0,0,0,0,0,0,0,0,0,0,0,0,0,0,0,0,0,0,0,0,0,0,0,0,0,0,0,0,0,1,0,0,0,0,0,0,0,0,0,0,1,0,0,1,0,0,0,0,1,0,0,1,0,1,0,0,0,0,0,0,0,0,0,0,0,0,0,0,0,0,0,0,0,0,0,0,0,1,0,0,0,0,0,0,0,0,0,0,0,0,0,0,0,1,0,0,0,0,0,0,0,0,0,0,0,0,0,0,0,0,0,0,0,0,0,3.0,10.0,4.0,8.0,0,0,0,0,0,0,1,1,1,1,1,0,0,1,1,0,0,0,0,0,0,0,1,0,0,0,0,0
RUSSULE ÉMÉTIQUE,Champignon à rejeter,"3 à 10 cm, lisse, brillant puis mat, rouge cerise vif puis pâlissant pour devenir rose en vieillissant.",,"Adnées, blanches","4 à 8 cm, blanc, élancé","Blanche, cassante comme de la craie","Fruitée-vanillée, ou de réglisse",Très piquante,"Forêts de conifères, surtout d’épicéas",Juillet > Novembre,1,0,1,1,1,0,0,0,1,0,1,0,0,0,0,0,0,0,1,0,0,0,0,0,0,0,0,0,0,0,0,0,0,0,0,0,0,0,0,0,0,0,0,0,0,0,0,0,0,0,0,0,0,0,0,0,0,0,0,1,0,0,0,0,1,0,0,0,0,0,0,0,0,0,0,0,0,0,0,0,0,0,0,0,0,0,0,0,0,0,1,0,0,1,0,0,0,0,0,0,0,0,0,0,0,0,0,0,0,1,0,0,0,0,0,0,0,0,0,0,0,1,0,0,0,0,1,0,0,0,0,3.0,10.0,4.0,8.0,0,0,0,0,0,0,1,1,1,1,1,0,0,1,1,0,0,0,0,0,0,0,0,0,0,0,0,0
RUSSULE MAMELONNÉE,Champignon à rejeter,"3 à 10 cm, nettement mamelonné, violet à brun-pourpre vineux, souvent noirâtre au centre",,,"4 à 8 cm, blanc puis grisâtre avec l’âge et taché de jaunâtre à la base","Blanche, cassante comme de la craie","Faible, d’iode à la base du pied","Douce, amère pour la peau du chapeau","Forêts de conifères, surtout sous les pins",Août > Novembre,1,0,0,1,1,0,1,0,1,0,0,0,1,0,0,1,0,0,0,0,0,0,0,0,0,0,0,0,0,0,0,0,0,0,0,0,0,0,0,0,0,0,0,0,0,0,0,0,0,0,0,0,0,0,0,0,0,0,0,0,0,0,0,0,1,0,1,0,0,0,1,0,0,0,0,0,0,0,0,0,0,0,0,0,0,0,0,0,0,0,0,0,0,1,0,0,0,0,0,0,0,0,0,0,0,0,0,0,0,1,0,0,0,0,0,0,1,0,0,0,0,0,0,1,1,0,0,0,0,0,0,3.0,10.0,4.0,8.0,0,0,0,0,0,0,0,1,1,1,1,0,0,1,1,0,0,0,0,0,0,0,1,0,0,0,0,0
RUSSULE OLIVACÉE,Champignon à rejeter,"4 à 20 cm, mat, de couleur variable, de brun olivâtre, vert-jaune à brun-pourpre, à bord souvent gercé, ridé concentriquement.",,,"7 à 13 cm, blanc à rose, surtout sous les lames","Blanche, cassante comme de la craie",Faible,Douce,"Forêts de feuillus, surtout de hêtres, plus rarement d’épicéas",Juillet > Novembre,1,0,0,1,1,0,1,1,1,0,0,0,0,1,0,0,0,0,0,0,0,0,0,0,0,0,0,0,0,0,0,0,0,0,0,0,0,0,0,0,0,0,0,0,0,0,0,0,0,0,0,0,0,0,0,0,0,0,0,0,0,0,0,0,1,0,0,0,0,1,0,0,0,0,0,0,0,0,0,0,0,0,0,0,0,0,0,0,0,0,0,0,0,1,0,0,0,0,0,0,0,0,0,0,0,0,0,0,0,1,0,0,0,0,0,0,0,0,0,0,0,0,0,1,0,0,0,0,0,0,0,4.0,20.0,7.0,13.0,0,0,0,0,0,0,1,1,1,1,1,0,1,0,1,0,0,0,0,0,0,1,0,0,0,0,0,0
RUSSULE PERFIDE,Champignon à rejeter,"3 à 10 cm, lie-de-vin sombre ou rouge pourpre à brun cuivré, souvent noirâtre au centre.",,"Adnées, crème puis jaune de beurre","3 à 9 cm, blanc, parfois teinté de rose","Blanche, ferme, cassante comme de la craie","Faible, de bois de crayon","Douce, puis très piquante","Forêts de conifères, souvent sous pins sylvestre, en montagne",Juillet > Novembre,1,0,1,1,1,0,1,0,1,1,0,0,1,0,0,0,0,0,0,0,0,0,0,0,0,0,0,0,0,0,0,0,0,0,0,0,0,0,0,0,0,0,0,0,0,1,0,1,0,0,0,0,0,0,0,0,0,0,0,1,0,0,0,0,1,0,0,0,0,1,0,0,0,0,0,0,0,0,0,0,0,0,0,0,0,0,0,0,0,0,0,0,0,1,0,0,0,0,0,0,0,0,0,0,0,0,1,0,0,1,0,0,0,0,0,0,0,0,0,0,0,0,0,1,0,0,1,0,0,0,0,3.0,10.0,3.0,9.0,0,0,0,0,0,0,1,1,1,1,1,0,0,1,1,0,0,0,0,0,0,0,1,0,0,0,0,0
RUSSULE SANGUINE,Champignon à rejeter,"3 à 10 cm, brillant puis mat, rouge sang ou rouge-rose vif, pâlissant pour devenir rosé pâle à crème avec l’âge",,"Un peu décurrentes, crème","3 à 6 cm, rose-rouge pâle, taché d’ocre jaune à maturité","Blanche, ferme, cassante comme de la craie","Fruitée, de pomme",Piquante,"Forêts de conifères, surtout de pins",Juillet > Novembre,1,0,1,1,1,1,0,0,1,0,1,0,0,0,0,0,0,0,0,0,0,0,0,0,0,0,0,0,0,0,0,0,0,0,0,0,0,0,0,0,0,0,0,0,0,1,0,0,0,0,0,0,0,0,0,0,0,0,0,0,1,0,0,0,0,0,1,1,0,1,0,0,0,0,0,1,0,0,0,0,0,0,0,0,0,0,0,0,0,0,0,0,0,1,0,0,0,0,0,0,0,0,0,0,0,0,1,0,0,1,0,0,0,0,0,0,0,0,0,0,0,1,0,0,0,0,1,0,0,0,0,3.0,10.0,3.0,6.0,0,0,0,0,0,0,1,1,1,1,1,0,0,1,1,0,0,0,0,0,0,0,1,0,0,0,0,0
RUSSULE SARDOINE,Champignon à rejeter,"2 à 10 cm, de couleur variable, rose violacé à violet sombre, plus sombre au centre, parfois mamelonné et à reflets verdâtres.",,"Adnées, jaune citron à jaune d’or","2 à 9 cm, violacé à rose-pourpre pâle, parfois taché de jaune citron.","Blanche, rouge sous la peau du chapeau, cassante comme de la craie.",Fruité,Très piquante,Uniquement sous les pins,Septembre > Novembre,1,0,1,1,1,0,0,0,0,0,1,0,0,0,0,1,0,0,0,0,0,0,0,0,0,0,0,0,0,0,0,0,0,0,0,0,0,0,0,0,0,0,0,0,0,0,0,1,0,0,0,0,0,0,0,0,0,0,0,1,0,0,0,0,0,0,1,1,0,1,0,0,0,0,1,0,0,0,0,0,0,0,0,0,0,0,0,0,0,0,0,0,0,1,0,0,1,0,0,0,0,0,0,0,0,0,0,0,0,1,0,0,0,0,0,0,0,0,0,0,0,0,0,0,0,0,1,0,0,0,0,2.0,10.0,2.0,9.0,0,0,0,0,0,0,0,0,1,1,1,0,0,0,0,0,0,0,0,0,0,0,1,0,0,0,0,0
RUSSULE VERDOYANTE,Les bons champignons,"5 à 15 cm, mat, craquelé, vert pâle à vertde-gris ou vert-bleu sombre (rappelant la moisissure de roquefort)",,"Adnées, blanches à crème","4 à 10 cm, blanc, souvent taché de rouille vers la base","Blanche, cassante comme de la craie",Faible,"Douce, de noisette",Forêts de feuillus,Juin > Novembre,1,0,1,1,1,0,0,0,0,0,0,1,0,1,1,0,0,0,0,0,0,0,0,0,1,0,0,0,0,0,0,0,0,0,0,0,0,0,0,0,0,0,0,0,0,1,0,0,0,0,0,0,0,0,0,0,0,0,0,1,0,0,0,0,1,0,0,0,0,0,0,0,0,0,0,0,0,0,0,0,0,0,0,0,0,0,0,0,0,0,0,0,0,1,0,0,0,0,0,0,0,0,0,0,0,0,0,0,0,1,0,0,0,0,0,0,0,0,0,0,0,0,0,1,0,0,0,0,0,0,0,5.0,15.0,4.0,10.0,0,0,0,0,0,1,1,1,1,1,1,0,1,0,1,0,0,0,0,0,0,0,0,0,0,0,0,0
RUSSULE VIEUX ROSE,Les excellents champignons,"5 à 12 cm, de couleur très variable, beige-rose rappelant le jambon cru, au centre souvent crème, souvent piqué de petites taches rouille.",,"Adnées, blanches à crème, assez serrées, dépassant du bord du chapeau.","3 à 9 cm, blanc, se tachant de rouille à la base.","Blanche, cassante comme de la craie.",Faible,Douce,Forêts de feuillus et de conifères,Juin > Novembre,1,0,1,1,1,1,0,0,0,0,1,0,0,0,0,0,1,0,0,0,0,0,0,0,0,0,0,0,0,0,0,0,0,0,0,0,0,0,0,0,0,0,0,0,0,1,0,0,0,0,0,0,0,0,0,0,0,0,0,1,0,0,1,0,1,0,0,0,0,0,0,0,0,0,0,0,0,0,0,0,0,0,0,0,0,0,0,0,0,0,0,0,0,1,0,0,0,0,0,0,0,0,0,0,0,0,0,0,0,1,0,0,0,0,0,0,0,0,0,0,0,0,0,1,0,0,0,0,0,0,0,5.0,12.0,3.0,9.0,0,0,0,0,0,1,1,1,1,1,1,0,1,1,1,0,0,0,0,0,0,0,0,0,0,0,0,0
SATYRE DES CHIENS,Champignon à rejeter,,,,"Blanc à jaune orangé, poreux, avec des fossettes polygonales","Mince, fragile","Désagréable, de crotte de chat",Douce,Forêts de feuillus et de conifères,Juillet > Octobre,0,0,0,1,1,0,0,0,0,0,0,0,0,0,0,0,0,0,0,0,0,0,0,0,0,0,0,0,0,0,0,0,0,0,0,0,0,0,0,0,0,0,0,0,0,0,0,0,0,0,0,0,0,0,0,0,0,0,0,0,0,0,0,0,1,0,1,0,1,0,0,0,0,0,0,0,0,0,0,0,0,0,0,0,0,0,0,0,0,0,0,0,0,0,0,0,0,0,0,0,0,0,0,0,0,0,0,0,0,0,0,0,0,0,0,0,0,0,0,0,0,0,1,1,0,0,0,0,0,0,0,0.0,0.0,0.0,0.0,0,0,0,0,0,0,1,1,1,1,0,0,1,1,1,0,0,0,0,0,0,0,0,0,0,0,0,0
SATYRE PUANT,Champignon à rejeter,,,,"Blanc, creux et poreux",Mince et fragile,"Forte, désagréable, de cadavre","Douce, de noisette pour le pied (quand il est encore jeune, dans l’œuf)",Forêts de feuillus et de conifères,Juin > Septembre,0,0,0,1,1,0,0,0,0,0,0,0,0,0,0,0,0,0,0,0,0,0,0,0,0,0,0,0,0,0,0,0,0,0,0,0,0,0,0,0,0,0,0,0,0,0,0,0,0,0,0,0,0,0,0,0,0,0,0,0,0,0,0,0,1,0,0,0,0,0,0,0,0,0,0,0,0,0,0,0,0,0,0,0,0,0,0,0,0,1,0,0,0,0,0,0,0,0,0,0,0,0,0,0,0,0,0,0,0,0,0,0,0,0,0,0,0,0,0,0,0,0,1,1,0,0,0,0,0,0,0,0.0,0.0,0.0,0.0,0,0,0,0,0,1,1,1,1,0,0,0,1,1,1,0,0,0,0,0,0,0,0,0,0,0,0,0
SCHIZOPHYLLE COMMUN,Les champignons toxiques,"1 à 5 cm, en éventail, fortement feutré, blanc à brunâtre, à bord ondulé",,"Beiges à brunâtres, fourchues, à l’arête fendue en deux comme une gouttière",Absent,"Mince, coriace",Faible,Douce,"Sur le bois mort, surtout de feuillus",Toute l’année,1,0,1,0,1,1,1,0,0,0,0,0,0,0,0,0,0,0,0,0,0,0,1,0,0,0,0,0,0,0,0,0,0,0,0,0,0,0,0,0,0,0,0,0,0,0,0,0,0,0,0,0,0,0,0,0,0,0,0,0,0,0,0,0,0,0,0,0,0,0,0,0,0,0,0,0,0,0,0,0,0,0,0,0,0,0,0,0,0,0,0,0,0,0,0,0,0,0,0,0,0,0,0,0,0,0,0,0,0,0,0,0,0,0,0,0,0,0,0,0,0,0,0,1,0,0,0,0,0,0,0,1.0,5.0,0.0,0.0,0,0,0,0,0,0,0,0,0,0,0,0,1,0,0,0,0,0,0,1,0,0,0,0,0,0,0,1
SCLÉRODERME COMMUN,Les champignons toxiques,,,,Absent ou mal formé,"Ferme, noirâtre et veinée de blanc. Pulvérulente à maturité","Forte, de caoutchouc",Douce,Sous les feuillus et les conifères,Juin > Novembre,0,0,0,0,1,0,0,0,0,0,0,0,0,0,0,0,0,0,0,0,0,0,0,0,0,0,0,0,0,0,0,0,0,0,0,0,0,0,0,0,0,0,0,0,0,0,0,0,0,0,0,0,0,0,0,0,0,0,0,0,0,0,0,0,0,0,0,0,0,0,0,0,0,0,0,0,0,0,0,0,0,0,0,0,0,0,0,0,0,0,0,0,0,1,0,0,0,0,0,0,1,0,0,0,0,0,1,0,0,0,0,0,0,0,0,0,0,0,0,0,0,0,0,1,0,0,0,0,0,0,0,0.0,0.0,0.0,0.0,0,0,0,0,0,1,1,1,1,1,1,0,1,1,0,0,0,0,0,0,0,0,0,0,0,0,0,0
SCLÉRODERME VERRUQUEUX,Les champignons toxiques,,,,Généralement bien formé (3 à 6 cm).,"Ferme, noirâtre et veinée de blanc. Pulvérulente à maturité.","Faible, de caoutchouc",Douce,Sous les feuillus et les conifères,Juin > Novembre,0,0,0,1,1,0,0,0,0,0,0,0,0,0,0,0,0,0,0,0,0,0,0,0,0,0,0,0,0,0,0,0,0,0,0,0,0,0,0,0,0,0,0,0,0,0,0,0,0,0,0,0,0,0,0,0,0,0,0,0,0,0,0,0,0,0,0,0,0,0,0,0,0,0,0,0,0,0,0,0,0,0,0,0,0,0,0,0,0,0,0,0,0,1,0,0,0,0,0,0,1,0,0,0,0,0,1,0,0,0,0,0,0,0,0,0,0,0,0,0,0,0,0,1,0,0,0,0,0,0,0,0.0,0.0,3.0,6.0,0,0,0,0,0,1,1,1,1,1,1,0,1,1,0,0,0,0,0,0,0,0,0,0,0,0,0,0
STROPHAIRE BLEUE,Champignon à rejeter,"2 à 7 cm, visqueux, bleu à bleu-vert vif, couvert d’écailles blanches surtout sur le bord, pâlissant pour devenir jaune ochracé avec l’âge.",,"Adnées à échancrées, gris rosâtre pâle ou crème bleuté puis brun chocolat.","3 à 10 cm, verdâtre à bleuté pâle, floconneux, avec un anneau fragile.","Blanchâtre à bleutée, mince","Faible, de radis ou de vieux fût",Douce,Forêts de feuillus et de conifères,Août > Décembre,1,0,1,1,1,0,0,1,0,0,0,0,0,1,1,0,0,0,0,0,0,1,0,1,0,0,0,0,0,0,0,0,0,0,0,0,0,0,0,0,0,0,0,0,0,1,1,0,0,0,1,1,0,0,0,0,0,0,0,1,0,1,0,0,0,0,0,0,0,0,0,0,1,0,0,0,0,0,0,1,0,0,0,0,0,1,0,0,0,0,0,0,0,1,0,0,0,0,0,0,0,0,0,0,0,0,0,0,0,0,0,0,0,0,0,0,0,1,0,0,0,0,0,1,0,0,0,0,0,0,0,2.0,7.0,3.0,10.0,0,0,0,0,0,0,0,1,1,1,1,1,1,1,1,0,0,0,0,0,0,0,0,0,0,0,0,0
TRICHOLOME BLANC,Champignon à rejeter,"3 à 7 cm, mat, sec, blanc à crème, au centre parfois beige à ochracé",,"Échancrées, assez espacées, irrégulières, blanches à crème","4 à 11 cm, blanc, élancé, se tachant d’ochracé avec l’âge",Blanche,"Forte, désagréable de gaz, ou d’iris","Amère, puis piquante","Forêts de feuillus, surtout sous les chênes",Septembre > Novembre,1,0,1,1,1,1,0,0,0,0,0,0,0,0,0,0,1,0,0,0,0,0,0,0,0,0,0,0,0,0,0,0,0,0,0,0,0,0,0,0,0,0,0,0,0,1,0,0,0,0,0,0,0,0,0,0,0,0,0,0,0,1,0,1,1,0,0,0,0,0,0,0,0,0,0,0,0,0,0,0,0,0,0,0,0,0,0,0,0,0,1,0,0,1,0,0,0,0,0,0,0,0,0,0,0,0,0,0,0,0,0,0,0,0,0,0,0,0,0,0,0,0,1,0,1,0,1,0,0,0,0,3.0,7.0,4.0,11.0,0,0,0,0,0,0,0,0,1,1,1,0,1,0,1,0,0,0,0,0,1,0,0,0,0,0,0,0
TRICHOLOME DE LA SAINT-GEORGES,Les excellents champignons,"3 à 11 cm, charnu, souvent bosselé, blanc à crème ou beige, parfois taché d’ocre roux, à bord longtemps enroulé",,"Adnées, très serrées, blanches à crème","3 à 8 cm, robuste, blanc puis crème","Blanche, épaisse, ferme","Forte, agréable, farineuse",Farineuse,"Prairies, pelouses ou lisières de bois, souvent en rond de sorcière",Mars > Juin,1,0,1,1,1,1,0,0,0,0,0,0,0,0,0,0,1,1,0,0,0,0,0,0,0,0,0,0,0,0,0,0,0,0,0,0,0,0,0,0,0,0,0,0,0,1,0,0,0,0,0,0,0,0,0,0,0,0,0,1,0,0,1,0,1,0,0,0,0,0,0,0,0,0,0,0,0,0,0,0,0,0,0,0,0,0,0,0,0,0,0,0,0,1,0,0,0,0,0,0,0,0,0,0,0,0,1,0,0,0,0,1,0,0,0,0,0,0,1,0,0,0,0,0,0,0,0,0,0,0,0,3.0,11.0,3.0,8.0,0,0,1,1,1,1,0,0,0,0,0,0,0,0,0,1,0,1,0,1,0,0,0,0,0,0,0,0
TRICHOLOME EN TOUFFE,Champignon à rejeter,"3 à 15 cm, d’abord arrondi puis étalé, lisse, élastique, gris-brun, ocre brun à brun sombre, à bord souvent plus pâle",,"Adnées à échancrées, blanches à grisâtres","3 à 8 cm, blanchâtre, soudé aux autres pieds de la touffe","Blanche, élastique",Faible,"Douce, de légume vert","Sous les feuillus, dans les clairières, au bord des chemins, en touffe",Mai > Novembre,1,0,1,1,1,0,1,0,0,0,0,1,0,0,0,0,1,0,1,0,0,0,0,0,0,0,0,0,0,0,0,0,0,0,0,0,0,0,0,0,0,0,0,0,0,0,0,0,0,0,0,0,0,0,0,0,0,0,0,1,0,1,0,0,1,0,0,0,0,0,0,0,0,0,0,0,0,0,0,0,0,0,0,0,0,0,0,0,0,0,0,0,0,1,0,0,0,0,0,0,0,0,0,0,0,0,0,0,0,0,1,0,0,0,0,0,0,0,0,0,0,0,0,1,0,0,0,0,0,0,0,3.0,15.0,3.0,8.0,0,0,0,0,1,1,1,1,1,1,1,0,1,0,0,0,1,0,0,0,0,0,0,0,0,0,0,0
TRICHOLOME ÉQUESTRE,Les champignons mortel,"3 à 12 cm, jaune vif à jaune olivâtre, devenant vite roux quand il est exposé au soleil, recouvert de fines écailles brunes, surtout au centre",,"Echancrées, serrées, jaune vif","3 à 10 cm, épais, jaune comme le chapeau","Blanche, jaunâtre dans le pied",Farineuse,Farineuse,"Uniquement sous les pins, surtout sur les sols sableux",Septembre > Novembre,1,0,1,1,1,0,0,1,0,0,0,0,0,1,0,0,0,1,0,0,0,0,0,1,0,0,0,0,0,0,0,0,0,0,0,0,0,0,0,0,0,0,0,0,0,0,0,1,0,0,0,0,0,0,0,0,0,0,0,0,0,1,1,0,0,0,1,0,0,0,0,0,0,0,0,0,0,0,0,0,0,0,0,0,0,0,0,0,0,0,0,0,0,1,0,1,0,0,0,0,0,0,0,0,0,0,0,0,0,0,0,0,0,0,0,0,0,0,1,0,0,0,0,0,0,0,0,0,0,0,0,3.0,12.0,3.0,10.0,0,0,0,0,0,0,0,0,1,1,1,0,0,0,0,0,0,0,0,0,0,0,1,0,0,0,0,0
TRICHOLOME GRIS PERFIDE,Les champignons toxiques,"3 à 9 cm, faiblement conique puis aplati, souvent un peu mamelonné, nettement strié, gris souris à gris ochracé, parfois avec des reflets roses ou lilas.",,"Échancrées, blanches puis grisâtres, à l’arête ponctuée de noirâtre.","4 à 11 cm, blanc à grisâtre, un peu pelucheux.",Blanchâtre,"Faible, terreuse","Un peu amère, puis piquante","Forêts de feuillus, surtout sous les hêtres",Juin > Octobre,1,0,1,1,1,0,0,0,0,0,0,1,0,0,0,1,0,0,0,0,0,0,0,0,0,1,0,0,0,0,0,0,0,0,0,0,0,0,0,0,0,0,0,0,0,0,0,0,0,0,0,0,1,0,0,0,0,0,0,0,0,1,0,0,1,0,0,0,0,0,1,0,0,0,0,0,0,0,0,1,0,0,0,0,0,0,0,0,0,0,0,0,0,1,0,0,0,0,0,0,0,0,0,0,0,0,0,0,0,0,0,0,0,0,0,0,0,0,0,0,1,0,0,0,1,0,1,0,0,0,0,3.0,9.0,4.0,11.0,0,0,0,0,0,1,1,1,1,1,0,0,1,0,1,0,0,0,0,0,0,1,0,0,0,0,0,0
TRICHOLOME JAUNISSANT,Les bons champignons,"2 à 8 cm, feutré à laineux, couvert de petites mèches gris argenté à gris-brun sur fond crème, plus sombre au centre, jaunissant à maturité, surtout sur le bord.",,"Échancrées, peu serrées, blanchâtres, jaunissant aux blessures ou avec l’âge.","2 à 6 cm, cassant, blanc à grisâtre, jaunissant à la base à maturité.","Blanchâtre, jaunissant au frottement",Farineuse,Farineuse,"Forêts de feuillus, surtout sous les hêtres, les chênes, les charmes et les noisetiers.",Septembre > Décembre,1,0,1,1,1,1,1,1,0,0,0,1,0,0,0,0,0,0,0,1,0,0,1,0,0,0,0,0,0,0,0,0,0,0,0,0,0,0,0,0,0,0,0,0,0,0,0,1,0,0,0,0,0,0,0,0,0,0,0,0,0,1,1,0,1,0,1,0,0,0,1,0,0,0,0,0,0,0,0,0,0,0,0,0,0,0,0,0,0,0,0,0,0,1,0,1,0,0,0,0,0,0,0,0,0,0,0,0,0,0,0,0,0,0,0,0,0,0,1,0,0,0,0,0,0,0,0,0,0,0,0,2.0,8.0,2.0,6.0,0,0,0,0,0,0,0,0,1,1,1,1,1,0,1,0,0,0,0,0,1,1,0,0,0,1,0,0
TRICHOLOME PRÉTENTIEUX,Les bons champignons,"3 à 10 cm, nettement strié, un peu gras au toucher, gris foncé à gris-noir, au centre plus sombre, à bord irrégulier à ondulé",,"Échancrées, blanches, à reflets jaune verdâtre.","3 à 10 cm, blanc, teinté de jaune",Blanche,Farineuse,Farineuse,"Forêts de conifères, surtout sous les pins et les épicéas",Septembre > Décembre,1,0,1,1,1,0,0,0,0,0,0,1,1,0,0,0,0,0,0,0,0,0,0,0,0,1,0,0,0,0,0,0,0,0,0,0,0,0,0,0,0,0,0,0,0,0,0,1,0,0,0,0,0,1,0,0,0,0,0,0,0,1,0,0,1,0,1,0,0,0,0,0,0,0,0,0,0,0,0,0,0,0,0,0,0,0,0,0,0,0,0,0,0,1,0,0,0,0,0,0,0,0,0,0,0,0,0,0,0,0,0,0,0,0,0,0,0,0,1,0,0,0,0,0,0,0,0,0,0,0,0,3.0,10.0,3.0,10.0,0,0,0,0,0,0,0,0,1,1,1,1,0,1,1,0,0,0,0,0,0,0,1,0,0,0,0,0
TRICHOLOME RUTILANT,Champignon à rejeter,"3 à 20 cm, couvert de fines et denses écailles rouge-pourpre à violacées sur fond jaune.",,"Adnées à échancrées, jaune vif.","5 à 12 cm, jaune, couvert de fines écailles rouges comme le chapeau.",Jaune,Faible,"Douce, parfois amère","Sur les souches de conifères, souvent en touffe.",Juillet > Novembre,1,0,1,1,1,0,0,1,1,0,0,0,0,0,0,0,0,0,0,0,0,0,0,1,0,0,0,0,0,0,0,0,0,0,0,0,0,0,0,0,0,0,0,0,0,0,0,1,0,0,0,0,0,0,0,0,0,0,0,1,0,1,0,0,0,0,1,0,0,0,0,0,0,0,0,0,0,0,0,0,0,0,1,0,0,0,0,0,0,0,0,0,0,0,0,1,0,0,0,0,0,0,0,0,0,0,0,0,0,0,0,0,0,0,0,0,0,0,0,0,0,0,0,1,1,0,0,0,0,0,0,3.0,20.0,5.0,12.0,0,0,0,0,0,0,1,1,1,1,1,0,0,1,0,0,0,0,0,0,0,0,0,0,0,0,0,0
TRICHOLOME SOUFRÉ,Les champignons toxiques,"2 à 9 cm, mat, jaune soufre vif à reflets verdâtres, au centre souvent brun roussâtre.",,"Échancrées, espacées, jaune soufre","4 à 12 cm, mince, jaune soufre",Jaune,"Forte, désagréable, de gaz, de soufre.","Désagréable, écœurante",Forêts de feuillus,Septembre > Novembre,1,0,1,1,1,0,1,1,0,0,0,0,0,0,0,0,0,1,0,0,0,0,0,0,0,0,0,0,0,0,0,0,0,0,0,0,0,0,0,0,0,0,0,0,0,0,0,1,0,0,0,0,0,0,0,0,0,0,0,0,0,1,0,1,0,0,1,0,0,0,0,0,0,0,0,0,0,0,0,0,0,0,0,0,0,0,0,0,0,0,0,0,0,0,0,1,0,0,0,0,0,0,0,0,0,0,0,0,0,0,0,0,0,0,0,0,0,0,0,0,0,0,1,0,0,0,0,0,0,1,0,2.0,9.0,4.0,12.0,0,0,0,0,0,0,0,0,1,1,1,0,1,0,1,0,0,0,0,0,0,0,0,0,0,0,0,0
TRICHOLOME TERREUX,Les bons champignons,"2 à 8 cm, d’abord conique, feutré à laineux ou finement strié (fibrilleux), gris souris à gris ardoise.",,"Échancrées, blanchâtres à grises","3 à 7 cm, lisse, blanchâtre à grisâtre","Blanchâtre à grisâtre, mince, fragile","Faible, non farineuse","Faible, douce, non farineuse",Uniquement sous les pins,Septembre > Décembre,1,0,1,1,1,0,0,0,0,0,0,1,0,0,0,0,0,0,0,0,0,0,1,0,0,1,0,0,0,0,0,0,0,0,0,0,0,0,0,0,0,0,0,0,0,0,0,0,0,0,0,0,0,0,0,0,0,0,0,0,0,1,0,0,1,0,0,0,0,0,1,0,0,0,0,0,0,1,0,0,0,0,0,0,0,0,0,0,0,0,0,0,0,1,0,0,0,0,0,1,0,0,0,0,0,0,0,0,0,0,0,0,0,0,0,0,0,0,1,0,0,0,0,1,0,0,0,0,0,0,0,2.0,8.0,3.0,7.0,0,0,0,0,0,0,0,0,1,1,1,1,0,0,0,0,0,0,0,0,0,0,1,0,0,0,0,0
TRICHOLOME TIGRÉ,Les champignons toxiques,"3 à 20 cm, couvert de fines écailles gris-brun à noirâtres sur fond gris à ocre crème pâle, un peu mamelonné.",,"Échancrées, blanchâtres à reflets verdâtres ou glauques.","4 à 12 cm, robuste, blanchâtre à crème, un peu pelucheux.","Blanchâtre, ferme","Farineuse, puis spermatique avec l’âge.",Douce,"Forêts de feuillus et de conifères, surtout sous les hêtres et les épicéas.",Août > Novembre,1,0,1,1,1,1,1,0,0,0,0,1,0,0,0,0,1,0,0,0,0,0,0,1,0,0,0,0,0,0,0,0,0,0,0,0,0,0,0,0,0,0,0,0,0,0,0,0,0,0,0,0,0,0,0,0,0,0,0,0,0,1,0,0,1,0,0,0,0,0,0,0,0,0,0,0,0,0,0,1,0,0,0,0,0,0,0,0,0,0,0,0,0,1,0,0,0,0,0,0,0,0,0,0,0,0,1,0,0,0,0,0,0,0,0,0,0,0,1,0,0,0,0,1,0,0,0,0,0,0,0,3.0,20.0,4.0,12.0,0,0,0,0,0,0,0,1,1,1,1,0,1,1,1,0,0,0,0,0,0,1,0,0,0,0,0,0
TROMPETTE-DES-MORTS,Les excellents champignons,"2 à 15 cm, en entonnoir, à bord lobé et irrégulier, à l’intérieur gris-brun à noir",,,"2 à 9 cm, creux, dans le prolongement du chapeau","Noire, mince","Forte, agréable",Douce,Forêts de feuillus,Septembre > Décembre,1,0,0,1,1,0,1,0,0,0,0,1,1,0,0,0,0,0,0,0,0,0,0,0,0,0,0,0,0,0,0,0,0,0,0,0,0,0,0,0,0,0,0,0,0,0,0,0,0,0,0,0,0,0,0,0,0,0,0,0,0,0,0,0,0,0,0,0,0,0,0,0,0,0,0,0,0,0,0,0,0,0,0,0,0,0,0,0,0,1,0,0,0,0,0,0,0,0,0,0,1,0,0,0,0,0,0,0,0,0,0,0,0,0,0,0,0,0,0,0,0,0,0,1,0,0,0,0,0,0,0,2.0,15.0,2.0,9.0,0,0,0,0,0,0,0,0,1,1,1,1,1,0,1,0,0,0,0,0,0,0,0,0,0,0,0,0
TRUFFE NOIRE,Les excellents champignons,,,,Absent,"Ferme, noire et veinée de blanc à maturité","Forte, suave et aromatique",Très agréable,"Enterrée, surtout sous les chênes et les noisetiers",Décembre > Mars,0,0,0,0,1,0,0,0,0,0,0,0,0,0,0,0,0,0,0,0,0,0,0,0,0,0,0,0,0,0,0,0,0,0,0,0,0,0,0,0,0,0,0,0,0,0,0,0,0,0,0,0,0,0,0,0,0,0,0,0,0,0,0,0,0,0,0,0,0,0,0,0,0,0,0,0,0,0,0,0,0,0,0,0,0,0,0,0,0,0,0,0,0,1,0,0,0,0,0,0,1,0,0,0,0,0,1,0,0,0,0,0,0,0,0,0,0,0,0,0,0,0,0,1,0,0,0,0,0,0,0,0.0,0.0,0.0,0.0,1,1,1,0,0,0,0,0,0,0,0,1,0,0,0,0,0,0,0,0,1,0,0,0,0,0,0,0
VESSE-DE-LOUP EN FORME DE POIRE,Les champignons mediocres,,,,"Long, bien formé, de 1 à 3 cm",Blanche puis brun olive et molle. Pulvérulente à maturité.,Faible,Douce,En touffe sur le bois mort,Août > Novembre,0,0,0,1,1,0,0,0,0,0,0,0,0,0,0,0,0,0,0,0,0,0,0,0,0,0,0,0,0,0,0,0,0,0,0,0,0,0,0,0,0,0,0,0,0,0,0,0,0,0,0,0,0,0,0,0,0,0,0,0,0,0,0,0,0,0,0,0,0,0,0,0,0,0,0,0,0,0,0,0,0,0,0,0,0,0,0,0,0,0,0,0,0,1,1,0,0,0,0,0,0,1,0,0,0,0,0,0,1,0,0,0,0,0,0,0,0,0,0,0,0,0,0,1,0,0,0,0,0,0,0,0.0,0.0,1.0,3.0,0,0,0,0,0,0,0,1,1,1,1,0,0,0,0,0,0,0,0,1,0,0,0,0,0,0,0,1
VESSE-DE-LOUP GÉANTE,Les bons champignons,,,,Absent,"Épaisse, blanche puis jaune à olivâtre. Pulvérulente à maturité.","Faible, puis désagréable",Douce,Champs et prairies,Juin > Novembre,0,0,0,0,1,0,0,0,0,0,0,0,0,0,0,0,0,0,0,0,0,0,0,0,0,0,0,0,0,0,0,0,0,0,0,0,0,0,0,0,0,0,0,0,0,0,0,0,0,0,0,0,0,0,0,0,0,0,0,0,0,0,0,0,0,0,0,0,0,0,0,0,0,0,0,0,0,0,0,0,0,0,0,0,0,0,0,0,0,0,0,0,0,1,0,1,0,0,0,0,0,1,0,0,0,0,0,0,0,0,0,1,0,0,0,0,0,0,0,0,0,0,1,1,0,0,0,0,0,0,0,0.0,0.0,0.0,0.0,0,0,0,0,0,1,1,1,1,1,1,0,0,0,0,1,0,0,0,0,0,0,0,0,0,0,0,0
VESSE-DE-LOUP HÉRISSON,Les champignons mediocres,,,,"Court (0,5 à 2 cm), beige-ocre, couvert d’aiguillons plus petits.",Blanche puis brun olivâtre et molle. Pulvérulente à maturité.,"Faible, de bolet",Douce,Surtout sous les hêtres,Juillet > Novembre,0,0,0,1,1,0,0,0,0,0,0,0,0,0,0,0,0,0,0,0,0,0,0,0,0,0,0,0,0,0,0,0,0,0,0,0,0,0,0,0,0,0,0,0,0,0,0,0,0,0,0,0,0,0,0,0,0,0,0,0,0,0,0,0,0,0,0,0,0,0,0,0,0,0,0,1,0,0,0,0,0,0,0,0,0,0,0,0,0,0,0,0,0,1,1,0,0,0,0,0,0,1,0,0,0,0,0,0,1,0,0,0,0,0,0,0,0,0,0,0,0,0,0,1,0,0,0,0,0,0,0,0.0,0.0,0.5,2.0,0,0,0,0,0,0,1,1,1,1,1,0,0,0,0,0,0,0,0,0,0,1,0,0,0,0,0,0
VESSE-DE-LOUP PERLÉE,Les champignons mediocres,,,,"Long, de 1 à 4 cm, bien formé","Cotonneuse, blanche puis olivâtre et pulvérulente à maturité.",Faible,Douce,Forêts de feuillus et de conifères,Mai > Novembre,0,0,0,1,1,0,0,0,0,0,0,0,0,0,0,0,0,0,0,0,0,0,0,0,0,0,0,0,0,0,0,0,0,0,0,0,0,0,0,0,0,0,0,0,0,0,0,0,0,0,0,0,0,0,0,0,0,0,0,0,0,0,0,0,0,0,0,0,0,0,0,0,0,0,0,0,0,0,0,0,0,0,0,0,0,0,0,0,0,0,0,0,0,1,0,0,0,0,0,0,0,1,0,0,0,0,0,0,0,0,0,0,0,0,0,0,0,0,0,0,0,0,0,1,0,0,0,0,0,0,0,0.0,0.0,1.0,4.0,0,0,0,0,1,1,1,1,1,1,1,0,1,1,1,0,0,0,0,0,0,0,0,0,0,0,0,0
VOLVAIRE VISQUEUSE,Les champignons mediocres,"5 à 15 cm, lisse, très visqueux puis brillant par temps sec, blanchâtre à gris-brun, parfois gris olivâtre",,"Libres, serrées, blanches puis roses","5 à 20 cm, blanc, élargi à la base avec une large volve blanche en sac",Blanche,"Faible, de radis ou de pomme de terre crue",Douce,"Champs, pâturages, au bord des routes",Avril > Novembre,1,0,1,1,1,1,1,0,0,0,0,1,0,1,0,0,0,0,1,0,0,1,0,0,0,0,0,0,0,0,0,0,0,0,0,0,0,0,0,0,0,0,0,0,0,0,0,0,0,0,0,0,0,0,0,0,0,0,1,0,0,0,1,0,1,0,0,0,0,0,0,0,0,0,0,0,0,0,0,0,0,0,0,0,0,0,1,0,0,0,0,0,0,1,0,0,0,0,0,0,0,0,0,0,0,0,0,0,0,0,0,0,0,0,0,0,0,1,0,0,1,1,0,1,0,0,0,0,0,0,0,5.0,15.0,5.0,20.0,0,0,0,1,1,1,1,1,1,1,1,0,0,0,0,1,0,0,0,0,0,0,0,0,0,0,0,0
