url,nom,image_url,nom_scientifique,statut,chapeau,pores,lamelles,pied,chair,odeur,saveur,habitat,saison,confusion,categories
https://www.guidedeschampignons.com/produit/agaric-auguste/,AGARIC AUGUSTE,https://www.guidedeschampignons.com/wp-content/uploads/2021/06/Agaric-auguste.jpg,,À rejeter,"5 à 25 cm, couvert de mèches brun-roux sur fond crème, jaunissant au toucher",,,"Blanc, élancé (6 à 20 cm), légèrement en massue, avec un large anneau blanc ample et floconneux.","Blanche, jaunissant lentement à la coupe, rosée dans le pied.",,Douce,"Bois clairs de feuillus ou de conifères, lisières de bois",Juillet > Octobre,,"Agaric, Bois clairs, Champignons à rejeter, CHAMPIGNONS DE AOÛT, CHAMPIGNONS DE JUILLET, CHAMPIGNONS DE OCTOBRE, CHAMPIGNONS DE SEPTEMBRE, Conifères, Feuillus, Lames libres, Lames libres roses puis chocolat, Lames ou plis, Les champignons, Lisières de bois, Un chapeau et un pied"
https://www.guidedeschampignons.com/produit/agaric-des-jacheres/,AGARIC DES JACHÈRES,https://www.guidedeschampignons.com/wp-content/uploads/2021/08/agaricus-arvensis_agaric-des-jacheres.jpg,,Excellent comestible,"5 à 15 cm, lisse, blanc puis jaunissant en vieillissant .",,,"5 à 15 cm, élancé, avec un large anneau blanc en forme de jupe, floconneux sur la face intérieure.","Blanche, ferme",,Douce,"Surtout sous feuillus, clairières, lisières, prairies",Juin > Novembre,,"Agaric, CHAMPIGNONS DE AOÛT, CHAMPIGNONS DE JUILLET, CHAMPIGNONS DE JUIN, CHAMPIGNONS DE NOVEMBRE, CHAMPIGNONS DE OCTOBRE, CHAMPIGNONS DE SEPTEMBRE, Champignons excellents comestibles, Clairières, Feuillus, Lames libres, Lames libres roses puis chocolat, Lames ou plis, Les champignons, Lisières de bois, Prairies, Un chapeau et un pied"
https://www.guidedeschampignons.com/produit/agaric-jaunissant-agaricus-xanthoderma-champignon-toxique/,AGARIC JAUNISSANT,https://www.guidedeschampignons.com/wp-content/uploads/2020/11/Agaricus-xanthoderma_Agaric-jaunissant_francini.jpg,,Toxique,"2 à 15 cm, blanc à grisâtre pâle, lisse, souvent irrégulier et au sommet aplati. Jaunit fortement au toucher.",,,"3 à 15 cm, avec un bulbe net et un anneau floconneux bien formé, jaunit fortement au toucher","Blanche, jaunissant fortement à la base du pied",,,"Prairies, jardins ou bois clairs",Mai > Novembre,,"Agaric, Bois clairs, Champignon jardin, CHAMPIGNONS DE AOÛT, CHAMPIGNONS DE JUILLET, CHAMPIGNONS DE JUIN, CHAMPIGNONS DE MAI, CHAMPIGNONS DE NOVEMBRE, CHAMPIGNONS DE OCTOBRE, CHAMPIGNONS DE SEPTEMBRE, Champignons toxiques, Clairières, Feuillus, Lames libres, Lames libres roses puis chocolat, Lames ou plis, Les champignons, Lisières de bois, Parcs, Pâturages, Pelouses, Prairies, Un chapeau et un pied"
https://www.guidedeschampignons.com/produit/agaric-sylvicole-bon-comestible/,AGARIC SYLVICOLE,https://www.guidedeschampignons.com/wp-content/uploads/2020/11/Agaricus_sylvicola_Agaric-sylvicole_francini.jpg,,Bon comestible,"3 à 12 cm, blanc à crème, centre plus ou moins ocre, lisse. Jaunit au toucher ou avec l’âge.",,,"Blanc, en massue ou bulbeux, 2 à 15 cm, avec un anneau ample et floconneux en dessous","Blanche, ferme",,Douce,"Bois clairs, surtout de feuillus",Août > Octobre,Agaric jaunissant,"Agaric, Bois clairs, Champignons bons comestibles, CHAMPIGNONS DE AOÛT, CHAMPIGNONS DE OCTOBRE, CHAMPIGNONS DE SEPTEMBRE, Feuillus, Lames libres, Lames libres roses puis chocolat, Lames ou plis, Les champignons, Un chapeau et un pied"
https://www.guidedeschampignons.com/produit/amanite-citrine-amanita-citrina-champignon-a-rejeter/,AMANITE CITRINE,https://www.guidedeschampignons.com/wp-content/uploads/2020/11/AdobeStock_315934986_Amanite-citrine_Amanita-citrina.jpg,,À rejeter,"4 à 10 cm, jaune citron pâle, avec des plaques blanchâtres à brunâtres",,,"3 à 15 cm, jaunâtre, avec un anneau mince et ample; base très élargie en bulbe marginé, avec des restes de volve",Blanche à jaune citron pâle,,Douce,Forêts de feuillus et de conifères,Juillet > Octobre,,"Amanite, Champignons à rejeter, CHAMPIGNONS DE AOÛT, CHAMPIGNONS DE JUILLET, CHAMPIGNONS DE OCTOBRE, CHAMPIGNONS DE SEPTEMBRE, Conifères, Feuillus, Lames libres, Lames libres blanches ou crème, Lames libres jaunes, Lames ou plis, Les champignons, Un chapeau et un pied"
https://www.guidedeschampignons.com/produit/amanite-epaisse-amanita-excelsa-var-spissa-comestible-mediocre/,AMANITE ÉPAISSE,https://www.guidedeschampignons.com/wp-content/uploads/2020/11/AMANITE-EPAISSE.jpg,,Comestible médiocre,"3 à 15 cm, brun terne à brun-gris, avec de grosses plaques grisâtres",,,"7 à 15 cm, blanc et chiné de grisâtre, avec un anneau en jupe; bulbe en oignon sans volve",Blanche,,Douce,Forêts de feuillus et de conifères,Juillet > Novembre,,"Amanite, Champignons comestibles médiocres, CHAMPIGNONS DE AOÛT, CHAMPIGNONS DE JUILLET, CHAMPIGNONS DE NOVEMBRE, CHAMPIGNONS DE OCTOBRE, CHAMPIGNONS DE SEPTEMBRE, Conifères, Feuillus, Lames libres, Lames libres blanches ou crème, Lames ou plis, Les champignons, Un chapeau et un pied"
https://www.guidedeschampignons.com/produit/amanite-fauve-amanita-fulva-comestible-bien-cuit/,AMANITE FAUVE,https://www.guidedeschampignons.com/wp-content/uploads/2020/11/amanita-fulva_Amanite-fauve_lagardere.jpg,,Comestible bien cuit,"3 à 8 cm, lisse, souvent avec un mamelon, fauve ou brun-roux, à bord strié.",,,"Élancé (5 à 12 cm), crème ou un peu roux, sans anneau, creux; volve en sac blanche puis teintée de roux.",Blanche à crème,Sans particularités,Douce,"Forêts de feuillus, surtout sous les bouleaux",Juin > Novembre,,"Amanite, Bouleaux, Champignons comestibles médiocres, CHAMPIGNONS DE AOÛT, CHAMPIGNONS DE JUILLET, CHAMPIGNONS DE JUIN, CHAMPIGNONS DE NOVEMBRE, CHAMPIGNONS DE OCTOBRE, CHAMPIGNONS DE SEPTEMBRE, Feuillus, Lames libres, Lames libres blanches ou crème, Lames ou plis, Les champignons, Un chapeau et un pied"
https://www.guidedeschampignons.com/produit/amanite-jonquille-amanita-junquillea-champignon-toxique/,AMANITE JONQUILLE,https://www.guidedeschampignons.com/wp-content/uploads/2020/11/iStock-495244816_Amanite-jonquille_Amanita-junquillea.jpg,,Toxique,"3 à 10 cm, ocre jaune à jaune orangé, souvent parsemé de flocons blancs, un peu gras",,,"4 à 11 cm, blanc, floconneux, avec un anneau fragile. Bulbe à la base recouvert d’une volve mal formée.",Blanche,Faible,Douce,Forêts de feuillus et de conifères,Juin > Décembre,,"Amanite, CHAMPIGNONS DE AOÛT, CHAMPIGNONS DE DECEMBRE, CHAMPIGNONS DE JUILLET, CHAMPIGNONS DE JUIN, CHAMPIGNONS DE NOVEMBRE, CHAMPIGNONS DE OCTOBRE, CHAMPIGNONS DE SEPTEMBRE, Champignons toxiques, Conifères, Feuillus, Lames libres, Lames libres blanches ou crème, Lames ou plis, Les champignons, Un chapeau et un pied"
https://www.guidedeschampignons.com/produit/amanite-ovoide-amanita-ovoidea-comestible-mediocre/,AMANITE OVOÏDE,https://www.guidedeschampignons.com/wp-content/uploads/2020/11/Amanita-ovoidea_Amanite-ovoïde_lagardere.jpg,,Comestible médiocre,"6 à 30 cm, d’abord en forme d’œuf, très charnu, lisse, blanc à crème, à bord longtemps ourlé de lambeaux de voile blanc",,,"8 à 25 cm, blanc, floconneux, avec un anneau crémeux fragile. Volve ample en sac blanche puis ocre avec l’âge.",Blanche,,Douce,Surtout sous les chênes,Juillet > Octobre,,"Amanite, Champignons comestibles médiocres, CHAMPIGNONS DE AOÛT, CHAMPIGNONS DE JUILLET, CHAMPIGNONS DE OCTOBRE, CHAMPIGNONS DE SEPTEMBRE, Chênes, Feuillus, Lames libres, Lames libres blanches ou crème, Lames ou plis, Les champignons"
https://www.guidedeschampignons.com/produit/lamanite-panthere-amanita-pantherina-champignon-toxique/,AMANITE PANTHÈRE,https://www.guidedeschampignons.com/wp-content/uploads/2020/11/Amanita-pantherina_Amanite-panthere_page.webp,,Toxique,"4 à 12 cm, d’un beau brun à beige-brun, parsemé de flocons blancs, à bord strié à maturité.",,,"5 à 14 cm, blanc, avec un anneau membraneux. Bulbe surmonté d’un bourrelet net (comme un col roulé).",Blanche,,Douce,Forêts de feuillus et de conifères,Juillet > Novembre,"Amanite épaisse, Amanite rougissante","Amanite, CHAMPIGNONS DE AOÛT, CHAMPIGNONS DE JUILLET, CHAMPIGNONS DE NOVEMBRE, CHAMPIGNONS DE OCTOBRE, CHAMPIGNONS DE SEPTEMBRE, Champignons toxiques, Conifères, Feuillus, Lames libres, Lames libres blanches ou crème, Lames ou plis, Les champignons, Un chapeau et un pied"
https://www.guidedeschampignons.com/produit/amanite-phalloide-amanita-phalloides-champignon-mortel/,AMANITE PHALLOÏDE,https://www.guidedeschampignons.com/wp-content/uploads/2020/11/AdobeStock_102906223_Amanite-phalloide_Amanita-phalloides.jpg,,Mortel,"3 à 15 cm, de couleur très variable, vert olive, jaune verdâtre, brun-vert, parfois blanc, marqué de fines rayures radiales grisâtres.",,,"6 à 20 cm, élancé, blanc ou chiné de verdâtre. Anneau blanc en jupe. Large volve blanche en sac.",Blanche,,Douce,"Forêts de feuillus et conifères, surtout les chênes, les châtaigniers et les charmes",Juillet > Novembre,,"Amanite, CHAMPIGNONS DE AOÛT, CHAMPIGNONS DE JUILLET, CHAMPIGNONS DE NOVEMBRE, CHAMPIGNONS DE OCTOBRE, CHAMPIGNONS DE SEPTEMBRE, Champignons mortels, Charmes, Châtaigniers, Chênes, Conifères, Feuillus, Lames libres, Lames libres blanches ou crème, Lames ou plis, Les champignons, Un chapeau et un pied"
https://www.guidedeschampignons.com/produit/amanite-printaniere-amanita-verna-champignon-mortel/,AMANITE PRINTANIÈRE,https://www.guidedeschampignons.com/wp-content/uploads/2020/11/AdobeStock_103093910_Amanite-printanière_Amanita-verna.jpg,,Mortel,"3 à 15 cm, de couleur très variable, vert olive, jaune verdâtre, brun-vert, parfois blanc, marqué de fines rayures radiales grisâtres.",,,"6 à 20 cm, élancé, blanc ou chiné de verdâtre. Anneau blanc en jupe. Large volve blanche en sac.",Blanche,,Douce,Forêts de feuillus,Mai > Septembre,,"Amanite, CHAMPIGNONS DE AOÛT, CHAMPIGNONS DE JUILLET, CHAMPIGNONS DE JUIN, CHAMPIGNONS DE MAI, CHAMPIGNONS DE SEPTEMBRE, Champignons mortels, Feuillus, Lames libres, Lames libres blanches ou crème, Lames ou plis, Les champignons, Un chapeau et un pied"
https://www.guidedeschampignons.com/produit/amanite-rougissante-amanita-rubescens-bon-comestible/,AMANITE ROUGISSANTE,https://www.guidedeschampignons.com/wp-content/uploads/2020/11/Amanite-rougissante.jpg,,Bon comestible,"4 à 14 cm, crème rosâtre à brun terne ou ocre brun, taché de brun rougeâtre aux blessures, couvert de plaques grisâtres",,,"5 à 15 cm, blanchâtre puis taché de brun rouge surtout à la base. Anneau ample blanc. Bulbe en oignon, sans volve","Tendre, blanche, se tachant de rosâtre.",,Douce,Forêts de feuillus et de conifères,Juin > Novembre,"Amanite Panthère, Amanite épaisse","Amanite, Champignons bons comestibles, CHAMPIGNONS DE AOÛT, CHAMPIGNONS DE JUILLET, CHAMPIGNONS DE JUIN, CHAMPIGNONS DE NOVEMBRE, CHAMPIGNONS DE OCTOBRE, CHAMPIGNONS DE SEPTEMBRE, Conifères, Feuillus, Lames libres, Lames libres blanches ou crème, Lames ou plis, Les champignons, Un chapeau et un pied"
https://www.guidedeschampignons.com/produit/lamanite-tue-mouches-amanita-muscaria-champignon-toxique/,AMANITE TUE-MOUCHES,https://www.guidedeschampignons.com/wp-content/uploads/2020/02/amanite.jpg,,Toxique,"4 à 20 cm, rouge vif à orangé, parsemé de flocons blancs qui peuvent disparaître après une pluie.",,,"3 à 20 cm, blanc. Anneau bien formé parfois crénelé. Bulbe avec bourrelets ou écailles au sommet.",Blanche,Faible,Douce,Forêts de feuillus et de conifères,Septembre > Novembre,Amanite des Césars,"Amanite, CHAMPIGNONS DE NOVEMBRE, CHAMPIGNONS DE OCTOBRE, CHAMPIGNONS DE SEPTEMBRE, Champignons toxiques, Conifères, Feuillus, Lames libres, Lames libres blanches ou crème, Lames ou plis, Les champignons, Un chapeau et un pied"
https://www.guidedeschampignons.com/produit/lamanite-vaginee-amanite-vaginata-comestible-bien-cuit/,AMANITE VAGINÉE,https://www.guidedeschampignons.com/wp-content/uploads/2020/11/shutterstock_660485905_Amanite-vaginée_Amanita-vaginata.jpg,,Comestible bien cuit,"3 à 10 cm, gris, gris-brun à blanc grisâtre, souvent mamelonné, bord nettement strié",,,"8 à 12 cm, élancé, creux, blanc ou chiné de gris. Volve bien formée blanche ou grise","Blanche, tendre",faible,Douce,Forêts de feuillus et de conifères,Juin > Septembre,,"Amanite, Champignons comestibles médiocres, CHAMPIGNONS DE AOÛT, CHAMPIGNONS DE JUILLET, CHAMPIGNONS DE JUIN, CHAMPIGNONS DE SEPTEMBRE, Conifères, Feuillus, Lames libres, Lames libres blanches ou crème, Lames ou plis, Les champignons, Un chapeau et un pied"
https://www.guidedeschampignons.com/produit/amanite-vireuse/,AMANITE VIREUSE,https://www.guidedeschampignons.com/wp-content/uploads/2020/11/Amanita-virosa_Amanite-vireuse_page.jpg,,Mortel,"De forme irrégulière, 3 à 12 cm, lisse, blanc à ivoire, ochracé au centre avec l’âge.",,,"Élancé (5 à 15 cm), blanc, pelucheux. Anneau blanc fragile. Volve en sac bien formée, souvent avec des teintes rosées.",Blanche,,Douce,Forêts de feuillus et de conifères,Juin > Octobre,,"Amanite, CHAMPIGNONS DE AOÛT, CHAMPIGNONS DE JUILLET, CHAMPIGNONS DE JUIN, CHAMPIGNONS DE OCTOBRE, CHAMPIGNONS DE SEPTEMBRE, Champignons mortels, Conifères, Feuillus, Lames libres, Lames libres blanches ou crème, Lames ou plis, Les champignons, Un chapeau et un pied"
https://www.guidedeschampignons.com/produit/armillaire-couleur-de-miel-armillaria-mellea-champignon-a-rejeter/,ARMILLAIRE COULEUR DE MIEL,https://www.guidedeschampignons.com/wp-content/uploads/2020/11/Armillaria-mellea_Armillaire-couleur-de-miel_moingeon.jpg,,"CHAPEAU : 3 à 15 cm, jaune à ocre, voire miel, plus foncé au centre, parsemé de fines mèches brunes",,,,"5 à 20 cm, beige jaunâtre à ocre brun, avec un anneau ample blanc ou jaune.",Blanche,,Douce,"Sur le bois de feuillus morts ou vivants, en touffes",Septembre> Novembre,,"Armillaire, Bois morts ou vivants, Champignons à rejeter, CHAMPIGNONS DE NOVEMBRE, CHAMPIGNONS DE OCTOBRE, CHAMPIGNONS DE SEPTEMBRE, Feuillus, Lames décurrentes, Lames décurrentes blanches ou crème, Lames ou plis, Les champignons, Un chapeau et un pied"
https://www.guidedeschampignons.com/produit/bolet-a-beau-pied-caloboletus-calopus-champignon-a-rejeter/,BOLET À BEAU PIED,https://www.guidedeschampignons.com/wp-content/uploads/2021/07/Bolet-a-beau-pied.jpg,Caloboletus calopus,À rejeter,"5 à 20 cm, sec, très pâle, blanchâtre à crème grisâtre puis café au lait","Jaune vif puis jaune olive, bleuissants au toucher.",,"4 à 15 cm, épais, rouge vif vers la base, jaune au sommet, avec un réseau plus clair en relief","Blanche dans le chapeau, jaune dans le pied, rougeâtre vers la base, un peu bleuissante",,Amère,Forêts de feuillus et de conifères,Septembre > Novembre,Bolet Satan,"Bolet, Champignons à rejeter, CHAMPIGNONS DE NOVEMBRE, CHAMPIGNONS DE OCTOBRE, CHAMPIGNONS DE SEPTEMBRE, Conifères, Feuillus, Les champignons, Pores, Pores adnés jaunes puis jaune-olive, Pores adnés ou échancrés, Un chapeau et un pied"
https://www.guidedeschampignons.com/produit/bolet-a-chair-jaune-xerocomellus-chrysenteron-champignon-mediocre/,BOLET À CHAIR JAUNE,https://www.guidedeschampignons.com/wp-content/uploads/2020/11/Xerocomus-chrysenteron_Bolet-à-chair-jaune_page.jpg,,Comestible médiocre,"3 à 12 cm, mat, lisse puis finement craquelé, de couleur variable, beige à brun terne, brun rougeâtre à brun olivâtre","Polygonaux, jaunes à vert olive, bleuissant au toucher",,"3 à 7 cm, assez mince, rougeâtre à vineux, jaune au sommet","Jaunâtre, rougeâtre sous la peau du chapeau, faiblement bleuissante",,Douce,Forêts de feuillus et de conifères,Juin > Novembre,,"Bolet, Champignons comestibles médiocres, CHAMPIGNONS DE AOÛT, CHAMPIGNONS DE JUILLET, CHAMPIGNONS DE JUIN, CHAMPIGNONS DE NOVEMBRE, CHAMPIGNONS DE OCTOBRE, CHAMPIGNONS DE SEPTEMBRE, Conifères, Feuillus, Les champignons, Pores, Pores adnés jaunes puis jaune-olive, Pores adnés ou échancrés, Un chapeau et un pied"
https://www.guidedeschampignons.com/produit/bolet-a-pied-creux/,BOLET À PIED CREUX,https://www.guidedeschampignons.com/wp-content/uploads/2021/08/suillus-cavipes_bolet-à-pied-creux.jpg,,Comestible médiocre,"2 à 15 cm, feutré à pelucheux, brun canelle à brun-roux, mamelonné.","Décurrents, jaunes puis olivâtres, assez larges et anguleux.",,"3 à 9 cm, creux, fragile, même couleur que le chapeau, avec un anneau blanc.",Crème,,Douce,"Uniquement sous mélèzes, en montagne",Juillet > Novembre,,"Bolet, Champignons comestibles médiocres, CHAMPIGNONS DE AOÛT, CHAMPIGNONS DE JUILLET, CHAMPIGNONS DE NOVEMBRE, CHAMPIGNONS DE OCTOBRE, CHAMPIGNONS DE SEPTEMBRE, Conifères, Les champignons, Mélèzes, Pores, Pores décurrents, Pores décurrents jaunes puis olivâtres, Un chapeau et un pied"
https://www.guidedeschampignons.com/produit/bolet-a-pied-rouge-neoboletus-erythropus-champignon-bon-comestible/,BOLET À PIED ROUGE,https://www.guidedeschampignons.com/wp-content/uploads/2020/12/Bollet-a-pied-rouge.jpg,,Bon comestible,"5 à 20 cm, sec, feutré, sombre et uniforme, brun chocolat à brun rougeâtre","Fins, orangés à rouge vif, très fortement bleuissants.",,"5 à 15 cm, épais, jaune à orangé, moucheté de petits points rouge vif très denses","Jaune vif, très vivement bleuissante",,Douce,Forêts de feuillus et de conifères,Juin > Novembre,,"Bolet, Champignons bons comestibles, CHAMPIGNONS DE AOÛT, CHAMPIGNONS DE JUILLET, CHAMPIGNONS DE JUIN, CHAMPIGNONS DE NOVEMBRE, CHAMPIGNONS DE OCTOBRE, CHAMPIGNONS DE SEPTEMBRE, Conifères, Feuillus, Les champignons, Pores, Pores adnés jaune orangé à rouge vif, Pores adnés ou échancrés, Un chapeau et un pied"
https://www.guidedeschampignons.com/produit/bolet-amer-tylopilus-felleus-champignon-a-rejeter/,BOLET AMER,https://www.guidedeschampignons.com/wp-content/uploads/2020/11/Tylopilus-felleus_Bolet-amer_page.jpg,,Comestible médiocre,"5 à 15 cm, mat, sec, café au lait, chamois ou ocre beige pâle, souvent craquelé par temps sec.","Larges, blancs puis roses",,"7 à 15 cm, souvent en massue, crème à beige, avec un réseau en relief sombre bien net",Blanchâtre,,Très amère,Forêts de conifères,Juillet > Novembre,,"Bolet, Champignons à rejeter, CHAMPIGNONS DE AOÛT, CHAMPIGNONS DE JUILLET, CHAMPIGNONS DE NOVEMBRE, CHAMPIGNONS DE OCTOBRE, CHAMPIGNONS DE SEPTEMBRE, Conifères, Feuillus, Les champignons, Pores, Pores adnés blancs puis rose pâle, Pores adnés ou échancrés, Un chapeau et un pied"
https://www.guidedeschampignons.com/produit/bolet-appendicule/,BOLET APPENDICULÉ,https://www.guidedeschampignons.com/wp-content/uploads/2021/08/Bolet-appendiculé_Boletus-appendiculatus.jpg,,Bon comestible,"3 5 à 18 cm, sec, parfois velouté, brun clair à brun rougeâtre.","Fins, jaunes, faiblement bleuissants au toucher.",,"5 à 15 cm, ventru, pointu à la base, jaune clair et brun rougeâtre en bas, avec un fin réseau jaune.","Épaisse, jaunâtre, faiblement bleuissante",,Douce,"Forêts de feuillus, surtout sous chênes et hêtres",Juillet > Octobre,,"Bolet, Champignons bons comestibles, CHAMPIGNONS DE AOÛT, CHAMPIGNONS DE JUILLET, CHAMPIGNONS DE OCTOBRE, CHAMPIGNONS DE SEPTEMBRE, Chênes, Feuillus, Hêtres, Les champignons, Pores, Pores adnés jaunes puis jaune-olive, Pores adnés ou échancrés, Un chapeau et un pied"
https://www.guidedeschampignons.com/produit/bolet-bai-imleria-badius-tres-bon-comestible/,BOLET BAI,https://www.guidedeschampignons.com/wp-content/uploads/2020/11/Xerocomus-badius_Bolet-bai_lagardere.jpg,,Très bon comestible,"5 à 15 cm, velouté par temps sec, visqueux par temps humide, brun-châtain uniforme à brun foncé, parfois très sombre","Fins, blanchâtres puis jaune olivâtre, très nettement bleuissants.",,"5 à 12 cm, lisse, cylindrique, brun ochracé à roussâtre","Ferme, blanchâtre à jaunâtre, bleuissante",,Douce,"Forêts de conifères, surtout sous les pins",Juin > Novembre,,"Bolet, Champignons bons comestibles, CHAMPIGNONS DE AOÛT, CHAMPIGNONS DE JUILLET, CHAMPIGNONS DE JUIN, CHAMPIGNONS DE NOVEMBRE, CHAMPIGNONS DE OCTOBRE, CHAMPIGNONS DE SEPTEMBRE, Conifères, Feuillus, Les champignons, Pins, Pores, Pores adnés blancs puis crème puis jaune-olive, Pores adnés ou échancrés, Un chapeau et un pied"
https://www.guidedeschampignons.com/produit/bolet-blafard-suillellus-luridus-champignon-toxique/,BOLET BLAFARD,https://www.guidedeschampignons.com/wp-content/uploads/2020/11/Boletus-luridus_Bolet-blaffard_page.jpg,,Toxique,"5 à 20 cm, sec, velouté, de couleur variable, ochracé à brun rosâtre, teinté de verdâtre, typiquement terne et blafard","Fins, jaunes puis vite rouge orangé, bleuissants au toucher.",,"5 à 15 cm, robuste, jaune à jaune orangé, avec un net réseau rouge","Jaunâtre, avec une ligne rouge juste au-dessus des tubes à la coupe, bleuissante",,Douce,Forêt de feuillus,Juillet > Septembre,,"Bolet, CHAMPIGNONS DE AOÛT, CHAMPIGNONS DE JUILLET, CHAMPIGNONS DE NOVEMBRE, CHAMPIGNONS DE OCTOBRE, CHAMPIGNONS DE SEPTEMBRE, Champignons toxiques, Feuillus, Les champignons, Pores, Pores adnés jaune orangé à rouge vif, Pores adnés ou échancrés, Un chapeau et un pied"
https://www.guidedeschampignons.com/produit/bolet-chatain/,BOLET CHÂTAIN,https://www.guidedeschampignons.com/wp-content/uploads/2021/04/Gyroporus_castaneus_Bolet-chatain.jpg,,Toxique,"3 à 12 cm, sec, mat, brun-châtain sombre à cannelle ou brun ocre pâle, velouté jeune",Blancs puis crème,,"4 à 8 cm, creux, cassant, irrégulier, même couleur que le chapeau",Blanche,,Douce,Forêts de feuillus et conifères,Août > Novembre,,"Bolet, CHAMPIGNONS DE AOÛT, CHAMPIGNONS DE NOVEMBRE, CHAMPIGNONS DE OCTOBRE, CHAMPIGNONS DE SEPTEMBRE, Champignons toxiques, Conifères, Feuillus, Les champignons, Pores, Pores adnés blancs puis crème puis jaune-olive, Pores adnés ou échancrés, Un chapeau et un pied"
https://www.guidedeschampignons.com/produit/bolet-craquele-leccinellum-crocipodium-comestible-mediocre/,BOLET CRAQUELÉ,https://www.guidedeschampignons.com/wp-content/uploads/2020/11/shutterstock_571279006_Bolet-craquelé_Leccinum-crocipodium.jpg,"bolet à pied jaune, bolet à pied safrané, bolet noircissant",Comestible médiocre,"4 à 15 cm, velouté, mat, jaune, brun-jaune ou fauve-orangé, craquelé à maturité","Fins, beige-jaunâtre à jaune vif, brunissant au toucher",,"5 à 12 cm, épais, plus fin à la base, jaune, couvert de fines mèches jaunes puis brunâtres ou noirâtres","Blanchâtre, devenant rose-rougeâtre à la coupe, puis violacée et enfin noirâtre",,Douce,"Forêts de feuillus, surtout sous chênes et hêtres",Juin > Octobre,Bolet des chênes verts,"Bolet, Champignons comestibles médiocres, CHAMPIGNONS DE AOÛT, CHAMPIGNONS DE JUILLET, CHAMPIGNONS DE JUIN, CHAMPIGNONS DE OCTOBRE, CHAMPIGNONS DE SEPTEMBRE, Chênes, Feuillus, Hêtres, Les champignons, Pores, Pores adnés jaunes puis jaune-olive, Pores adnés ou échancrés, Un chapeau et un pied"
https://www.guidedeschampignons.com/produit/bolet-de-quelet/,BOLET DE QUÉLET,https://www.guidedeschampignons.com/wp-content/uploads/2021/08/Bolet-de-Quélet_Boletus-queletii.jpg,,Bon comestible,"5 à 15 cm, velouté, sec, couleur variable, brun-orangé, cuivré, ou brun-rouge.","Jaunes puis orangés et enfin rouges, bleuissants.",,"5 à 15 cm, jaune au sommet, rouge betterave à la base, bleuissant, finement ponctué de rouge.","Jaune, rouge betterave dans la base du pied.",,Douce,"Forêts de feuillus, surtout sous chênes",Juin > Novembre,,"Bolet, Champignons bons comestibles, CHAMPIGNONS DE AOÛT, CHAMPIGNONS DE JUILLET, CHAMPIGNONS DE JUIN, CHAMPIGNONS DE NOVEMBRE, CHAMPIGNONS DE OCTOBRE, CHAMPIGNONS DE SEPTEMBRE, Chênes, Feuillus, Les champignons, Pores, Pores adnés jaune orangé à rouge vif, Pores adnés ou échancrés, Un chapeau et un pied"
https://www.guidedeschampignons.com/produit/bolet-des-bouviers-suillus-bovinus-champignon-a-rejeter/,BOLET DES BOUVIERS,https://www.guidedeschampignons.com/wp-content/uploads/2020/11/Suillus-bovinus_Bolet-des-bouviers_mombert.jpg,,À rejeter,"4 à 10 cm, visqueux, mou, brun-jaune, ocre à beige, parfois teinté de rose","Adnés à décurrents, larges, anguleux, jaunes à olivâtres",,"3 à 10 cm, mince, lisse, de même couleur que le chapeau ou plus clair","Crème à jaunâtre, molle, élastique, un peu bleuissante",,Douce,Uniquement sous les pins,Juillet > Novembre,,"Bolet, Champignons à rejeter, CHAMPIGNONS DE AOÛT, CHAMPIGNONS DE JUILLET, CHAMPIGNONS DE NOVEMBRE, CHAMPIGNONS DE OCTOBRE, CHAMPIGNONS DE SEPTEMBRE, Conifères, Les champignons, Pins, Pores, Pores adnés jaunes puis jaune-olive, Pores adnés ou échancrés, Pores décurrents, Pores décurrents jaunes puis olivâtres, Un chapeau et un pied"
https://www.guidedeschampignons.com/produit/bolet-des-chenes-verts-leccinellum-lepidum-champignon-comestible/,BOLET DES CHÊNES VERTS,https://www.guidedeschampignons.com/wp-content/uploads/2020/11/Leccinum-lepidum_Bolet-des-chênes-verts_moingeon.jpg,,Comestible,"3 à 15 cm, feutré, bosselé, souvent craquelé, brun foncé à brun-fauve ou brun ochracé","Fins, jaune citron à jaune olivâtre, roussissant au toucher",,"8 à 11 cm, jaunâtre, roussissant au toucher, couvert de fines mèches jaunes","Crème à jaunâtre, devenant gris-violet, puis noirâtre à la coupe",,Douce,Uniquement sous les chênes verts et les chênes-lièges,Juin > Octobre,,"Bolet, Champignons comestibles médiocres, CHAMPIGNONS DE AOÛT, CHAMPIGNONS DE JUILLET, CHAMPIGNONS DE JUIN, CHAMPIGNONS DE OCTOBRE, CHAMPIGNONS DE SEPTEMBRE, Chênes, Feuillus, Les champignons, Pores, Pores adnés jaunes puis jaune-olive, Pores adnés ou échancrés, Un chapeau et un pied"
https://www.guidedeschampignons.com/produit/bolet-elegant-suillus-greville-champignon-a-rejeter/,BOLET ÉLÉGANT,https://www.guidedeschampignons.com/wp-content/uploads/2020/11/Suillus-grevillei_Bolet-élégant_mombert.jpg,,À rejeter,"2 à 15 cm, lisse, visqueux, jaune citron, jaune orangé vif à roussâtre","Fins, jaune vif, brunissant au toucher",,"3 à 12 cm, visqueux, jaune au sommet, veiné de roussâtre vers la base, avec un anneau blanchâtre",Jaune vif puis crème,,Douce,"Toujours sous les mélèzes, parfois les douglas",Juillet > Octobre,,"Bolet, Champignons à rejeter, CHAMPIGNONS DE AOÛT, CHAMPIGNONS DE JUILLET, CHAMPIGNONS DE OCTOBRE, CHAMPIGNONS DE SEPTEMBRE, Conifères, Les champignons, Mélèzes, Pins, Pores, Pores adnés jaunes puis jaune-olive, Pores adnés ou échancrés, Un chapeau et un pied"
https://www.guidedeschampignons.com/produit/bolet-granule-suillus-granulatus-champignon-comestible-mediocre/,BOLET GRANULÉ,https://www.guidedeschampignons.com/wp-content/uploads/2020/11/Suillus-granulatus_Bolet-granulé_mombert.jpg,,Comestible médiocre,"4 à 14 cm, visqueux, jaunâtre, jaune ochracé à brun-roux","Adnés à un peu décurrents, fins, crème jaunâtre puis jaunes, pleurant de fines gouttelettes laiteuses",,"3 à 10 cm, blanchâtre à jaunâtre, finement granuleux au sommet",Blanchâtre à jaune,,Douce,Uniquement sous les pins,Juillet > Octobre,,"Bolet, Champignons comestibles médiocres, CHAMPIGNONS DE AOÛT, CHAMPIGNONS DE JUILLET, CHAMPIGNONS DE OCTOBRE, CHAMPIGNONS DE SEPTEMBRE, Conifères, Les champignons, Pins, Pores, Pores adnés jaunes puis jaune-olive, Pores adnés ou échancrés, Un chapeau et un pied"
https://www.guidedeschampignons.com/produit/bolet-indigotier-gyroporus-cyanescens-champignon-a-rejeter/,BOLET INDIGOTIER,https://www.guidedeschampignons.com/wp-content/uploads/2020/11/iStock-531315996_Bolet-indigotier_gyroporus-cyanescens.jpg,,À rejeter,"4 à 12 cm, sec, mat, velouté, blanchâtre, crème ochracé à ocre jaune","Fins, blancs puis jaunâtres, bleuissant vivement au toucher",,"4 à 10 cm, épais, de même couleur que le chapeau, creux.","Blanche, bleuissant très vivement et intensément à la coupe",,Douce,Forêts de feuillus et de conifères,Juillet > Novembre,,"Bolet, Champignons à rejeter, CHAMPIGNONS DE AOÛT, CHAMPIGNONS DE JUILLET, CHAMPIGNONS DE NOVEMBRE, CHAMPIGNONS DE OCTOBRE, CHAMPIGNONS DE SEPTEMBRE, Conifères, Feuillus, Les champignons, Pores, Pores adnés blancs puis crème puis jaune-olive, Pores adnés ou échancrés, Un chapeau et un pied"
https://www.guidedeschampignons.com/produit/bolet-jaune-suillus-luteus-champignon-bon-comestible/,BOLET JAUNE,https://www.guidedeschampignons.com/wp-content/uploads/2020/11/Suillus-luteus_Bolet-jaune_mombert.jpg,,Bon comestible,"4 à 14 cm, très visqueux, brun-jaune, brun-chocolat à brun-pourpre.","Fins, jaune vif puis jaune olivâtre",,"3 à 12 cm, blanc puis jaune, brunâtre à la base, avec un anneau ample blanchâtre et violacé en dessous.","Crème à jaunâtre, épaisse","Faible, fruitée","Douce, acidulée",Uniquement sous les pins,Août > Novembre,,"Bolet, Champignons bons comestibles, CHAMPIGNONS DE AOÛT, CHAMPIGNONS DE NOVEMBRE, CHAMPIGNONS DE OCTOBRE, CHAMPIGNONS DE SEPTEMBRE, Conifères, Les champignons, Pins, Pores, Pores adnés jaunes puis jaune-olive, Pores adnés ou échancrés, Un chapeau et un pied"
https://www.guidedeschampignons.com/produit/bolet-orange-des-chenes-leccinum-aurantiacum-bon-comestible/,BOLET ORANGÉ DES CHÊNES,https://www.guidedeschampignons.com/wp-content/uploads/2020/11/Leccinum-aurantiacum_Bolet-orangé-des-chênes_mombert.jpg,,Bon comestible,"4 à 20 cm, sec, lisse, feutré, orangé vif à orangé rougeâtre, le bord du chapeau débordant sur les pores en dessous",Blancs puis grisâtres et enfin brun-gris,,"6 à 20 cm, élancé, blanc, couvert de fines écailles pâles vite roussissantes puis noircissantes","Blanche, puis rosissante, gris-lilas et enfin gris noirâtre à la coupe",Faible,Douce,Forêts de feuillus,Septembre > Novembre,,"Bolet, Champignons bons comestibles, CHAMPIGNONS DE NOVEMBRE, CHAMPIGNONS DE OCTOBRE, CHAMPIGNONS DE SEPTEMBRE, Feuillus, Les champignons, Pores, Pores adnés blancs puis grisâtres, Pores adnés ou échancrés, Un chapeau et un pied"
https://www.guidedeschampignons.com/produit/bolet-poivre-chalciporus-piperatus-champignon-a-rejeter/,BOLET POIVRÉ,https://www.guidedeschampignons.com/wp-content/uploads/2020/11/Chalciporus-piperatus_Bolet-poivré_page.jpg,,À rejeter,"2 à 10 cm, sec ou visqueux par temps humide, brun-jaune à brun-rouge cuivré","Assez larges, polygonaux, cuivrés puis brun-rouille",,"4 à 10 cm, grêle, brun-jaune à brun-rouge. Mycélium jaune vif à la base","Crème, jaune vif dans le pied",,Très poivrée,Forêts de feuillus et de conifères,Juillet > Octobre,,"Bolet, Champignons à rejeter, CHAMPIGNONS DE AOÛT, CHAMPIGNONS DE JUILLET, CHAMPIGNONS DE OCTOBRE, CHAMPIGNONS DE SEPTEMBRE, Conifères, Feuillus, Les champignons, Pores, Pores adnés cuivrés puis brun-rouille, Pores adnés ou échancrés, Un chapeau et un pied"
https://www.guidedeschampignons.com/produit/bolet-pomme-de-pin-strobilomyces-strobilaceus-champignon-a-rejeter/,BOLET POMME DE PIN,https://www.guidedeschampignons.com/wp-content/uploads/2020/11/shutterstock_214904197_Bolet-pomme-de-pin_Strobilomyces-strobilaceus.jpg,,À rejeter,"4 à 15 cm, couvert d’écailles laineuses épaisses et sombres, pyramidales, gris-noir ou brun-noir sur fond gris plus pâle","Gris pâle puis gris-brun, rougissant au toucher",,"5 à 15 cm, élancé, de même couleur que le chapeau, laineux à floconneux, avec un anneau bien visible chez les jeunes","Blanchâtre, rougissant nettement puis noircissant à la coupe",,Douce,"Forêts de feuillus et de conifères, plutôt en montagne",Juillet > Octobre,,"Bolet, Champignons à rejeter, CHAMPIGNONS DE AOÛT, CHAMPIGNONS DE JUILLET, CHAMPIGNONS DE OCTOBRE, CHAMPIGNONS DE SEPTEMBRE, Conifères, Feuillus, Les champignons, Pores, Pores adnés gris puis gris-brun, Pores adnés ou échancrés, Un chapeau et un pied"
https://www.guidedeschampignons.com/produit/bolet-roux-leccinum-versipelle-champignon-bon-comestible/,BOLET ROUX,https://www.guidedeschampignons.com/wp-content/uploads/2020/11/shutterstock_274210742_Bolet-roux_Leccinum-versipelle.jpg,,Bon comestible,"3 à 18 cm, velouté, mat, ocre orangé à brun orangé vif, le bord débordant sur les pores en dessous",Gris puis gris-brun,,"3 à 20 cm, long, robuste, blanc, très densément couvert de fines écailles brun sombre à noires","Blanche, puis rosissante, gris violacé et enfin noirâtre à la coupe",Faible,Douce,Uniquement sous les bouleaux,Juin > Octobre,,"Bolet, Bouleaux, Champignons bons comestibles, CHAMPIGNONS DE AOÛT, CHAMPIGNONS DE JUILLET, CHAMPIGNONS DE JUIN, CHAMPIGNONS DE OCTOBRE, CHAMPIGNONS DE SEPTEMBRE, Feuillus, Les champignons, Pores, Pores adnés gris puis gris-brun, Pores adnés ou échancrés, Un chapeau et un pied"
https://www.guidedeschampignons.com/produit/bolet-rude-leccinum-scabrum-comestible-mediocre/,BOLET RUDE,https://www.guidedeschampignons.com/wp-content/uploads/2020/11/Leccinum-scabrum_Bolet-rude_mombert.jpg,,Comestible médiocre,"5 à 15 cm, lisse, velouté, ocre brun, brun tabac ou brun-châtain, parfois plus sombre","Blanchâtres, puis grisâtres et enfin brun ochracé",,"6 à 20 cm, long, blanchâtre, couvert de fines écailles grises puis brun noirâtre",Blanchâtre,,Douce,Uniquement sous les bouleaux,Juin > Octobre,,"Bolet, Bouleaux, Champignons comestibles médiocres, CHAMPIGNONS DE AOÛT, CHAMPIGNONS DE JUILLET, CHAMPIGNONS DE JUIN, CHAMPIGNONS DE OCTOBRE, CHAMPIGNONS DE SEPTEMBRE, Feuillus, Les champignons, Pores, Pores adnés blancs puis grisâtres, Pores adnés ou échancrés, Un chapeau et un pied"
https://www.guidedeschampignons.com/produit/bolet-satan-rubroletus-satanas-champignon-toxique/,BOLET SATAN,https://www.guidedeschampignons.com/wp-content/uploads/2020/11/Bolet-Satan.jpg,,Toxique,"5 à 25 voire 30 cm, mat, blanchâtre à gris-beige mastic, puis teinté de gris-brun olivâtre","Assez fins, jaune orangé puis rouge orangé à rouge sang, bleuissant au toucher",,"5 à 15 cm, épais, ventru, jaune au sommet, rose vif vers la base, avec un réseau assez net","Blanchâtre à jaunâtre, faiblement bleuissante",,Douce,Forêts de feuillus,Juillet > Novembre,,"Bolet, CHAMPIGNONS DE AOÛT, CHAMPIGNONS DE JUILLET, CHAMPIGNONS DE NOVEMBRE, CHAMPIGNONS DE OCTOBRE, CHAMPIGNONS DE SEPTEMBRE, Champignons toxiques, Feuillus, Les champignons, Pores, Pores adnés jaune orangé à rouge vif, Un chapeau et un pied"
https://www.guidedeschampignons.com/produit/calocere-visqueuse-calocera-viscosa-champignon-a-rejeter/,CALOCÈRE VISQUEUSE,https://www.guidedeschampignons.com/wp-content/uploads/2021/07/Calocera-viscosa_Calocere-visqueuse_pourre.jpg,Calocera viscosa,À rejeter,,,,Tronc assez ferme à la base,"Coriace et élastique, jaune",,Douce,Sur les souches ou les débris de bois de conifères,Juin > Novembre,,"Bois morts ou vivants, Champignons à rejeter, CHAMPIGNONS DE AOÛT, CHAMPIGNONS DE JUILLET, CHAMPIGNONS DE JUIN, CHAMPIGNONS DE NOVEMBRE, CHAMPIGNONS DE OCTOBRE, CHAMPIGNONS DE SEPTEMBRE, Conifères, Formes diverses, Les champignons, Ramifié, Souches"
https://www.guidedeschampignons.com/produit/calvatie-en-coupe-calvatia-excipuliformis-comestible-jeune/,CALVATIE EN COUPE,https://www.guidedeschampignons.com/wp-content/uploads/2020/11/Calvatia-excipuliformis_Calvatie-en-coupe_mombert.jpg,,Comestible jeune,"En forme de poire avec le pied bien individualisé. Tête sphérique (3 à 8 cm), blanche à brunâtre, couverte de petits aiguillons fragiles. À maturité, la tête se décompose.",,,"Long (2 à 8 cm), de la même couleur que le chapeau. Persiste longtemps après que la tête a disparu.","Cotonneuse, blanche puis olivâtre et pulvérulente dans la partie haute.",,Douce,Forêts de feuillus et de conifères,Juillet > Novembre,,"Champignons comestibles médiocres, CHAMPIGNONS DE AOÛT, CHAMPIGNONS DE JUILLET, CHAMPIGNONS DE NOVEMBRE, CHAMPIGNONS DE OCTOBRE, CHAMPIGNONS DE SEPTEMBRE, Conifères, En boule ou en étoile, Feuillus, Les champignons"
https://www.guidedeschampignons.com/produit/cepe-bronze-boletus-aereus-champignon-excellent-comestible/,CÈPE BRONZÉ,https://www.guidedeschampignons.com/wp-content/uploads/2020/11/Cepe-bronze.jpg,,Excellent comestible,"4 à 25 cm, sec, velouté, brun-noir à brun sombre, parfois teinté d’ochracé.","Fins, blancs puis crème et enfin jaune olivâtre.",,"5 à 15 cm, ventru, beige ochracé à brunâtre ou roussâtre, avec un réseau brunâtre discret.",Blanche,,Douce,"Forêts de feuillus, surtout sous les chênes",Juillet > Octobre,,"Cèpes, CHAMPIGNONS DE AOÛT, CHAMPIGNONS DE JUILLET, CHAMPIGNONS DE OCTOBRE, CHAMPIGNONS DE SEPTEMBRE, Champignons excellents comestibles, Chênes, Feuillus, Les champignons, Pores, Pores adnés blancs puis crème puis jaune-olive, Pores adnés ou échancrés, Un chapeau et un pied"
https://www.guidedeschampignons.com/produit/cepe-dete-boletus-aestivalis-excellent-comestible/,CÈPE D’ÉTÉ,https://www.guidedeschampignons.com/wp-content/uploads/2020/11/Cepe-dete.jpg,,Excellent comestible,"4 à 20 cm, sec, finement feutré, craquelé par temps sec, brun chaud, brun-châtain à café au lait clair.","Fins, blancs puis jaunes et enfin olivâtres.",,"5 à 15 cm, allongé, robuste, brun pâle à beige, avec un réseau blanc net.",Blanche,,Douce,Forêts de feuillus,Mai > Septembre,,"Cèpes, CHAMPIGNONS DE AOÛT, CHAMPIGNONS DE JUILLET, CHAMPIGNONS DE JUIN, CHAMPIGNONS DE MAI, CHAMPIGNONS DE SEPTEMBRE, Champignons excellents comestibles, Feuillus, Les champignons, Pores, Pores adnés blancs puis crème puis jaune-olive, Pores adnés ou échancrés, Un chapeau et un pied"
https://www.guidedeschampignons.com/produit/cepe-de-bordeaux-boletus-edulis-champignon-delicieux/,CÈPE DE BORDEAUX,https://www.guidedeschampignons.com/wp-content/uploads/2020/11/Boletus-edulis_Cèpe-de-bordeaux_lagardere.jpg,,Excellent comestible,"4 à 25 cm, un peu gras au toucher, lisse, brun clair à brun sombre, à bord plus pâle avec un fin liseré blanchâtre","Fins, blancs puis jaunes et enfin olivâtres",,"6 à 20 cm, renflé, robuste, blanchâtre à brun clair, avec un réseau clair seulement visible au sommet","Blanche, brun-rose sous la peau du chapeau",,Douce,Forêts de feuillus et de conifères,Septembre > Novembre,,"Cèpes, CHAMPIGNONS DE NOVEMBRE, CHAMPIGNONS DE OCTOBRE, CHAMPIGNONS DE SEPTEMBRE, Champignons excellents comestibles, Conifères, Feuillus, Les champignons, Pores, Pores adnés blancs puis crème puis jaune-olive, Pores adnés ou échancrés, Un chapeau et un pied"
https://www.guidedeschampignons.com/produit/cepe-des-pins-boletus-pinophilus-champignon-excellent-comestible/,CÈPE DES PINS,https://www.guidedeschampignons.com/wp-content/uploads/2020/11/iStock-1297567154_Cèpe-des-pins_Boletus-pinophilus.jpg,,Excellent comestible,"4 à 25 cm, lisse, souvent ridé, brun-rouge sombre à acajou, finement poudré de blanchâtre","Fins, blancs puis jaunes et enfin olivâtres",,"5 à 15 cm, obèse puis allongé, ocre brun à brun roussâtre, avec un réseau brunâtre discret","Blanche, rosée sous la peau du chapeau",,Douce,Forêts de feuillus et de conifères,Mai à juin puis septembre à novembre,,"Cèpes, CHAMPIGNONS DE JUIN, CHAMPIGNONS DE MAI, CHAMPIGNONS DE NOVEMBRE, CHAMPIGNONS DE OCTOBRE, CHAMPIGNONS DE SEPTEMBRE, Champignons excellents comestibles, Conifères, Feuillus, Les champignons, Pores, Pores adnés blancs puis crème puis jaune-olive, Pores adnés ou échancrés, Un chapeau et un pied"
https://www.guidedeschampignons.com/produit/chanterelle-cendree-craterellus-cinereus-excellent-comestible/,CHANTERELLE CENDRÉE,https://www.guidedeschampignons.com/wp-content/uploads/2020/11/Chanterelle-cendree.jpg,,Très bon comestible,"En entonnoir (2 à 6 cm), gris-noir à gris cendré, à bord très ondulé",,,"2 à 8 cm, noir à gris cendré, creux.",Très mince,,Douce,Forêts de feuillus,Août > Novembre,,"Champignons bons comestibles, CHAMPIGNONS DE AOÛT, CHAMPIGNONS DE NOVEMBRE, CHAMPIGNONS DE OCTOBRE, CHAMPIGNONS DE SEPTEMBRE, Chanterelle, Feuillus, Lames décurrentes, Lames décurrentes grises gris-jaune ou noirâtres, Lames ou plis, Les champignons, Un chapeau et un pied"
https://www.guidedeschampignons.com/produit/chanterelle-en-tube/,CHANTERELLE EN TUBE,https://www.guidedeschampignons.com/wp-content/uploads/2020/02/Chanterelle-en-tube.jpg,,Excellent comestible,"En entonnoir (2 à 6 cm), lisse, brun, brun-jaune à brun grisâtre, à bord ondulé.",,,"3 à 8 cm, creux, lisse, ocre jaune, jaune-brun à jaune grisâtre.",Très mince,,Douce,Surtout forêts de conifères,Septembre > Décembre,,"CHAMPIGNONS DE DECEMBRE, CHAMPIGNONS DE NOVEMBRE, CHAMPIGNONS DE OCTOBRE, CHAMPIGNONS DE SEPTEMBRE, Champignons excellents comestibles, Chanterelle, Conifères, Lames décurrentes, Lames décurrentes grises gris-jaune ou noirâtres, Lames ou plis, Les champignons, Un chapeau et un pied"
https://www.guidedeschampignons.com/produit/chanterelle-jaune-craterellus-lutescens-excellent-comestible/,CHANTERELLE JAUNE,https://www.guidedeschampignons.com/wp-content/uploads/2020/11/Chanterelle-Jaune.jpg,,Excellent comestible,"1 à 5 cm, en entonnoir, brun-châtain à brun-jaune, à bord ondulé",,,"3 à 8 cm, lisse, creux, jaune à jaune orangé","Mince, élastique",,Douce,Forêts de conifères,Août > Novembre,,"CHAMPIGNONS DE AOÛT, CHAMPIGNONS DE NOVEMBRE, CHAMPIGNONS DE OCTOBRE, CHAMPIGNONS DE SEPTEMBRE, Champignons excellents comestibles, Chanterelle, Conifères, Les champignons, Lisse ou presque lisse, Pins, Un chapeau et un pied"
https://www.guidedeschampignons.com/produit/chanterelle-violette-gomphus-clavatus-bon-comestible/,CHANTERELLE VIOLETTE,https://www.guidedeschampignons.com/wp-content/uploads/2020/11/Gomphus-clavatus_Chanterelle-violette_pourre.jpg,,Bon comestible,"À sommet plat comme tronqué (2 à 10 cm), violet vif, puis tirant vers l’ochracé ou le brun ochracé.",,,"Court et massif, dans la continuité des plis et de la même couleur.",Épaisse et blanche,,Douce,"Forêts de conifères, en montagne",Juillet > Octobre,,"Champignons bons comestibles, CHAMPIGNONS DE AOÛT, CHAMPIGNONS DE JUILLET, CHAMPIGNONS DE OCTOBRE, CHAMPIGNONS DE SEPTEMBRE, Conifères, En massue, Formes diverses, Les champignons, Un chapeau et un pied"
https://www.guidedeschampignons.com/produit/clathre-darcher-anthurus-archeri-champignon-a-rejeter/,CLATHRE D’ARCHER,https://www.guidedeschampignons.com/wp-content/uploads/2020/11/Anthurus-archeri_Clathre-dArcher_lagardere.jpg,Anthurus archeri,À rejeter,,,,Absent,,,Douce,Forêts de feuillus et de conifères,Juillet > Novembre,,"Champignons à rejeter, CHAMPIGNONS DE AOÛT, CHAMPIGNONS DE JUILLET, CHAMPIGNONS DE NOVEMBRE, CHAMPIGNONS DE OCTOBRE, CHAMPIGNONS DE SEPTEMBRE, Conifères, En boule ou en étoile, Feuillus, Formes diverses, Formes phallique, en cage ou tentaculaire, Les champignons"
https://www.guidedeschampignons.com/produit/clathre-rouge-clathrus-ruber-champignon-a-rejeter-coeur-de-sorciere/,CLATHRE ROUGE,https://www.guidedeschampignons.com/wp-content/uploads/2020/11/Clathrus_ruber_Clathre-rouge_francini.jpg,Clathrus ruberSynonyme : cœur-de-sorcière,À rejeter,,,,Absent,,,Douce,Forêts de feuillus et de conifères,Juillet > Novembre,,"Champignons à rejeter, CHAMPIGNONS DE AOÛT, CHAMPIGNONS DE JUILLET, CHAMPIGNONS DE NOVEMBRE, CHAMPIGNONS DE OCTOBRE, CHAMPIGNONS DE SEPTEMBRE, Conifères, Feuillus, Formes diverses, Formes phallique, en cage ou tentaculaire, Les champignons"
https://www.guidedeschampignons.com/produit/clavaire-a-cretes/,CLAVAIRE À CRÊTES,https://www.guidedeschampignons.com/wp-content/uploads/2020/11/Clavulina_cristata_Clavaire-à-crête_francini.jpg,Clavulina cristataSynonyme : crête-de-coq,Comestible médiocre,,,,"Tronc court, blanchâtre ou gris, souvent torsadé; base feutrée.",,,Douce,Forêts de feuillus et de conifères,Août > Novembre,,"Champignons comestibles médiocres, CHAMPIGNONS DE AOÛT, CHAMPIGNONS DE NOVEMBRE, CHAMPIGNONS DE OCTOBRE, CHAMPIGNONS DE SEPTEMBRE, Clavaire, Conifères, Feuillus, Formes diverses, Les champignons, Ramifié"
https://www.guidedeschampignons.com/produit/clavaire-chou-fleur-ramaria-botrytis-bon-comestible/,CLAVAIRE CHOU-FLEUR,https://www.guidedeschampignons.com/wp-content/uploads/2020/11/shutterstock_1181926894_Clavaire-chou-fleur_Ramaria-botrytis.jpg,Ramaria botrytis,Bon comestible,,,,"Tronc massif, blanc à ocre, d’où partent les rameaux","Blanche, épaisse",,Douce,Forêts de feuillus et de conifères,Septembre > Novembre,,"Champignons bons comestibles, CHAMPIGNONS DE NOVEMBRE, CHAMPIGNONS DE OCTOBRE, CHAMPIGNONS DE SEPTEMBRE, Clavaire, Conifères, Feuillus, Formes diverses, Les champignons, Ramifié"
https://www.guidedeschampignons.com/produit/clavaire-crepue-sparassis-crispa-bon-comestible/,CLAVAIRE CRÉPUE,https://www.guidedeschampignons.com/wp-content/uploads/2020/11/Sparassis-crispa_Clavaire-crepue_francini.jpg,,Bon comestible,,,,Absent,"Blanche, un peu élastique",,"Douce, de noix","Au pied des conifères, surtout les pins",Juillet > Novembre,,"Champignons bons comestibles, CHAMPIGNONS DE AOÛT, CHAMPIGNONS DE JUILLET, CHAMPIGNONS DE NOVEMBRE, CHAMPIGNONS DE OCTOBRE, CHAMPIGNONS DE SEPTEMBRE, Clavaire, Conifères, Formes diverses, Les champignons, Pins, Ramifié"
https://www.guidedeschampignons.com/produit/clavaire-doree-ramaria-aurea-bon-comestible/,CLAVAIRE DORÉE,https://www.guidedeschampignons.com/wp-content/uploads/2020/11/Ramaria-aurea_Clavaire-dorée_pourre.jpg,,Bon comestible,,,,"Tronc épais, blanchâtre et jaune citron en haut","Blanche, épaisse",,Douce,Forêts de feuillus et de conifères,Septembre > Novembre,,"Champignons bons comestibles, CHAMPIGNONS DE NOVEMBRE, CHAMPIGNONS DE OCTOBRE, CHAMPIGNONS DE SEPTEMBRE, Clavaire, Conifères, Feuillus, Formes diverses, Les champignons, Ramifié"
https://www.guidedeschampignons.com/produit/clavaire-droite-ramaria-stricta-champignon-a-rejeter/,CLAVAIRE DROITE,https://www.guidedeschampignons.com/wp-content/uploads/2020/11/Ramaria-stricta_Clavaire-droite_lagardere.jpg,Ramaria stricta,À rejeter,,,,Tronc commun d’où partent les rameaux,"Blanchâtre à jaunâtre, élastique et coriace",,Légèrement amère,Bois mort de feuillus,Août > Novembre,,"Bois morts ou vivants, Champignons à rejeter, CHAMPIGNONS DE AOÛT, CHAMPIGNONS DE NOVEMBRE, CHAMPIGNONS DE OCTOBRE, CHAMPIGNONS DE SEPTEMBRE, Clavaire, Feuillus, Formes diverses, Les champignons, Ramifié"
https://www.guidedeschampignons.com/produit/clavaire-elegante-ramaria-formosa-champignon-toxique/,CLAVAIRE ÉLÉGANTE,https://www.guidedeschampignons.com/wp-content/uploads/2020/11/Ramaria_formosa_Clavaire-élégante_francini.jpg,,Toxique,"Buisson charnu (7 à 15 cm) composé de nombreux rameaux, rose saumon puis ocre rose, avec les sommets longtemps jaune vif.",,,"Tronc massif, blanchâtre, d’où partent les rameaux.",Blanche à rosâtre,,Amère,Bois mort de feuillus,Septembre > Décembre,"Clavaire dorée, clavaire chou-fleur","Bois morts ou vivants, CHAMPIGNONS DE DECEMBRE, CHAMPIGNONS DE NOVEMBRE, CHAMPIGNONS DE OCTOBRE, CHAMPIGNONS DE SEPTEMBRE, Champignons toxiques, Clavaire, Feuillus, Formes diverses, Les champignons, Ramifié"
https://www.guidedeschampignons.com/produit/clavaire-en-pilon-clavariadelphus-pistillaris-champignon-a-rejeter/,CLAVAIRE EN PILON,https://www.guidedeschampignons.com/wp-content/uploads/2021/07/iStock-1020046534_Clavaire-en-pilon_Clavariadelphus-pistillaris.jpg,,À rejeter,,,,,"Blanche, spongieuse",,Amère,Forêts de feuillus,Août > Novembre,,"Champignons à rejeter, CHAMPIGNONS DE AOÛT, CHAMPIGNONS DE NOVEMBRE, CHAMPIGNONS DE OCTOBRE, CHAMPIGNONS DE SEPTEMBRE, Clavaire, En massue, Feuillus, Formes diverses, Les champignons"
https://www.guidedeschampignons.com/produit/clavaire-rugueuse/,CLAVAIRE RUGUEUSE,https://www.guidedeschampignons.com/wp-content/uploads/2021/08/Clavulina_rugosa_clavaire-rugueuse.jpg,Clavulina rugosa,Comestible médiocre,,,,,"Blanche, molle",,Douce,Bois de conifères,Été et automne,,"Champignons comestibles médiocres, CHAMPIGNONS DE AOÛT, CHAMPIGNONS DE JUILLET, CHAMPIGNONS DE JUIN, CHAMPIGNONS DE NOVEMBRE, CHAMPIGNONS DE OCTOBRE, CHAMPIGNONS DE SEPTEMBRE, Clavaire, Conifères, Formes diverses, Les champignons, Ramifié"
https://www.guidedeschampignons.com/produit/clavaire-tronquee-clavariadelphus-truncatus-champignon-a-rejeter/,CLAVAIRE TRONQUÉE,https://www.guidedeschampignons.com/wp-content/uploads/2021/07/Clavariadelphus-truncatus_Clavaire-tronquee_pourre.jpg,Clavariadelphus truncatus,À rejeter,,,,,"Épaisse, spongieuse, blanche",,Douce,Forêts de conifères,Août > Octobre,,"Champignons à rejeter, CHAMPIGNONS DE AOÛT, CHAMPIGNONS DE OCTOBRE, CHAMPIGNONS DE SEPTEMBRE, Clavaire, Conifères, En massue, Formes diverses, Les champignons"
https://www.guidedeschampignons.com/produit/clitocybe-a-bonne-odeur/,CLITOCYBE À BONNE ODEUR,https://www.guidedeschampignons.com/wp-content/uploads/2020/11/Clitocybe-amoenolens_Clitocybe-à-bonne-odeur_moingeon.jpg,,Toxique,"3 à 8 cm, beige-crème puis ocre roux, à bord longtemps enroulé. Centre mamelonné ou creusé plus sombre.",,,"2 à 5 cm, blanc à crème puis roux",Blanche,,"Douce, parfois de farine",Forêts de conifères,Septembre > Novembre,,"CHAMPIGNONS DE AOÛT, CHAMPIGNONS DE NOVEMBRE, CHAMPIGNONS DE OCTOBRE, CHAMPIGNONS DE SEPTEMBRE, Champignons toxiques, Conifères, Lames décurrentes, Lames décurrentes blanches ou crème, Les champignons"
https://www.guidedeschampignons.com/produit/clitocybe-a-pied-en-massue/,CLITOCYBE À PIED EN MASSUE,https://www.guidedeschampignons.com/wp-content/uploads/2020/11/Ampulloclitocybe-clavipes_Clitocybe-à-pied-en-massue_mombert.jpg,,Toxique,"2 à 9 cm, gris-jaune à brun jaunâtre, mou au centre, comme rempli de coton.",,,"En massue (2 à 8 cm), de même couleur que le chapeau, base molle et spongieuse.","Blanchâtre, molle",,Douce,Forêts de feuillus et de conifères,Août > Octobre,,"CHAMPIGNONS DE AOÛT, CHAMPIGNONS DE OCTOBRE, CHAMPIGNONS DE SEPTEMBRE, Champignons toxiques, Conifères, Feuillus, Lames décurrentes, Lames décurrentes blanches ou crème, Les champignons"
https://www.guidedeschampignons.com/produit/clitocybe-en-coupe/,CLITOCYBE EN COUPE,https://www.guidedeschampignons.com/wp-content/uploads/2020/11/Pseudoclitocybe-cyathiformis_Clitocybe-en-coupe_page.jpg,,À rejeter,"En entonnoir (1 à 8 cm), lisse, gris-brun à brun sombre, plus clair sur le bord",,,"4 à 12 cm, gris-brun, finement strié de gris clair, plus large à la base",Grisâtre,,Douce,"Forêts de feuillus et de conifères, dans la mousse",Octobre > Décembre,,"Champignons à rejeter, CHAMPIGNONS DE DECEMBRE, CHAMPIGNONS DE NOVEMBRE, CHAMPIGNONS DE OCTOBRE, Conifères, Dans la mousse, Feuillus, Lames décurrentes, Lames décurrentes blanches ou crème, Lames ou plis, Les champignons, Un chapeau et un pied"
https://www.guidedeschampignons.com/produit/clitocybe-en-entonnoir/,CLITOCYBE EN ENTONNOIR,https://www.guidedeschampignons.com/wp-content/uploads/2020/11/Infundibulicybe-gibba_Clitocybe-en-entonnoir_mombert.jpg,,Comestible,"3 à 7 cm, vite en entonnoir, mat, beige à ocre, petit mamelon au centre.",,,"3 à 7 cm, blanc à crème, lisse","Mince, Blanche",,Douce,Forêts de feuillus et de conifères,Septembre > Novembre,,"Champignons comestibles médiocres, CHAMPIGNONS DE NOVEMBRE, CHAMPIGNONS DE OCTOBRE, CHAMPIGNONS DE SEPTEMBRE, Conifères, Feuillus, Lames décurrentes, Lames décurrentes blanches ou crème, Lames ou plis, Les champignons, Un chapeau et un pied"
https://www.guidedeschampignons.com/produit/clitocybe-en-touffe-leucocybe-connata-champignon-toxique/,CLITOCYBE EN TOUFFE,https://www.guidedeschampignons.com/wp-content/uploads/2020/11/Clitocybe-connata_Clitocybe-en-touffes_pourre.jpg,,Toxique,"1 à 10 cm, blanc à gris, parfois avec des fossettes translucides.",,,"3 à 10 cm, blanc, devenant creux avec l’âge","Blanche, élastique",,Douce,"Talus, au bord des chemins, lisières de bois",Août > Novembre,,"Bords des chemins, CHAMPIGNONS DE AOÛT, CHAMPIGNONS DE NOVEMBRE, CHAMPIGNONS DE OCTOBRE, CHAMPIGNONS DE SEPTEMBRE, Champignons toxiques, Lames décurrentes, Lames décurrentes blanches ou crème, Lames ou plis, Les champignons, Lisières de bois, Talus, Un chapeau et un pied"
https://www.guidedeschampignons.com/produit/clitocybe-geotrope-infundibulicybe-geotropa-bon-comestible/,CLITOCYBE GÉOTROPE,https://www.guidedeschampignons.com/wp-content/uploads/2020/11/Infundibulicybe-geotropa_Clitocybe-géotrope_page.jpg,,Bon comestible jeune,"5 à 20 cm, vite en entonnoir avec un mamelon net, à bord longtemps enroulé, blanchâtre, beige-crème à ocre pâle.",,,"5 à 15 cm, épais, ferme, de même couleur que le chapeau, feutré de blanc à la base.",Blanchâtre,,Douce,"Bois clairs, surtout de feuillus, clairières",Octobre >Décembre,,"Bois clairs, Champignons bons comestibles, CHAMPIGNONS DE DECEMBRE, CHAMPIGNONS DE NOVEMBRE, CHAMPIGNONS DE OCTOBRE, Clairières, Feuillus, Lames décurrentes, Lames décurrentes blanches ou crème, Lames ou plis, Les champignons, Un chapeau et un pied"
https://www.guidedeschampignons.com/produit/clitocybe-inverse-paralepista-flaccida-champignon-comestible/,CLITOCYBE INVERSÉ,https://www.guidedeschampignons.com/wp-content/uploads/2020/11/Lepista-flaccida_Clitocybe-inversé_mombert.jpg,,Comestible,"3 à 10 cm, creusé au centre, lisse et mat, flasque, crème orangé à brun-fauve.",,,"2 à 7 cm, blanchâtre puis ochracé, feutré de blanc à la base.",Blanche à crème,,Douce,Forêts de feuillus et de conifères,Septembre > Décembre,,"Champignons comestibles médiocres, CHAMPIGNONS DE DECEMBRE, CHAMPIGNONS DE NOVEMBRE, CHAMPIGNONS DE OCTOBRE, CHAMPIGNONS DE SEPTEMBRE, Conifères, Feuillus, Lames décurrentes, Lames décurrentes blanches ou crème, Lames ou plis, Les champignons, Un chapeau et un pied"
https://www.guidedeschampignons.com/produit/clitocybe-nebuleux-clitocybe-nebularis-champignon-a-rejeter/,CLITOCYBE NÉBULEUX,https://www.guidedeschampignons.com/wp-content/uploads/2020/11/Clitocybe-nebularis_Clitocybe-nébuleux_pourre.jpg,,À rejeter,"5 à 20 cm, gris à gris-brun, lisse, parfois finement poudré de blanc.",,,"5 à 14 cm, épais, un peu en massue, blanc à gris pâle.","Blanche, épaisse",,Douce,Forêts de feuillus et de conifères,Septembre > Décembre,,"Champignons à rejeter, CHAMPIGNONS DE DECEMBRE, CHAMPIGNONS DE NOVEMBRE, CHAMPIGNONS DE OCTOBRE, CHAMPIGNONS DE SEPTEMBRE, Conifères, Feuillus, Lames décurrentes, Lames décurrentes blanches ou crème, Lames ou plis, Les champignons, Un chapeau et un pied"
https://www.guidedeschampignons.com/produit/clitocybe-odorant-clitocybe-odora-champignon-bon-comestible/,CLITOCYBE ODORANT,https://www.guidedeschampignons.com/wp-content/uploads/2020/11/Clitocybe-odora_Clitocybe-odorant_pourre.jpg,,Bon comestible,"3 à 9 cm, mat, vert d’eau à vert-de-gris, se décolorant avec l’âge",,,"3 à 7 cm, blanchâtre ou verdâtre à bleuté",Blanchâtre ou verdâtre à bleutée,,"Douce, fortement anisée",Surtout les forêts de feuillus,Septembre > Novembre,,"Champignons bons comestibles, CHAMPIGNONS DE NOVEMBRE, CHAMPIGNONS DE OCTOBRE, CHAMPIGNONS DE SEPTEMBRE, Feuillus, Lames décurrentes, Lames décurrentes blanches ou crème, Lames ou plis, Les champignons, Un chapeau et un pied"
https://www.guidedeschampignons.com/produit/collybie-a-lames-larges-megacollybia-platyphylla-champignon-a-rejeter/,COLLYBIE À LAMES LARGES,https://www.guidedeschampignons.com/wp-content/uploads/2020/11/Megacollybia-platyphylla_Collybie-à-lames-larges_francini.jpg,,À rejeter,"2 à 15 cm, brun-beige à gris-brun, à nettes et fines rayures radiales.",,,"4 à 12 cm, blanchâtre à gris-brun pâle. Longs et épais filaments blancs à la base.","Blanche, mince",,Douce,"Sous les feuillus, sur le bois mort ou les souches",Mai > Novembre,,"Bois morts ou vivants, Champignons à rejeter, CHAMPIGNONS DE AOÛT, CHAMPIGNONS DE JUILLET, CHAMPIGNONS DE JUIN, CHAMPIGNONS DE MAI, CHAMPIGNONS DE NOVEMBRE, CHAMPIGNONS DE OCTOBRE, CHAMPIGNONS DE SEPTEMBRE, Feuillus, Lames adnées ou échancrées, Lames adnées ou échancrées blanches ou crème, Lames ou plis, Les champignons, Souches, Un chapeau et un pied"
https://www.guidedeschampignons.com/produit/collybie-a-pied-veloute-flammulina-velutipes-bon-comestible/,COLLYBIE À PIED VELOUTÉ,https://www.guidedeschampignons.com/wp-content/uploads/2020/11/Flammulina-velutipes_Collybie-à-pied-velouté_mombert.jpg,,Bon comestible,"1 à 8 cm, jaune orangé à brun-roux orangé, visqueux, à bord plus pâle",,,"2 à 13 cm, velouté, jaune au sommet, brunnoir à la base.",Crème et mince,,Douce,"Sur le bois de feuillus, en touffe",Septembre > Février,,"Bois morts ou vivants, Champignons bons comestibles, CHAMPIGNONS DE DECEMBRE, CHAMPIGNONS DE FEVRIER, CHAMPIGNONS DE JANVIER, CHAMPIGNONS DE NOVEMBRE, CHAMPIGNONS DE OCTOBRE, CHAMPIGNONS DE SEPTEMBRE, Feuillus, Lames adnées ou échancrées, Lames adnées ou échancrées blanches ou crème, Lames ou plis, Les champignons, Un chapeau et un pied"
https://www.guidedeschampignons.com/produit/collybie-beuree-rhodocollybia-butyracea-champignon-a-rejeter/,COLLYBIE BEURRÉE,https://www.guidedeschampignons.com/wp-content/uploads/2020/11/Rhodocollybia-butyracea_Collybie-beurrée_mombert.jpg,,À rejeter,"3 à 8 cm, gras au toucher (beurré !), avec un mamelon plus sombre au centre, brun beige à brun-noir, pâlissant pour devenir beige pâle en séchant",,,"4 à 9 cm, beige à brun-roux, en massue et strié de blanc à la base, creux et mou avec l’âge.",Blanchâtre,,Douce,Forêts de feuillus et de conifères,Juillet > Décembre,,"Champignons à rejeter, CHAMPIGNONS DE AOÛT, CHAMPIGNONS DE DECEMBRE, CHAMPIGNONS DE JUILLET, CHAMPIGNONS DE NOVEMBRE, CHAMPIGNONS DE OCTOBRE, CHAMPIGNONS DE SEPTEMBRE, Conifères, Feuillus, Lames adnées ou échancrées, Lames adnées ou échancrées blanches ou crème, Lames ou plis, Les champignons, Un chapeau et un pied"
https://www.guidedeschampignons.com/produit/collybie-des-chenes-gymnopus-dryophilus-champignon-a-rejeter/,COLLYBIE DES CHÊNES,https://www.guidedeschampignons.com/wp-content/uploads/2020/11/Gymnopus-dryophilus_Collybie-des-chênes_moingeon.jpg,,À rejeter,"1 à 6 cm, lisse, roux orangé, pâlissant pour devenir ocre crème en séchant, plus sombre au centre.",,,"2 à 9 cm, fauve orangé à ocre ou blanchâtre, lisse et mince.","Blanche, mince",,Douce,Surtout les forêts de feuillus,Mai > Octobre,,"Champignons à rejeter, CHAMPIGNONS DE AOÛT, CHAMPIGNONS DE JUILLET, CHAMPIGNONS DE JUIN, CHAMPIGNONS DE MAI, CHAMPIGNONS DE OCTOBRE, CHAMPIGNONS DE SEPTEMBRE, Feuillus, Lames adnées ou échancrées, Lames adnées ou échancrées blanches ou crème, Lames ou plis, Les champignons, Un chapeau et un pied"
https://www.guidedeschampignons.com/produit/collybie-guetree/,COLLYBIE GUÊTRÉE,https://www.guidedeschampignons.com/wp-content/uploads/2021/08/Collybie-guêtrée_Gymnopus-peronatus.jpg,"arasme brûlant, collybie poivrée",À rejeter,"2 à 7 cm, jaune à brun-roux, finement ridé, à bord retombant, pâlissant en séchant .",,,"3 à 8 cm, coriace, jaune à brun-jaune, recouvert à la base de poils jaunes vifs à crème-jaunâtre .",Blanche,,"Piquante, poivrée",Surtout forêts de feuillus,Juin > Novembre,,"Champignons à rejeter, CHAMPIGNONS DE AOÛT, CHAMPIGNONS DE JUILLET, CHAMPIGNONS DE JUIN, CHAMPIGNONS DE NOVEMBRE, CHAMPIGNONS DE OCTOBRE, CHAMPIGNONS DE SEPTEMBRE, Feuillus, Lames adnées ou échancrées, Lames adnées ou échancrées beiges à brunes, Lames adnées ou échancrées jaunes, Lames ou plis, Les champignons, Un chapeau et un pied"
https://www.guidedeschampignons.com/produit/collybie-radicante-hymenopellis-radicata-comestible-mediocre/,COLLYBIE RADICANTE,https://www.guidedeschampignons.com/wp-content/uploads/2020/11/Xerula-radicata_Collybie-radicante_1_pourre.jpg,,À rejeter,"3 à 15 cm, lisse puis ridé, visqueux, beige jaunâtre à brun foncé.",,,"6 à 25 cm, ocre brun et blanc au sommet, renflé et souvent torsadé à la base, prolongé par une longue « racine » profondément enterrée.","Blanche, mince",,Douce,"Sous les feuillus, surtout les hêtres",Juin > Octobre,,"Champignons à rejeter, CHAMPIGNONS DE AOÛT, CHAMPIGNONS DE JUILLET, CHAMPIGNONS DE JUIN, CHAMPIGNONS DE OCTOBRE, CHAMPIGNONS DE SEPTEMBRE, Feuillus, Hêtres, Lames adnées ou échancrées, Lames adnées ou échancrées blanches ou crème, Lames ou plis, Les champignons, Un chapeau et un pied"
https://www.guidedeschampignons.com/produit/collybie-visqueuse-mucidula-mucida-champignon-a-rejeter/,COLLYBIE VISQUEUSE,https://www.guidedeschampignons.com/wp-content/uploads/2020/11/shutterstock_1205346097_Collybie-visqueuse_Oudemansiella-mucida.jpg,,À rejeter,"2 à 15 cm, blanc pur à crème, très visqueux à gluant, à bord translucide et strié.",,,"3 à 10 cm, visqueux, blanc, strié au sommet, avec un anneau membraneux blanc puis brunâtre.","Mince, blanchâtre",,Douce,"Sur le bois de hêtre mort, souvent en touffe",Août > Novembre,,"Bois morts ou vivants, Champignons à rejeter, CHAMPIGNONS DE AOÛT, CHAMPIGNONS DE NOVEMBRE, CHAMPIGNONS DE OCTOBRE, CHAMPIGNONS DE SEPTEMBRE, Feuillus, Hêtres, Lames adnées ou échancrées, Lames adnées ou échancrées blanches ou crème, Lames ou plis, Les champignons, Un chapeau et un pied"
https://www.guidedeschampignons.com/produit/coprin-chevelu-coprinus-comatus-excellent-comestible/,COPRIN CHEVELU,https://www.guidedeschampignons.com/wp-content/uploads/2020/11/Coprin-chevelu.jpg,,Excellent comestible,"5 à 20 cm, cylindrique puis en cloche, blanc puis noircissant à partir du bas, couvert de mèches blanches.",,,"5 à 30 cm, blanc, creux et fragile, avec un anneau mince.","Blanche, très déliquescente",Faible,Douce,"Dans les prés, au bord des routes, lisières de bois",Avril > Novembre,,"Bords des chemins, Champignon jardin, CHAMPIGNONS DE AOÛT, CHAMPIGNONS DE AVRIL, CHAMPIGNONS DE JUILLET, CHAMPIGNONS DE JUIN, CHAMPIGNONS DE MAI, CHAMPIGNONS DE NOVEMBRE, CHAMPIGNONS DE OCTOBRE, CHAMPIGNONS DE SEPTEMBRE, Champignons excellents comestibles, Coprin, Lames ascendantes, Lames ascendantes blanches puis noires, Lames libres, Lames libres blanches puis noires, Lames ou plis, Les champignons, Lisières de bois, Pâturages, Pelouses, Prairies, Un chapeau et un pied"
https://www.guidedeschampignons.com/produit/coprin-dissemine-coprinellus-disseminatus-champignon-a-rejeter/,COPRIN DISSÉMINÉ,https://www.guidedeschampignons.com/wp-content/uploads/2020/11/Coprinus-disseminatus_Coprin-disseminé_lagardere.jpg,,À rejeter,"0,5 à 1,5 cm, vite en cloche, beige à ocre roux puis gris, finement velouté et fortement strié.",,,"0,5 à 5 cm, blanchâtre, velouté",Mince,,,"Sur les souches de feuillus, en colonie",Mai > Octobre,,"Champignons à rejeter, CHAMPIGNONS DE AOÛT, CHAMPIGNONS DE JUILLET, CHAMPIGNONS DE JUIN, CHAMPIGNONS DE MAI, CHAMPIGNONS DE OCTOBRE, CHAMPIGNONS DE SEPTEMBRE, Coprin, Feuillus, Lames ascendantes, Lames ascendantes blanches puis noires, Lames libres, Lames libres blanches puis noires, Lames ou plis, Les champignons, Souches, Un chapeau et un pied"
https://www.guidedeschampignons.com/produit/coprin-micace-coprinellus-micaceus-champignon-a-rejeter/,COPRIN MICACÉ,https://www.guidedeschampignons.com/wp-content/uploads/2020/11/Coprinellus-micaceus_Coprin-micacé_mombert.jpg,,À rejeter,"1 à 5 cm, en cloche, sillonné, brun-roux à fauve, plus pâle au bord, saupoudré de fines paillettes brillantes (comme du mica).",,,"2 à 10 cm, blanchâtre, velouté",Blanche,,Douce,Sur les souches ou le bois mort,Mai > Novembre,,"Bois morts ou vivants, Champignons à rejeter, CHAMPIGNONS DE AOÛT, CHAMPIGNONS DE JUILLET, CHAMPIGNONS DE JUIN, CHAMPIGNONS DE MAI, CHAMPIGNONS DE NOVEMBRE, CHAMPIGNONS DE OCTOBRE, CHAMPIGNONS DE SEPTEMBRE, Coprin, Lames ascendantes, Lames ascendantes blanches puis noires, Lames libres, Lames libres blanches puis noires, Lames ou plis, Les champignons, Souches, Un chapeau et un pied"
https://www.guidedeschampignons.com/produit/coprin-noir-dencre-coprinus-atramentaria-a-rejeter/,COPRIN NOIR D’ENCRE,https://www.guidedeschampignons.com/wp-content/uploads/2020/11/shutterstock_742360807_Coprin-noir-dencre_Coprinopsis-atramentaria.jpg,,Toxique,"2 à 8 cm, en œuf puis conique, gris argenté à gris-brun, aspect givré, à bord irrégulier et relevé à maturité.",,,"3 à 15 cm, blanc puis taché de noir","Blanche, très déliquescente",,Douce,"Pelouses, au bord des chemins, lisières de bois",Avril > Novembre,,"Bords des chemins, CHAMPIGNONS DE AOÛT, CHAMPIGNONS DE JUILLET, CHAMPIGNONS DE JUIN, CHAMPIGNONS DE MAI, CHAMPIGNONS DE NOVEMBRE, CHAMPIGNONS DE OCTOBRE, CHAMPIGNONS DE SEPTEMBRE, Champignons toxiques, Coprin, Lames ascendantes, Lames ascendantes blanches puis noires, Lames libres, Lames libres blanches puis noires, Lames ou plis, Les champignons, Lisières de bois, Pelouses, Un chapeau et un pied"
https://www.guidedeschampignons.com/produit/coprin-pie-coprinus-picaceus-champignon-a-rejeter/,COPRIN PIE,https://www.guidedeschampignons.com/wp-content/uploads/2020/11/shutterstock_1444342247_Coprin-pie_Coprinopsis-picacea.jpg,,À rejeter,"4 à 12 cm, cylindrique puis conique, d’abord couvert d’un voile blanc se fissurant sur fond beige puis brun à noirâtre.",,,"5 à 30 cm, blanc et floconneux, fragile, renflé à la base.","Blanchâtre, très déliquescente",,Douce mais désagréable,"Forêts de feuillus, surtout sous les hêtres",Août > Octobre,,"Champignons à rejeter, CHAMPIGNONS DE AOÛT, CHAMPIGNONS DE OCTOBRE, CHAMPIGNONS DE SEPTEMBRE, Coprin, Feuillus, Hêtres, Lames ascendantes, Lames ascendantes blanches puis noires, Lames libres, Lames libres blanches puis noires, Lames ou plis, Les champignons, Un chapeau et un pied"
https://www.guidedeschampignons.com/produit/cortinaire-sanguin-cortinarius-alboviolaceus-champignon-a-rejeter/,CORTINAIRE BLANC-VIOLET,https://www.guidedeschampignons.com/wp-content/uploads/2020/11/Cortinarius-alboviolaceus_Cortinaire-blanc-violet_francini.jpg,,À rejeter,"3 à 10 cm, aspect soyeux, bleu-violet à violacé pâle, se décolorant par le centre pour devenir ochracé.",,,"5 à 10 cm, de même couleur que le chapeau, en massue à la base.",Blanchâtre à violacée,,Douce,"Forêts de feuillus, surtout sous les bouleaux.",Août > Novembre,,"Bouleaux, Champignons à rejeter, CHAMPIGNONS DE AOÛT, CHAMPIGNONS DE NOVEMBRE, CHAMPIGNONS DE OCTOBRE, CHAMPIGNONS DE SEPTEMBRE, Feuillus, Lames adnées ou échancrées, Lames adnées ou échancrées bleues mauves violettes, Lames ou plis, Les champignons, Un chapeau et un pied"
https://www.guidedeschampignons.com/produit/cortinaire-camphre-cortinarius-camphoratus-champignon-a-rejeter/,CORTINAIRE CAMPHRÉ,https://www.guidedeschampignons.com/wp-content/uploads/2020/11/Cortinarius-camphoratus_Cortinaire-camphré_page.jpg,Cortinarius camphoratus,À rejeter,"3 à 10 cm, lilas pâle à gris-bleu pâle, se colorant d’ochracé à partir du centre.",,,"4 à 10 cm, cylindrique, blanchâtre à lilas pâle puis jaunissant.","Violacée, puis jaune ochracé",,Douce,"Forêts de conifères, surtout en montagne.",Août > Novembre,,"Champignons à rejeter, CHAMPIGNONS DE AOÛT, CHAMPIGNONS DE NOVEMBRE, CHAMPIGNONS DE OCTOBRE, CHAMPIGNONS DE SEPTEMBRE, Conifères, Lames adnées ou échancrées, Lames adnées ou échancrées bleues mauves violettes, Lames ou plis, Les champignons, Un chapeau et un pied"
https://www.guidedeschampignons.com/produit/cortinaire-canelle-cortinarius-cinnamomeus-champignon-a-rejeter/,CORTINAIRE CANNELLE,https://www.guidedeschampignons.com/wp-content/uploads/2020/11/Cortinarius-cinnamomeus_Cortinaire-cannelle_mombert.jpg,,À rejeter,"2 à 4 cm, brun-jaune à brun-rouge, sec et finement feutré, mamelonné, à bord mince et souvent jaune.",,,"2 à 8 cm, jaune cuivré",Jaune à jaune verdâtre,,Douce,Forêts de feuillus et de conifères,Août > Octobre,,"Champignons à rejeter, CHAMPIGNONS DE AOÛT, CHAMPIGNONS DE OCTOBRE, CHAMPIGNONS DE SEPTEMBRE, Conifères, Feuillus, Lames adnées ou échancrées, Lames adnées ou échancrées orangées à rouille, Lames ou plis, Les champignons, Un chapeau et un pied"
https://www.guidedeschampignons.com/produit/cortinaire-couleur-de-rocou-cortinarius-orellanus-champignon-mortel/,CORTINAIRE COULEUR DE ROCOU,https://www.guidedeschampignons.com/wp-content/uploads/2020/11/Cortinarius_orellanus_Cortinaire-couleur-de-rocou_francini.jpg,,Mortel,"3 à 10 cm, fauve roussâtre à brun-rouille ou brun orangé, sec et feutré.",,,"4 à 10 cm, lisse, aminci vers la base, jaune roussâtre.","Crème à jaunâtre, ou rouille",,Douce,Forêts de feuillus,Septembre > Novembre,,"CHAMPIGNONS DE NOVEMBRE, CHAMPIGNONS DE OCTOBRE, CHAMPIGNONS DE SEPTEMBRE, Champignons mortels, Feuillus, Lames adnées ou échancrées, Lames adnées ou échancrées orangées à rouille, Lames ou plis, Les champignons, Un chapeau et un pied"
https://www.guidedeschampignons.com/produit/cortinaire-remarquable-cortinarius-praestans-bon-comestible/,CORTINAIRE REMARQUABLE,https://www.guidedeschampignons.com/wp-content/uploads/2020/11/Cortinarius_praestans_Cortinaire-remarquable_francini.jpg,,Bon comestible,"5 à 20 cm, brun violacé à brun-pourpre, fortement ridé sur le bord, visqueux, avec quelques plaques de voile blanc.",,,"5 à 15 cm, en massue à la base, blanchâtre ou violet pâle, strié de brunâtre.",Blanche agréable,,Douce,Forêts de feuillus,Septembre > Novembre,,"Champignons bons comestibles, CHAMPIGNONS DE NOVEMBRE, CHAMPIGNONS DE OCTOBRE, CHAMPIGNONS DE SEPTEMBRE, Feuillus, Lames adnées ou échancrées, Lames adnées ou échancrées bleues mauves violettes, Lames ou plis, Les champignons, Un chapeau et un pied"
https://www.guidedeschampignons.com/produit/cortinaire-sanguin-cortinarius-sanguineus-champignon-a-rejeter/,CORTINAIRE SANGUIN,https://www.guidedeschampignons.com/wp-content/uploads/2020/11/Cortinarius-sanguineus_Cortinaire-sanguin_mombert.jpg,Cortinarius sanguineus,À rejeter,"2 à 5 cm, rouge sang sombre, plutôt plat",,,"3 à 9 cm, cylindrique, rouge sang plus clair que le chapeau ou rouge rosé",Rouge sang à rouge rosé,,Douce,"Sous les épicéas, surtout en montagne",Août > Octobre,,"Champignons à rejeter, CHAMPIGNONS DE AOÛT, CHAMPIGNONS DE OCTOBRE, CHAMPIGNONS DE SEPTEMBRE, Conifères, Épicéas, Lames adnées ou échancrées, Lames adnées ou échancrées orange vif à rouge sang, Lames ou plis, Les champignons, Un chapeau et un pied"
https://www.guidedeschampignons.com/produit/cortinaire-tres-joli-cortinarius-speciosissimus-champignon-mortel/,CORTINAIRE TRÈS JOLI,https://www.guidedeschampignons.com/wp-content/uploads/2020/11/Cortinarius-speciosissimus_Cortinaire-trés-joli_mombert.jpg,,Mortel,"3 à 10 cm, sec, feutré, d’abord conique puis mamelonné, roux orangé à brun roussâtre",,,"5 à 12 cm, légèrement en massue à la base, chiné de jaune roussâtre","Crème à jaunâtre, ou rouille",,Douce,"Forêts de conifères, surtout les épicéas",Août > Octobre,,"CHAMPIGNONS DE AOÛT, CHAMPIGNONS DE OCTOBRE, CHAMPIGNONS DE SEPTEMBRE, Champignons mortels, Conifères, Épicéas, Lames adnées ou échancrées, Lames adnées ou échancrées orangées à rouille, Lames ou plis, Les champignons, Un chapeau et un pied"
https://www.guidedeschampignons.com/produit/cortinaire-varie-cortinarius-varius-champignon-bon-comestible/,CORTINAIRE VARIÉ,https://www.guidedeschampignons.com/wp-content/uploads/2020/11/Cortinarius-varius-_Cortinaire-varié_pourre.jpg,,Bon comestible,"3 à 12 cm, ocre jaune à jaune orangé vif, plus sombre au centre, visqueux jeune puis vite sec.",,,"4 à 10 cm, blanc, un peu en massue à la base.","Blanche, ferme",,Douce,"Forêts de conifères, sous les épicéas",Août > Novembre,,"Champignons bons comestibles, CHAMPIGNONS DE AOÛT, CHAMPIGNONS DE NOVEMBRE, CHAMPIGNONS DE OCTOBRE, CHAMPIGNONS DE SEPTEMBRE, Conifères, Épicéas, Lames adnées ou échancrées, Lames adnées ou échancrées bleues mauves violettes, Lames ou plis, Les champignons, Un chapeau et un pied"
https://www.guidedeschampignons.com/produit/cortinaire-violet-cortinarius-violaceus-comestible-mediocre/,CORTINAIRE VIOLET,https://www.guidedeschampignons.com/wp-content/uploads/2020/11/Alamy_DAEE9N__Cortinarius-violaceus_Cortinaire-violet.jpg,,Comestible médiocre,"3 à 15 cm, bleu-violet à violet foncé vif, nettement velouté",,,"5 à 12 cm, en massue à la base, violet chiné",Violette,,Douce,Forêts de feuillus,Août > Octobre,"Laccaire améthyste, Pied-bleu","Champignons comestibles médiocres, CHAMPIGNONS DE AOÛT, CHAMPIGNONS DE OCTOBRE, CHAMPIGNONS DE SEPTEMBRE, Cortinaires, Feuillus, Lames adnées ou échancrées, Lames adnées ou échancrées bleues mauves violettes, Lames ou plis, Les champignons, Un chapeau et un pied"
https://www.guidedeschampignons.com/produit/entolome-en-bouclier-entoloma-clypeatum-champignon-bon-comestible/,ENTOLOME EN BOUCLIER,https://www.guidedeschampignons.com/wp-content/uploads/2020/11/iStock-1264538975_Entolome-en-bouclier_Entoloma-clypeatum.jpg,,Bon comestibilité,"2 à 10 cm, conique puis nettement mamelonné, brun à brun-gris, plus pâle en séchant.",,,"3 à 12 cm, ferme, blanchâtre à grisâtre ou crème brunâtre.","Blanchâtre à grisâtre, épaisse et ferme.","Forte, farineuse",Farineuse,"Haies de rosacées (aubépines, églantiers, fruitiers…)",Mars > Juin,,"Champignons bons comestibles, CHAMPIGNONS DE AVRIL, CHAMPIGNONS DE JUIN, CHAMPIGNONS DE MAI, CHAMPIGNONS DE MARS, Feuillus, Fruitiers, Haies, Lames adnées ou échancrées, Lames adnées ou échancrées blanches ou crème, Lames adnées ou échancrées roses à rose orangé, Lames ou plis, Les champignons, Un chapeau et un pied"
https://www.guidedeschampignons.com/produit/entolome-livide-entoloma-sinuatum-champignon-a-rejeter/,ENTOLOME LIVIDE,https://www.guidedeschampignons.com/wp-content/uploads/2020/11/Entoloma-sinuatum_Entolome-livide_pourre.jpg,,Toxique,"3 à 20 cm, charnu, à l’aspect soyeux, gris clair à crème jaunâtre",,,"6 à 18 cm, épais et ferme, souvent en massue à la base, blanc puis crème.",Blanche,Farineuse,Farineuse,Forêts de feuillus,Août > Novembre,,"CHAMPIGNONS DE AOÛT, CHAMPIGNONS DE NOVEMBRE, CHAMPIGNONS DE OCTOBRE, CHAMPIGNONS DE SEPTEMBRE, Champignons toxiques, Feuillus, Lames adnées ou échancrées, Lames adnées ou échancrées jaunes, Lames adnées ou échancrées roses à rose orangé, Lames ou plis, Les champignons, Un chapeau et un pied"
https://www.guidedeschampignons.com/produit/fausse-girolle-hygrophoropsis-aurantiaca-champignon-a-rejeter/,FAUSSE-GIROLLE,https://www.guidedeschampignons.com/wp-content/uploads/2020/11/Hygrophoropsis-aurantiaca_Fausse-girolle_pourre.jpg,,À rejeter,"2 à 8 cm, jaune à orangé vif, mat et velouté. Le centre est souvent plus foncé.",,,"2 à 6 cm, de même couleur que le chapeau","Jaune orangé, molle",,Douce,Forêts de conifères,Septembre > Décembre,,"Champignons à rejeter, CHAMPIGNONS DE DECEMBRE, CHAMPIGNONS DE NOVEMBRE, CHAMPIGNONS DE OCTOBRE, CHAMPIGNONS DE SEPTEMBRE, Conifères, Lames décurrentes, Lames décurrentes orange vif, Lames ou plis, Les champignons, Un chapeau et un pied"
https://www.guidedeschampignons.com/produit/faux-clitocybe-lumineux-omphalotus-olearius-champignon-toxique/,FAUX-CLITOCYBE LUMINEUX,https://www.guidedeschampignons.com/wp-content/uploads/2020/11/Omphalotus-olearius_Faux-clitocybe-lumineux_moingeon.jpg,,Toxique,"4 à 15 cm, vite en entonnoir, lisse et à fines rayures radiales, jaune orangé vif à roux.",,,"5 à 15 cm, de même couleur que les lames, fibreux.","Jaune à jaune orangé, ferme",Agréable,Douce,"Sur les souches de feuillus, en touffe",Août > Novembre,,"CHAMPIGNONS DE AOÛT, CHAMPIGNONS DE NOVEMBRE, CHAMPIGNONS DE OCTOBRE, CHAMPIGNONS DE SEPTEMBRE, Champignons toxiques, Feuillus, Lames décurrentes, Lames décurrentes jaunes, Lames décurrentes orange vif, Lames ou plis, Les champignons, Souches, Un chapeau et un pied"
https://www.guidedeschampignons.com/produit/faux-hydne-gelatineux-pseudohydnum-gelatinosum-comestible-mediocre/,FAUX-HYDNE GÉLATINEUX,https://www.guidedeschampignons.com/wp-content/uploads/2020/11/Pseudohydnum-gelatinosum_Faux-hydne-gélatineux_page.jpg,,Comestible médiocre,"2 à 6 cm, gélatineux et presque plat, blanc à gris-brun",,,,,,Douce,Bois mort de conifères,Juillet > Décembre,,"Aiguillons, Bois morts ou vivants, Champignons comestibles médiocres, CHAMPIGNONS DE AOÛT, CHAMPIGNONS DE DECEMBRE, CHAMPIGNONS DE JUILLET, CHAMPIGNONS DE NOVEMBRE, CHAMPIGNONS DE OCTOBRE, CHAMPIGNONS DE SEPTEMBRE, Conifères, Formes diverses, Les champignons, Texture gélatineuse, Un chapeau et un pied"
https://www.guidedeschampignons.com/produit/fleur-de-tan-fuligo-septica-champignon-a-rejeter/,FLEUR DE TAN,https://www.guidedeschampignons.com/wp-content/uploads/2020/11/Fleur-de-Tan.jpg,,À rejeter,"Mousse de forme irrégulière (2 à 10 cm), jaune vif, molle, ressemblant à des œufs mimosa.",,,Absent,"Jaune vif et molle, puis plus dure et noire à l’intérieur. Pulvérulente à maturité.",Sans particularité,Sans particularité,Sur les feuilles et le bois mort,Du printemps à l’automne,,"Aspect mousse sur le bois, Bois morts ou vivants, Champignons à rejeter, CHAMPIGNONS DE AOÛT, CHAMPIGNONS DE AVRIL, CHAMPIGNONS DE JUILLET, CHAMPIGNONS DE JUIN, CHAMPIGNONS DE MAI, CHAMPIGNONS DE NOVEMBRE, CHAMPIGNONS DE OCTOBRE, CHAMPIGNONS DE SEPTEMBRE, Formes diverses, Les champignons"
https://www.guidedeschampignons.com/produit/galere-marginee-galerina-marginata-champignon-mortel/,GALÈRE MARGINÉE,https://www.guidedeschampignons.com/wp-content/uploads/2020/11/Galerina_marginata_Galère-marginée_francini.jpg,Galerina marginata,Mortel,"1 à 5 cm, lisse, gras au toucher, fauve, brun orangé puis jaune ochracé, à bord plus ou moins strié",,,"2 à 8 cm, crème à ocre au sommet, plus sombre en bas, avec un petit anneau ocre à brunâtre.",Jaunâtre à ochracée,,"Douce, farineuse",Débris et bois mort de conifères,Septembre> Décembre,,"Bois morts ou vivants, CHAMPIGNONS DE DECEMBRE, CHAMPIGNONS DE NOVEMBRE, CHAMPIGNONS DE OCTOBRE, CHAMPIGNONS DE SEPTEMBRE, Champignons mortels, Conifères, Lames adnées ou échancrées, Lames adnées ou échancrées beiges à brunes, Lames adnées ou échancrées blanches ou crème, Lames ou plis, Les champignons, Un chapeau et un pied"
https://www.guidedeschampignons.com/produit/geastre-a-trois-couches-geastrum-triplex-champignon-a-rejeter/,GÉASTRE À TROIS COUCHES,https://www.guidedeschampignons.com/wp-content/uploads/2020/11/iStock-525990307_Geastre-à-trois-couches_Geastrum-triplex.jpg,,À rejeter,"D’abord en boule, puis s’ouvre en étoile (3 à 10 cm) et se craquelle pour former une couronne autour de la boule centrale (1 à 4 cm). Ouverture au sommet cerclé d’une aréole pour laisser s’échapper les spores.",,,Absent,Blanche puis brune,,Amère,Forêts de feuillus et de conifères,Été et automne,,"Champignons à rejeter, CHAMPIGNONS DE AOÛT, CHAMPIGNONS DE JUILLET, CHAMPIGNONS DE JUIN, CHAMPIGNONS DE NOVEMBRE, CHAMPIGNONS DE OCTOBRE, CHAMPIGNONS DE SEPTEMBRE, Conifères, En boule ou en étoile, Feuillus, GÉASTRE, Les champignons"
https://www.guidedeschampignons.com/produit/geastre-sessile-geastrum-fimbriatum-champignon-a-rejeter/,GÉASTRE SESSILE,https://www.guidedeschampignons.com/wp-content/uploads/2020/11/Geastrum-fimbriatum_Geastre-sessile_lagardere.jpg,Geastrum fimbriatumSynonyme : géastre fimbrié,À rejeter,"D’abord en boule, puis s’ouvre en étoile (2 à 6 cm) autour de la boule centrale (1 à 4 cm), les branches s’enroulant vers l’arrière. Ouverture conique au sommet pour laisser s’échapper les spores sous la forme d’une poussière brune.",,,Absent,Blanche puis brune,,Douce,"Sous les feuillus ou les conifères, surtout sur les sols calcaires",Surtout en automne,,"Champignons à rejeter, CHAMPIGNONS DE NOVEMBRE, CHAMPIGNONS DE OCTOBRE, CHAMPIGNONS DE SEPTEMBRE, Conifères, En boule ou en étoile, Feuillus, GÉASTRE, Les champignons"
https://www.guidedeschampignons.com/produit/girolle-cantharellus-cibarius-champignon-excellent-comestible/,GIROLLE,https://www.guidedeschampignons.com/wp-content/uploads/2020/11/Cantharellus-cibarius_Girolle_lagardere.jpg,,Excellent comestible,"3 à 10 cm, plat puis en entonnoir, charnu, jaune vif uniforme, à bord ondulé.",,,"2 à 7 cm, charnu, jaune",Blanche ou jaunâtre,,Douce,Forêts de feuillus et de conifères,Juin > Novembre,,"CHAMPIGNONS DE AOÛT, CHAMPIGNONS DE JUILLET, CHAMPIGNONS DE JUIN, CHAMPIGNONS DE NOVEMBRE, CHAMPIGNONS DE OCTOBRE, CHAMPIGNONS DE SEPTEMBRE, Champignons excellents comestibles, Conifères, Feuillus, Lames décurrentes, Lames décurrentes jaunes, Lames ou plis, Les champignons, Un chapeau et un pied"
https://www.guidedeschampignons.com/produit/gomphide-glutineux-gomphidius-glutinosus-comestible/,GOMPHIDE GLUTINEUX,https://www.guidedeschampignons.com/wp-content/uploads/2020/11/Gomphidius-glutinosus_Gomphide-glutineux_mombert.jpg,,Comestible,"4 à 10 cm, très visqueux, gris-brun, brun chocolat à brun violacé, se tachant de noirâtre.",,,"5 à 11 cm, blanc au sommet, jaune vif à la base, noircissant avec l’âge.","Blanche, jaune vers la base",,Douce,"Forêts de conifères, sous les épicéas",Août > Octobre,,"Champignons comestibles médiocres, CHAMPIGNONS DE AOÛT, CHAMPIGNONS DE OCTOBRE, CHAMPIGNONS DE SEPTEMBRE, Conifères, Épicéas, Lames décurrentes, Lames décurrentes blanches puis gris-noir, Lames ou plis, Les champignons, Un chapeau et un pied"
https://www.guidedeschampignons.com/produit/gomphide-rose-gomphidius-roseus-champignon-a-rejeter/,GOMPHIDE ROSE,https://www.guidedeschampignons.com/wp-content/uploads/2020/11/Gomphidius-roseus_Gomphide-rose_mombert.jpg,Gomphidius roseus,À rejeter,"3 à 7 cm, visqueux puis sec, rouge-rose vif à rose pâle, se tachant de noirâtre",,,"2 à 7 cm, blanc au sommet, teinté de jaune et de noir à la base",,,Douce,"Forêts de conifères, uniquement sous les pins",Août > Octobre,,"Champignons à rejeter, CHAMPIGNONS DE AOÛT, CHAMPIGNONS DE OCTOBRE, CHAMPIGNONS DE SEPTEMBRE, Conifères, Feuillus, Lames décurrentes, Lames décurrentes blanches puis gris-noir, Lames ou plis, Les champignons, Pins, Un chapeau et un pied"
https://www.guidedeschampignons.com/produit/gomphide-rutilant-chroogomphus-rutilus-champignon-a-rejeter/,GOMPHIDE RUTILANT,https://www.guidedeschampignons.com/wp-content/uploads/2020/11/Chroogomphus-rutilus_Gomphide-rutilant_page.jpg,,À rejeter,"3 à 10 cm, visqueux puis sec, brun-rouge à brun vineux ou cuivré, avec un mamelon central.",,,"4 à 10 cm, de même couleur que le chapeau, chiné de brun-rouge.",,,Douce,"Forêts de conifères, surtout sous les pins",Juillet > Novembre,,"Champignons à rejeter, CHAMPIGNONS DE AOÛT, CHAMPIGNONS DE JUILLET, CHAMPIGNONS DE NOVEMBRE, CHAMPIGNONS DE OCTOBRE, CHAMPIGNONS DE SEPTEMBRE, Conifères, Lames décurrentes, Lames décurrentes ocre à brunes, Lames ou plis, Les champignons, Pins, Un chapeau et un pied"
https://www.guidedeschampignons.com/produit/guepinie-rousse-tremiscus-helvelloides-comestible-mediocre/,GUÉPINIE ROUSSE,https://www.guidedeschampignons.com/wp-content/uploads/2020/11/iStock-1251397117_Guépinie-rousse_Tremiscus-helvelloides.jpg,,Comestible médiocre,"En forme d’oreille, de cornet ou d’entonnoir fendu (3 à 15 cm), orangée à rouge pâle, molle et gélatineuse. Surface lisse et mate, poudrée de blanchâtre sur le dessus.",,,"Très court, plus pâle","Rosâtre, translucide et épaisse, gélatineuse.",,Douce,"En montagne, sur le bois pourri de conifères.",Juillet > Octobre,,"Bois morts ou vivants, Champignons comestibles médiocres, CHAMPIGNONS DE AOÛT, CHAMPIGNONS DE JUILLET, CHAMPIGNONS DE OCTOBRE, CHAMPIGNONS DE SEPTEMBRE, Conifères, Formes diverses, Les champignons, Texture gélatineuse"
https://www.guidedeschampignons.com/produit/gymnopile-penetrant-gymnopilus-penetrans-champignon-toxique/,GYMNOPILE PÉNÉTRANT,https://www.guidedeschampignons.com/wp-content/uploads/2020/11/Gymnopilus_penetrans_Gymnopile-pénétrant_francini.jpg,,Toxique,"1 à 5 cm, lisse, ocre jaune, jaune orangé à roux",,,"2 à 6 cm, crème à ocre jaune, brunâtre à la base",Crème à ocre,,Amère,Débris et bois mort de conifères,Septembre > Décembre,,"Bois morts ou vivants, CHAMPIGNONS DE DECEMBRE, CHAMPIGNONS DE NOVEMBRE, CHAMPIGNONS DE OCTOBRE, CHAMPIGNONS DE SEPTEMBRE, Champignons toxiques, Conifères, Lames adnées ou échancrées, Lames adnées ou échancrées jaunes, Lames adnées ou échancrées orangées à rouille, Lames ou plis, Les champignons, Un chapeau et un pied"
https://www.guidedeschampignons.com/produit/gymnopile-remarquable-gymnopilus-spectabilis-champignon-toxique/,GYMNOPILE REMARQUABLE,https://www.guidedeschampignons.com/wp-content/uploads/2020/11/Gymnopilus-spectabilis_Gymnopile-remarquable-_lagardere.jpg,,Toxique,"2 à 25 cm, ocre roux à fauve orangé vif, se couvrant de petites écailles avec l’âge",,,"5 à 15 cm, ferme, de même couleur que le chapeau, avec un large anneau coloré de rouille sur le dessus",Jaune à ochracée,,Très amère,"Sur le bois de feuillus, en touffe",Août > Octobre,,"Bois morts ou vivants, CHAMPIGNONS DE AOÛT, CHAMPIGNONS DE OCTOBRE, CHAMPIGNONS DE SEPTEMBRE, Champignons toxiques, Feuillus, Lames adnées ou échancrées, Lames adnées ou échancrées jaunes, Lames adnées ou échancrées orangées à rouille, Lames ou plis, Les champignons, Un chapeau et un pied"
https://www.guidedeschampignons.com/produit/hebelome-belle-helene-hebeloma-laterinum-champignon-a-rejeter/,HÉBÉLOME BELLE-HÉLÈNE,https://www.guidedeschampignons.com/wp-content/uploads/2020/11/Hebeloma-laterinum_Hébélome-Belle-Hélène_moingeon.jpg,,À rejeter,"4 à 10 cm, visqueux puis mat, beige à brunâtre avec des reflets rosâtres, à bord souvent cannelé",,,"6 à 15 cm, floconneux au sommet, crème puis brunissant à la base",Blanchâtre à beige,,Douce ou amère,"Forêts de conifères, surtout sous les pins",Août > Octobre,,"Champignons à rejeter, CHAMPIGNONS DE AOÛT, CHAMPIGNONS DE OCTOBRE, CHAMPIGNONS DE SEPTEMBRE, Conifères, Lames adnées ou échancrées, Lames adnées ou échancrées beiges à brunes, Lames ou plis, Les champignons, Pins, Un chapeau et un pied"
https://www.guidedeschampignons.com/produit/hebelome-croute-de-pain-hebeloma-crustuliniforme-champignon-toxique/,HÉBÉLOME CROÛTE-DE-PAIN,https://www.guidedeschampignons.com/wp-content/uploads/2020/11/Hebeloma-crustuliniforme_Hébélome-croute-de-pain_pourre.jpg,Hebeloma crustuliniforme,"CHAPEAU : 4 à 10 cm, charnu, visqueux, lisse, blanchâtre à beige ou ocre pâle, parfois beige roussâtre au centre","4 à 10 cm, charnu, visqueux, lisse, blanchâtre à beige ou ocre pâle, parfois beige roussâtre au centre",,,"3 à 10 cm, blanchâtre, finement floconneux, souvent en massue ou avec un bulbe à la base",,,Douce ou un peu amère,Forêts de feuillus et de conifères,Août > Octobre,,"CHAMPIGNONS DE AOÛT, CHAMPIGNONS DE OCTOBRE, CHAMPIGNONS DE SEPTEMBRE, Champignons toxiques, Conifères, Feuillus, Lames adnées ou échancrées, Lames adnées ou échancrées beiges à brunes, Lames ou plis, Les champignons, Un chapeau et un pied"
https://www.guidedeschampignons.com/produit/hebelome-radicant-hebeloma-radicosum-champignon-a-rejeter/,HÉBÉLOME RADICANT,https://www.guidedeschampignons.com/wp-content/uploads/2020/11/Hebeloma-radicosum_Hébélome-radicant_page-1.jpg,,À rejeter,"3 à 10 cm, un peu visqueux puis sec, crème à brunâtre ou brun-ocre, souvent avec petites écailles brunâtres.",,,"5 à 11 cm, crème à brunâtre, longue racine à la base profondément enterrée, avec un anneau brunâtre souvent déchiqueté.",,,Un peu amère,"Forêts de feuillus, surtout sous hêtres",Août > Novembre,,"Champignons à rejeter, CHAMPIGNONS DE AOÛT, CHAMPIGNONS DE NOVEMBRE, CHAMPIGNONS DE OCTOBRE, CHAMPIGNONS DE SEPTEMBRE, Feuillus, Hêtres, Lames adnées ou échancrées, Lames adnées ou échancrées beiges à brunes, Lames ou plis, Les champignons, Un chapeau et un pied"
https://www.guidedeschampignons.com/produit/helvelle-crepue-helvella-crispa-champignon-toxique/,HELVELLE CRÉPUE,https://www.guidedeschampignons.com/wp-content/uploads/2020/11/Helvella-crispa_Helvelle-crepue_francini.jpg,Helvella crispaOreille-de-chat,Toxique,"Irrégulier et lobé, en forme de selle (3 à 6 cm), très fin, blanchâtre à crème sur le dessus, ocre gris en dessous",,,"Blanc, creux, côtelé (3 à 10 cm)","Blanche, élastique",,Douce,"Bois clairs de feuillus, lisières de bois",Juillet > Novembre,,"Alvéoles ou lobes, Bois clairs, CHAMPIGNONS DE AOÛT, CHAMPIGNONS DE JUILLET, CHAMPIGNONS DE NOVEMBRE, CHAMPIGNONS DE OCTOBRE, CHAMPIGNONS DE SEPTEMBRE, Champignons toxiques, Feuillus, Les champignons, Lisières de bois, Un chapeau et un pied"
https://www.guidedeschampignons.com/produit/helvelle-lacuneuse-helvella-lacunos-champignon-toxique/,HELVELLE LACUNEUSE,https://www.guidedeschampignons.com/wp-content/uploads/2020/11/Helvella-lacunosa_Helvelle-lacuneuse_francini.jpg,Helvella lacunosSynonyme : mitre d’évêque,Toxique,"Irrégulier et lobé, en forme de selle (3 à 6 cm), gris pâle à gris noirâtre",,,"Gris pâle à gris noirâtre, creux, côtelé à alvéolé (3 à 8 cm)","Grisâtre, fine, cassante",,Douce,"Bois clairs de feuillus, lisières de bois",Juin > Octobre,,"Alvéoles ou lobes, Bois clairs, CHAMPIGNONS DE AOÛT, CHAMPIGNONS DE JUILLET, CHAMPIGNONS DE JUIN, CHAMPIGNONS DE OCTOBRE, CHAMPIGNONS DE SEPTEMBRE, Champignons toxiques, Feuillus, Les champignons, Lisières de bois, Un chapeau et un pied"
https://www.guidedeschampignons.com/produit/hygrophore-a-odeur-agreable-hygrophorus-agathosmus-a-rejeter/,HYGROPHORE À ODEUR AGRÉABLE,https://www.guidedeschampignons.com/wp-content/uploads/2020/11/Hygrophorus-agathosmus_Hygrophore-à-odeur-agréable_mombert.jpg,,À rejeter,"2 à 9 cm, lisse, un peu visqueux, gris perle à gris olive, plus pâle au bord, parfois presque blanc.",,,"3 à 8 cm, blanc, finement floconneux",,,Douce,Forêts de conifères,Septembre > Octobre,,"Champignons à rejeter, CHAMPIGNONS DE OCTOBRE, CHAMPIGNONS DE SEPTEMBRE, Conifères, Lames décurrentes, Lames décurrentes blanches ou crème, Lames ou plis, Les champignons, Un chapeau et un pied"
https://www.guidedeschampignons.com/produit/hygrophore-conique-a-rejeter/,HYGROPHORE BLANC DE NEIGE,https://www.guidedeschampignons.com/wp-content/uploads/2020/11/Hygrocybe-virginea_Hygrophore-blanc-de-neige_francini.jpg,,Comestible,"2 à 5 cm, blanc pur, à bord strié, un peu visqueux, parfois mamelonné et ocre crème au centre.",,,"2 à 6 cm, blanc, parfois rosé à la base",Blanche,,Douce,"Prairies, jardins, pelouses",Octobre > Janvier,,"Champignon jardin, Champignons bons comestibles, CHAMPIGNONS DE DECEMBRE, CHAMPIGNONS DE JANVIER, CHAMPIGNONS DE NOVEMBRE, CHAMPIGNONS DE OCTOBRE, Lames décurrentes, Lames décurrentes blanches ou crème, Lames ou plis, Les champignons, Pelouses, Prairies, Un chapeau et un pied"
https://www.guidedeschampignons.com/produit/hygrophore-blanc-divoire-hygrophorus-eburneus-a-rejeter/,HYGROPHORE BLANC D’IVOIRE,https://www.guidedeschampignons.com/wp-content/uploads/2020/11/Hygrophorus-eburneus_Hygrophore-blanc-divoire_francini.jpg,,À rejeter,"2 à 6 cm, très visqueux, lisse, blanc ivoire, au centre un peu plus foncé en vieillissant.",,,"3 à 10 cm, blanc, finement granuleux au sommet, un peu visqueux ou gluant vers la base",,,Douce,"Forêts de feuillus, surtout sous les hêtres",Septembre > Novembre,,"Champignons à rejeter, CHAMPIGNONS DE NOVEMBRE, CHAMPIGNONS DE OCTOBRE, CHAMPIGNONS DE SEPTEMBRE, Feuillus, Hêtres, Lames décurrentes, Lames décurrentes blanches ou crème, Lames ou plis, Les champignons, Un chapeau et un pied"
https://www.guidedeschampignons.com/produit/hygrophore-conique-hygrocybe-conica-champignon-a-rejeter/,HYGROPHORE CONIQUE,https://www.guidedeschampignons.com/wp-content/uploads/2020/11/Hygrocybe_conica-Hygrophore-conique_francini.jpg,,À rejeter,"1 à 4 cm, très conique voire pointu, à bord irrégulier et strié, jaune orangé vif à rouge tomate, noircissant en vieillissant.",,,"3 à 9 cm, jaune à orangé, très noircissant",,,Douce,"Pelouses, prairies, au bord des routes",Septembre > Décembre,,"Bords des chemins, Champignons à rejeter, CHAMPIGNONS DE DECEMBRE, CHAMPIGNONS DE NOVEMBRE, CHAMPIGNONS DE OCTOBRE, CHAMPIGNONS DE SEPTEMBRE, Lames ascendantes, Lames ascendantes jaune orangé ou rouges, Lames ou plis, Les champignons, Pelouses, Prairies, Un chapeau et un pied"
https://www.guidedeschampignons.com/produit/hygrophore-des-bois-hygrophorus-nemoreus-bon-comestible/,HYGROPHORE DES BOIS,https://www.guidedeschampignons.com/wp-content/uploads/2020/11/Hygrophorus-nemoreus_Hygrophore-des-bois_francini_2.jpg,Hygrophorus nemoreus,Bon comestible,"3 à 12 cm, sec, assez charnu, ocre fauve, parfois à reflets rosâtres, au bord plus pâle (crème).",,,"2 à 10 cm, sec, ferme, nettement fibrilleux, en pointe à la base, blanc à crème",Blanche,,"Douce, farineuse","Forêts de feuillus, surtout sous les chênes",Septembre > Décembre,,"Champignons bons comestibles, CHAMPIGNONS DE DECEMBRE, CHAMPIGNONS DE NOVEMBRE, CHAMPIGNONS DE OCTOBRE, CHAMPIGNONS DE SEPTEMBRE, Chênes, Feuillus, Lames décurrentes, Lames décurrentes blanches ou crème, Lames ou plis, Les champignons, Un chapeau et un pied"
https://www.guidedeschampignons.com/produit/hygrophore-des-pres-cuphophyllus-pratensis-bon-comestible/,HYGROPHORE DES PRÉS,https://www.guidedeschampignons.com/wp-content/uploads/2020/11/Cuphophyllus-pratensis_Hygrophore-des-prés_mombert.jpg,,Bon comestible,"2 à 7 cm, plat à mamelonné, fauve orangé vif puis orangé ochracé.",,,"4 à 8 cm, de même couleur que les lames",Blanche à crème,,Douce,Prés et prairies non fertilisés,Septembre > Décembre,,"Champignons bons comestibles, CHAMPIGNONS DE DECEMBRE, CHAMPIGNONS DE NOVEMBRE, CHAMPIGNONS DE OCTOBRE, CHAMPIGNONS DE SEPTEMBRE, Lames décurrentes, Lames décurrentes blanches ou crème, Lames ou plis, Les champignons, Prairies, Un chapeau et un pied"
https://www.guidedeschampignons.com/produit/hygrophore-limace/,HYGROPHORE LIMACE,https://www.guidedeschampignons.com/wp-content/uploads/2021/08/Hygrophorus-latitabundus_hygrophore-limace.jpg,"aveux, museau de chat",Comestible,"3 à 12 cm, très visqueux, brun olivâtre à gris-brun, à centre plus foncé.",,,"6 à 12 cm, blanc, épais et ventru, visqueux, d’aspect floconneux, avec zones visqueuses brun-olivâtre.",,,Douce,"Forêts de conifères, surtout sous pins",Septembre > Décembre,,"Champignons comestibles médiocres, CHAMPIGNONS DE DECEMBRE, CHAMPIGNONS DE NOVEMBRE, CHAMPIGNONS DE OCTOBRE, CHAMPIGNONS DE SEPTEMBRE, Conifères, Lames décurrentes, Lames décurrentes blanches ou crème, Lames ou plis, Les champignons, Pins, Un chapeau et un pied"
https://www.guidedeschampignons.com/produit/hygrophore-russule-hygrophorus-russula-champignon-a-rejeter/,HYGROPHORE RUSSULE,https://www.guidedeschampignons.com/wp-content/uploads/2020/11/Hygrophorus_russula_Hygrophore-russule_francini.jpg,,Comestible,"4 à 18 cm, blanc à crème puis entièrement taché de rose vineux",,,"4 à 13 cm, blanc à crème puis taché de rose vineux",,,Douce ou un peu amère,"Forêts de feuillus, surtout dans le Sud de la France",Septembre > Décembre,,"Champignons bons comestibles, CHAMPIGNONS DE DECEMBRE, CHAMPIGNONS DE NOVEMBRE, CHAMPIGNONS DE OCTOBRE, CHAMPIGNONS DE SEPTEMBRE, Feuillus, Lames décurrentes, Lames décurrentes blanches ou crème, Lames ou plis, Les champignons, Russule, Un chapeau et un pied"
https://www.guidedeschampignons.com/produit/hypholome-couleur-de-brique/,HYPHOLOME COULEUR DE BRIQUE,https://www.guidedeschampignons.com/wp-content/uploads/2021/06/Hypholoma-lateritium_Hypholome-couleur-de-brique_lagardere.jpg,,À rejeter,"1 à 10 cm, rouge brique, jaune pâle à ochracé au bord, avec des flocons ou des restes de voile jaunâtre sur le bord",,,"4 à 12 cm, crème jaunâtre au sommet, brun-roux vers la base",Crème à jaunâtre,,Un peu amère,"Sur les souches de feuillus, en touffe",Août > Novembre,,"Champignons à rejeter, CHAMPIGNONS DE AOÛT, CHAMPIGNONS DE NOVEMBRE, CHAMPIGNONS DE OCTOBRE, CHAMPIGNONS DE SEPTEMBRE, Feuillus, Lames adnées ou échancrées, Lames adnées ou échancrées beiges à brunes, Lames adnées ou échancrées blanches ou crème, Lames adnées ou échancrées grises, Lames ou plis, Les champignons, Souches, Un chapeau et un pied"
https://www.guidedeschampignons.com/produit/hypholome-en-touffe-hypholoma-fasciculare-champignon-toxique/,HYPHOLOME EN TOUFFE,https://www.guidedeschampignons.com/wp-content/uploads/2021/04/Hypholoma-fasciculare_Hypholome-en-touffes_pourre-1.jpg,,Toxique,"1,5 à 7cm, lisse, roux ochracé puis jaune soufre à verdâtre, au centre plus foncé.",,,"4 à 10 cm, crème à jaune, teinté de roussâtre vers la base.",Jaune,,Très amère,"Sur les souches de feuillus, en touffe",Septembre > Décembre,,"CHAMPIGNONS DE DECEMBRE, CHAMPIGNONS DE NOVEMBRE, CHAMPIGNONS DE OCTOBRE, CHAMPIGNONS DE SEPTEMBRE, Champignons toxiques, Feuillus, Lames adnées ou échancrées, Lames adnées ou échancrées jaunes, Lames adnées ou échancrées verdâtres, Lames ou plis, Les champignons, Souches, Un chapeau et un pied"
https://www.guidedeschampignons.com/produit/inocybe-a-lames-terreuses-inocybe-geophylla-champignon-toxique/,INOCYBE À LAMES TERREUSES,https://www.guidedeschampignons.com/wp-content/uploads/2020/11/Inocybe-geophylla_Inocybe-à-lames-terreuses_moingeon.jpg,,Toxique,"0,5 à 4 cm, lisse, soyeux, finement strié au bord à maturité, blanc à crème ochracé, avec un mamelon net",,,"2 à 6 cm, blanc, finement poudré au sommet.",Blanche,,Douce,"Forêts de feuillus et de conifères, au bord des chemins",Septembre > Novembre,,"Bords des chemins, CHAMPIGNONS DE NOVEMBRE, CHAMPIGNONS DE OCTOBRE, CHAMPIGNONS DE SEPTEMBRE, Champignons toxiques, Conifères, Feuillus, Lames adnées ou échancrées, Lames adnées ou échancrées blanches ou crème, Lames adnées ou échancrées grises, Lames ou plis, Les champignons, Un chapeau et un pied"
https://www.guidedeschampignons.com/produit/inocybe-de-patouillard-inocybe-erubescens-champignon-mortel/,INOCYBE DE PATOUILLARD,https://www.guidedeschampignons.com/wp-content/uploads/2020/11/Inocybe_patouillardii_Inocybe-de-Patouillard_francini.jpg,"Inocybe erubescens, Inocybe patouillardii",Mortel,"2 à 10 cm, conique, finement strié (fibrilleux), blanchâtre puis ocre brun, se tachant de rosâtre ou de rose orangé vif",,,"2 à 10 cm, blanchâtre, rougissant comme le chapeau.","Blanchâtre, rougissante",,Douce,Forêts de feuillus,Avril > Juillet,,"CHAMPIGNONS DE AVRIL, CHAMPIGNONS DE JUILLET, CHAMPIGNONS DE JUIN, CHAMPIGNONS DE MAI, Champignons mortels, Feuillus, Lames adnées ou échancrées, Lames adnées ou échancrées beiges à brunes, Lames adnées ou échancrées blanches ou crème, Lames adnées ou échancrées grises, Les champignons, Un chapeau et un pied"
https://www.guidedeschampignons.com/produit/inocybe-fastigie-inocybe-fastigiata-champignon-toxique/,INOCYBE FASTIGIÉ,https://www.guidedeschampignons.com/wp-content/uploads/2020/11/Alamy_2B0TFY1_Inocybe_fastigiata_Inocybe-fastigié.jpg,,Toxique,"4 à 8 cm, conique puis mamelonné, sec, fortement strié voire fissuré, ocre jaune, brun-châtain à brun-fauve.",,,"5 à 10 cm, blanchâtre à jaune brunâtre pâle, finement strié","Blanchâtre, mince",,Douce,"Forêts de feuillus, surtout sous les chênes",Juin > Octobre,,"CHAMPIGNONS DE AOÛT, CHAMPIGNONS DE JUILLET, CHAMPIGNONS DE JUIN, CHAMPIGNONS DE OCTOBRE, CHAMPIGNONS DE SEPTEMBRE, Champignons toxiques, Chênes, Feuillus, Lames ascendantes, Lames ascendantes brun-jaune à olivâtre, Lames ou plis, Les champignons, Un chapeau et un pied"
https://www.guidedeschampignons.com/produit/laccaire-amethyste-laccaria-amethystina-champignon-bon-comestible/,LACCAIRE AMÉTHYSTE,https://www.guidedeschampignons.com/wp-content/uploads/2020/11/Laccaire-amethyste.jpg,,Bon comestible,"1 à 7 cm, sec, mat, violet sombre vif à lilas pâle en séchant, souvent un peu creusé au centre",,,"4 à 12 cm, creux, de même couleur que le chapeau.","Violacée, mince",,Douce,Forêts de feuillus et de conifères,Août > Novembre,,"Champignons bons comestibles, CHAMPIGNONS DE AOÛT, CHAMPIGNONS DE NOVEMBRE, CHAMPIGNONS DE OCTOBRE, CHAMPIGNONS DE SEPTEMBRE, Conifères, Feuillus, Laccaires, Lames adnées ou échancrées, Lames adnées ou échancrées bleues mauves violettes, Lames ou plis, Les champignons, Un chapeau et un pied"
https://www.guidedeschampignons.com/produit/laccaire-laque-laccaria-laccata-champignon-bon-comestible/,LACCAIRE LAQUÉ,https://www.guidedeschampignons.com/wp-content/uploads/2020/11/iStock-1290698932_Laccaire-laqué_Laccaria-laccata.jpg,,Bon comestible,"1 à 6 cm, sec, finement granuleux, brun orangé à rose ochracé, plus pâle en séchant.",,,"2 à 12 cm, coriace, strié, de même couleur que le chapeau.","Rosâtre, mince",,Douce,Forêts de feuillus et de conifères,Août > Novembre,,"Champignons bons comestibles, CHAMPIGNONS DE AOÛT, CHAMPIGNONS DE NOVEMBRE, CHAMPIGNONS DE OCTOBRE, CHAMPIGNONS DE SEPTEMBRE, Conifères, Feuillus, Lames adnées ou échancrées, Lames adnées ou échancrées roses à rose orangé, Lames ou plis, Les champignons, Un chapeau et un pied"
https://www.guidedeschampignons.com/produit/lactaire-a-lait-abondant-lactifluus-volemus-champignon-bon-comestible/,LACTAIRE À LAIT ABONDANT,https://www.guidedeschampignons.com/wp-content/uploads/2020/11/Lactarius-volemus_Lactaire-à-lait-abondant_mombert.jpg,,Bon comestible,"5 à 15 cm, brun orangé vif à brun-roux, plus sombre au centre, mat, velouté, lisse puis craquelé",,,"4 à 10 cm, crème à roussâtre, plus pâle au sommet","Crème, ferme, cassante, brunissant en séchant. Lait blanc très abondant.",,Douce,Forêts de feuillus et de conifères,Juillet > Novembre,,"Champignons bons comestibles, CHAMPIGNONS DE AOÛT, CHAMPIGNONS DE JUILLET, CHAMPIGNONS DE NOVEMBRE, CHAMPIGNONS DE OCTOBRE, CHAMPIGNONS DE SEPTEMBRE, Conifères, Feuillus, Lames décurrentes, Lames décurrentes blanches ou crème, Lames ou plis, Les champignons, Un chapeau et un pied"
https://www.guidedeschampignons.com/produit/lactaire-a-lait-jaune/,LACTAIRE À LAIT JAUNE,https://www.guidedeschampignons.com/wp-content/uploads/2020/11/Lactarius-chrysorrheus_Lactaire-à-lait-jaune_mombert.jpg,Lactarius chrysorrheus,À rejeter,"2 à 9 cm, beige rosé à rose saumon, marqué de zones concentriques plus sombres, un peu creusé au centre",,,"2 à 5 cm, blanchâtre à crème orangé pâle",Blanche. Lait blanc abondant devenant rapidement jaune soufre,,Désagréable et piquante,"Bois clairs de feuillus, surtout sous les chênes",Juillet > Octobre,,"Bois clairs, Champignons à rejeter, CHAMPIGNONS DE AOÛT, CHAMPIGNONS DE JUILLET, CHAMPIGNONS DE OCTOBRE, CHAMPIGNONS DE SEPTEMBRE, Chênes, Feuillus, Lames décurrentes, Lames décurrentes blanches ou crème, Lames ou plis, Les champignons, Un chapeau et un pied"
https://www.guidedeschampignons.com/produit/lactaire-a-odeur-de-chicoree-lactarius-camphoratus-a-rejeter/,LACTAIRE À ODEUR DE CHICORÉE,https://www.guidedeschampignons.com/wp-content/uploads/2020/11/Lactarius-camphoratus_Lactaire-à-odeur-de-chicorée_page.jpg,,À rejeter,"2 à 6 cm, mat, finement velouté, brun-rouge sombre à brun roussâtre, plus sombre au centre, souvent avec un petit mamelon",,,"2 à 7 cm, brun roussâtre ou un peu plus terne, rouge vineux sombre à la base",Crème rosâtre à rougeâtre. Lait blanchâtre peu abondant.,,"Douce, peu agréable",Forêts de feuillus et de conifères,Juillet > Novembre,,"Champignons à rejeter, CHAMPIGNONS DE AOÛT, CHAMPIGNONS DE JUILLET, CHAMPIGNONS DE NOVEMBRE, CHAMPIGNONS DE OCTOBRE, CHAMPIGNONS DE SEPTEMBRE, Conifères, Feuillus, Lames adnées ou échancrées, Lames adnées ou échancrées beiges à brunes, Lames ou plis, Les champignons, Un chapeau et un pied"
https://www.guidedeschampignons.com/produit/lactaire-a-toison-lactarius-torminosus-champignon-a-rejeter/,LACTAIRE À TOISON,https://www.guidedeschampignons.com/wp-content/uploads/2020/11/Lactarius-torminosus_Lactaire-à-toison_mombert.jpg,,À rejeter,"4 à 15 cm, crème rosâtre à rose orangé, marqué de zones concentriques nettes, à bord « barbu-velu » longtemps enroulé, un peu creusé au centre.",,,"2 à 10 cm, blanchâtre à crème rosé, souvent avec un cerne plus rose juste sous les lames","Blanche ou rosâtre, cassante. Lait blanc",,Très piquante,Uniquement sous les bouleaux,Août > Novembre,,"Bouleaux, Champignons à rejeter, CHAMPIGNONS DE AOÛT, CHAMPIGNONS DE NOVEMBRE, CHAMPIGNONS DE OCTOBRE, CHAMPIGNONS DE SEPTEMBRE, Feuillus, Lames décurrentes, Lames décurrentes blanches ou crème, Lames ou plis, Les champignons, Un chapeau et un pied"
https://www.guidedeschampignons.com/produit/lactaire-delicieux-lactarius-deliciosus-champignon-bon-comestible/,LACTAIRE DÉLICIEUX,https://www.guidedeschampignons.com/wp-content/uploads/2020/11/Lactarius-deliciosus_Lactaire-délicieux_pourre.jpg,Lactarius deliciosus,Bon comestible,"5 à 15 cm, lisse, un peu visqueux, creusé au centre, saumon à brun orangé, marqué de zones concentriques, verdissant avec l’âge",,,"3 à 7 cm, orangé, ponctué de fossettes plus sombres.","Orangée, épaisse, cassante. Lait orange carotte vif peu abondant.",,Douce,Uniquement sous les pins,Septembre > Novembre,,"Champignons bons comestibles, CHAMPIGNONS DE NOVEMBRE, CHAMPIGNONS DE OCTOBRE, CHAMPIGNONS DE SEPTEMBRE, Conifères, Lames décurrentes, Lames décurrentes orange vif, Lames ou plis, Les champignons, Pins, Un chapeau et un pied"
https://www.guidedeschampignons.com/produit/lactaire-des-epiceas-lactarius-deterrimus-champignon-a-rejeter/,LACTAIRE DES ÉPICÉAS,https://www.guidedeschampignons.com/wp-content/uploads/2020/11/Lactarius-deterrimus_Lactaire-des-épicéas_mombert.jpg,"Lactarius deterrimusSynonyme : lactaire détestable, lactaire très mauvais",À rejeter,"6 à 15 cm, lisse, un peu visqueux, creusé au centre, orangé puis vite recouvert de vert, parfois marqué de zones concentriques.",,,"3 à 7 cm, orangé, uniforme, souvent cerné de blanc juste sous les lames","Orangée à saumonée, cassante. Lait orange carotte rougeâtre peu abondant.",,"Peu agréable, un peu piquante ou amère",Uniquement sous les épicéas,Septembre > Novembre,,"Champignons à rejeter, CHAMPIGNONS DE NOVEMBRE, CHAMPIGNONS DE OCTOBRE, CHAMPIGNONS DE SEPTEMBRE, Conifères, Épicéas, Lames décurrentes, Lames décurrentes orange vif, Lames ou plis, Les champignons, Un chapeau et un pied"
https://www.guidedeschampignons.com/produit/lactaire-muqueux-lactarius-blennius-champignon-a-rejeter/,LACTAIRE MUQUEUX,https://www.guidedeschampignons.com/wp-content/uploads/2020/11/shutterstock_1821384557_Lactaire-muqueux_Lactarius-blennius_2.jpg,Lactarius blennius,À rejeter,"3 à 10 cm, visqueux, gris-brun olivâtre à gris-vert, souvent taché de zones plus sombres vers le bord",,,"3 à 8 cm, un peu visqueux, crème teinté de grisâtre ou olivâtre",Blanchâtre. Lait blanc devenant gris olivâtre en séchant,,Piquante,Uniquement sous les hêtres,Juillet > Novembre,,"Champignons à rejeter, CHAMPIGNONS DE AOÛT, CHAMPIGNONS DE JUILLET, CHAMPIGNONS DE NOVEMBRE, CHAMPIGNONS DE OCTOBRE, CHAMPIGNONS DE SEPTEMBRE, Feuillus, Hêtres, Lames adnées ou échancrées, Lames adnées ou échancrées blanches ou crème, Lames décurrentes, Lames décurrentes blanches ou crème, Lames ou plis, Les champignons, Un chapeau et un pied"
https://www.guidedeschampignons.com/produit/lactaire-plombe-lactarius-necator-champignon-toxique/,LACTAIRE PLOMBÉ,https://www.guidedeschampignons.com/wp-content/uploads/2020/11/shutterstock_1555426046_Lactaire-plombé_Lactarius-necator.jpg,Lactarius necator,Toxique,"3 à 15 cm, brun olive à brun noirâtre, marqué de zones concentriques, plus clair au bord, creusé au centre, à bord longtemps enroulé.",,,"2 à 7 cm, court, trapu, verdâtre, parfois avec quelques fossettes plus sombres",Blanchâtre. Lait blanc devenant vert olivâtre sur les lames en séchant.,,Très piquante,Sous les bouleaux ou les épicéas,Septembre > Novembre,,"Bouleaux, CHAMPIGNONS DE NOVEMBRE, CHAMPIGNONS DE OCTOBRE, CHAMPIGNONS DE SEPTEMBRE, Champignons toxiques, Conifères, Épicéas, Feuillus, Lames adnées ou échancrées, Lames adnées ou échancrées blanches ou crème, Lames décurrentes, Lames décurrentes blanches ou crème, Lames ou plis, Les champignons, Un chapeau et un pied"
https://www.guidedeschampignons.com/produit/lactaire-poivre-lactifluus-piperatus-champignon-a-rejeter/,LACTAIRE POIVRÉ,https://www.guidedeschampignons.com/wp-content/uploads/2020/11/lactarius-piperatus_Lactaire-poivré_pourre.jpg,Lactifluus piperatus,À rejeter,"4 à 15 cm, très mat, blanc puis taché de brun-jaune, à bord parfois ridé et longtemps enroulé",,,"4 à 10 cm, blanc puis taché d’ochracé",Blanchâtre. Lait blanc peu abondant,,Très piquante,Forêts de feuillus,Juillet > Octobre,,"Champignons à rejeter, CHAMPIGNONS DE AOÛT, CHAMPIGNONS DE JUILLET, CHAMPIGNONS DE OCTOBRE, CHAMPIGNONS DE SEPTEMBRE, Feuillus, Lames décurrentes, Lames décurrentes blanches ou crème, Lames ou plis, Les champignons, Un chapeau et un pied"
https://www.guidedeschampignons.com/produit/lactaire-roux-lactarius-rufus-champignon-a-rejeter/,LACTAIRE ROUX,https://www.guidedeschampignons.com/wp-content/uploads/2020/11/shutterstock_1588342480_Lactaire-roux_Lactarius-rufus.jpg,Lactarius rufus,À rejeter,"3 à 8 cm, feutré, brun-roux vif, plus ou moins sombre, souvent avec un net mamelon",,,"3 à 10 cm, mat, un peu plus pâle que le chapeau","Fragile, blanche à crème rosâtre. Lait blanc assez abondant",,Très piquante,"Forêts de conifères, plus rare sous feuillus",Juin > Octobre,,"Champignons à rejeter, CHAMPIGNONS DE AOÛT, CHAMPIGNONS DE JUILLET, CHAMPIGNONS DE JUIN, CHAMPIGNONS DE OCTOBRE, CHAMPIGNONS DE SEPTEMBRE, Conifères, Feuillus, Lames décurrentes, Lames décurrentes blanches ou crème, Lames ou plis, Les champignons, Un chapeau et un pied"
https://www.guidedeschampignons.com/produit/lactaire-sanguin-bon-comestible/,LACTAIRE SANGUIN,https://www.guidedeschampignons.com/wp-content/uploads/2020/11/Lactarius-sanguifluus_Lactaire-sanguin_francini.jpg,,Très bon comestible,"4 à 10 cm, orangé rosâtre, un peu visqueux, verdissant et creusé au centre.",,,"2 à 5 cm, beige rosâtre ou rose vineux pâle, blanchâtre au sommet, parfois avec quelques fossettes plus sombres","Épaisse, cassante, vineuse à brun vineux. Lait peu abondant rouge sang à rouge vineux.",,Douce,"Uniquement sous les pins, dans le Sud de la France",Août  > Décembre,,"Champignons bons comestibles, CHAMPIGNONS DE AOÛT, CHAMPIGNONS DE DECEMBRE, CHAMPIGNONS DE NOVEMBRE, CHAMPIGNONS DE OCTOBRE, CHAMPIGNONS DE SEPTEMBRE, Conifères, Lactaires, Lames décurrentes, Lames décurrentes roses à rouge vineux, Lames ou plis, Les champignons, Pins, Un chapeau et un pied"
https://www.guidedeschampignons.com/produit/lactaire-velours/,LACTAIRE VELOURS,https://www.guidedeschampignons.com/wp-content/uploads/2021/08/Lactaire-velours_Lactarius_lignyotus.jpg,"actaire couleur de suie, lactaire tête noire",À rejeter,"2 à 10 cm, brun châtain foncé à brun noirâtre, mat, velouté, souvent mamelonné et ridé autour.",,,"5 à 10 cm, brun velouté comme le chapeau, souvent ridé.","Blanche, lentement rosissante, ferme, lait blanc peu abondant.",,Douce,"Uniquement sous épicéas, en montagne",Août > Octobre,,"Champignons à rejeter, CHAMPIGNONS DE AOÛT, CHAMPIGNONS DE OCTOBRE, CHAMPIGNONS DE SEPTEMBRE, Conifères, Épicéas, Lames décurrentes, Lames décurrentes blanches ou crème, Lames ou plis, Les champignons, Un chapeau et un pied"
https://www.guidedeschampignons.com/produit/lactaire-veloute-lactifluus-vellereus-champignon-a-rejeter/,LACTAIRE VELOUTÉ,https://www.guidedeschampignons.com/wp-content/uploads/2020/11/Lactarius-vellereus_Lactaire-velouté_page.jpg,,À rejeter,"5 à 30 cm, nettement velouté, vite creusé au centre, blanc puis taché d’ochracé, souvent couvert de débris.",,,"2 à 7 cm, court, trapu, blanchâtre puis taché d’ochracé.","Épaisse, ferme, blanchâtre. Lait blanc abondant.",,Très piquante,"Forêts de feuillus et de conifères, surtout sous les hêtres et les chênes",Juillet > Novembre,,"Champignons à rejeter, CHAMPIGNONS DE AOÛT, CHAMPIGNONS DE JUILLET, CHAMPIGNONS DE NOVEMBRE, CHAMPIGNONS DE OCTOBRE, CHAMPIGNONS DE SEPTEMBRE, Chênes, Conifères, Feuillus, Hêtres, Lames décurrentes, Lames décurrentes blanches ou crème, Lames ou plis, Les champignons, Un chapeau et un pied"
https://www.guidedeschampignons.com/produit/langue-de-boeuf-fistulina-hepatica-champignon-bon-comestible/,LANGUE-DE-BŒUF,https://www.guidedeschampignons.com/wp-content/uploads/2020/11/Langue-de-boeuf.jpg,,Bon comestible,"Ressemblant à une langue (5 à 20 cm), gélatineux, couvert d’aspérités comme des papilles, rouge sombre à saumon, suintant un liquide rougeâtre.","Fins, non soudés, crème à rosâtres",,Absent,"Épaisse, molle, marbrée de rougeâtre (aspect de steak)",,Acidulée,Sur le bois mort ou vivant de chêne et de châtaignier,Août > Novembre,,"Bois morts ou vivants, Champignons bons comestibles, CHAMPIGNONS DE AOÛT, CHAMPIGNONS DE NOVEMBRE, CHAMPIGNONS DE OCTOBRE, CHAMPIGNONS DE SEPTEMBRE, Châtaigniers, Chênes, En sabot ou éventail, En sabot ou éventail avec pores, Feuillus, Les champignons"
https://www.guidedeschampignons.com/produit/lepiote-a-crete-lepiota-cristata-champignon-toxique/,LÉPIOTE À CRÊTE,https://www.guidedeschampignons.com/wp-content/uploads/2020/11/Lepiota-cristata_Lépiote-à-crètes-_page.jpg,Lepiota cristataSynonyme : lépiote crêtée,Toxique,"1 à 7 cm, recouvert de petites écailles brunes, roux orangé à ochracées, sur fond blanchâtre, plus foncées au centre.",,,"3 à 8 cm, blanc à rosé vers la base, avec un anneau blanc ample et très fragile","Mince , blanche",,Douce,"Surtout sous les feuillus, lisières de bois ou jardins",Septembre > Novembre,,"Champignon jardin, CHAMPIGNONS DE NOVEMBRE, CHAMPIGNONS DE OCTOBRE, CHAMPIGNONS DE SEPTEMBRE, Champignons toxiques, Feuillus, Lames libres, Lames libres blanches ou crème, Lames ou plis, Les champignons, Lisières de bois, Noisetiers, Un chapeau et un pied"
https://www.guidedeschampignons.com/produit/lepiote-deguenillee-chlorophyllum-rhacodes-bon-comestible/,LÉPIOTE DÉGUENILLÉE,https://www.guidedeschampignons.com/wp-content/uploads/2020/11/Chlorophyllum-rhacodes_Lépiote-déguenillée_francini.jpg,Chlorophyllum rhacodes,Bon comestible,"5 à 15 cm, couvert de larges écailles retroussées brun-beige à brun-gris sur fond plus pâle, centre plus foncé.",,,"9 à 20 cm, lisse, blanchâtre à crème, rougissant aux blessures, avec un anneau double coulissant et un bulbe à la base.","Blanche, rougissant vivement à la coupe puis brunissant",,Douce,"Bois clairs, lisières de bois, souvent sous les conifères",Septembre > Novembre,,"Bois clairs, Champignons bons comestibles, CHAMPIGNONS DE NOVEMBRE, CHAMPIGNONS DE OCTOBRE, CHAMPIGNONS DE SEPTEMBRE, Conifères, Lames libres, Lames libres blanches ou crème, Lames ou plis, Les champignons, Lisières de bois, Un chapeau et un pied"
https://www.guidedeschampignons.com/produit/lepiote-elevee-macrolepiota-procera-champignon-excellent-comestible/,LÉPIOTE ÉLEVÉE,https://www.guidedeschampignons.com/wp-content/uploads/2020/11/Macrolepiota-procera_Lépiote-élevée_pourre.jpg,,Excellent comestible,"5 à 25 cm, couvert d’écailles brunes régulières sur fond plus pâle, mamelon brun au centre.",,,"10 à 25 cm, nettement chiné de brun sur fond beige-crème, avec un épais anneau double coulissant et un bulbe à la base.","Blanche, tendre",,"Douce, de noisette","Bois clairs de feuillus, lisières de bois, prairies",Septembre > Novembre,"Lépiote déguenillée, lépiote mamelonnée, lépiote vénéneuse","Bois clairs, CHAMPIGNONS DE NOVEMBRE, CHAMPIGNONS DE OCTOBRE, CHAMPIGNONS DE SEPTEMBRE, Champignons excellents comestibles, Feuillus, Lames libres, Lames libres blanches ou crème, Lames ou plis, Les champignons, Lisières de bois, Prairies, Un chapeau et un pied"
https://www.guidedeschampignons.com/produit/lepiote-en-bouclier-lepiota-clypeolaria-champignon-a-rejeter/,LÉPIOTE EN BOUCLIER,https://www.guidedeschampignons.com/wp-content/uploads/2020/11/Lepiota-clypeolaria_Lépiote-en-bouclier_francini.jpg,,À rejeter,"3 à 8 cm, couvert de petites écailles floconneuses brunes à ocre sur fond blanchâtre à crème, centre plus foncé.",,,"5 à 10 cm, blanc, laineux-floconneux, lisse au sommet",Blanche,,Douce,Bois clairs de feuillus,Septembre > Novembre,,"Bois clairs, Champignons à rejeter, CHAMPIGNONS DE NOVEMBRE, CHAMPIGNONS DE OCTOBRE, CHAMPIGNONS DE SEPTEMBRE, Feuillus, Lames libres, Lames libres blanches ou crème, Lames ou plis, Les champignons, Un chapeau et un pied"
https://www.guidedeschampignons.com/produit/lepiote-mamelonnee-macrolepiota-mastoidea-champignon-bon-comestible/,LÉPIOTE MAMELONNÉE,https://www.guidedeschampignons.com/wp-content/uploads/2020/11/Macrolepiota-mastoidea_Lépiote-mamelonnée_1_pourre.jpg,Macrolepiota mastoidea,Bon comestible,"6 à 15 cm, mamelon brunâtre bien net, recouvert d’écailles brunes sur fond crème, se détachant parfois en étoile",,,"5 à 17 cm, blanchâtre à beige-crème, finement chiné, avec un anneau épais coulissant",Blanche,,Douce,"Bois clairs de feuillus, lisières de bois, prairies ou clairières",Septembre > Novembre,,"Bois clairs, Champignons bons comestibles, CHAMPIGNONS DE NOVEMBRE, CHAMPIGNONS DE OCTOBRE, CHAMPIGNONS DE SEPTEMBRE, Clairières, Feuillus, Lames libres, Lames libres blanches ou crème, Lames ou plis, Les champignons, Lisières de bois, Prairies, Un chapeau et un pied"
https://www.guidedeschampignons.com/produit/lepiote-pudique-leucoagaricus-leucothites-comestible-mediocre/,LÉPIOTE PUDIQUE,https://www.guidedeschampignons.com/wp-content/uploads/2020/11/Leucoagaricus-leucothites_Lépiote-pudique_pourre.jpg,,Comestible,"3 à 14 cm, blanc, parfois ochracé au centre avec l’âge, mat, soyeux","Libres, blanches puis crème avec des reflets roses.",,"4 à 12 cm, blanc, avec un anneau coulissant ou facilement détachable, souvent en massue à la base.",Blanche,,Douce,Prairies et pelouses,Septembre > Novembre,,"Champignons comestibles médiocres, CHAMPIGNONS DE NOVEMBRE, CHAMPIGNONS DE OCTOBRE, CHAMPIGNONS DE SEPTEMBRE, Lames libres, Lames libres blanches ou crème, Les champignons, Pelouses, Prairies, Un chapeau et un pied"
https://www.guidedeschampignons.com/produit/lepiste-sordide-lepista-sordida-champignon-comestible-mediocre/,LÉPISTE SORDIDE,https://www.guidedeschampignons.com/wp-content/uploads/2020/11/Lepista-sordida_Lepiste-sordide_page.jpg,,Comestible,"2 à 12 cm, lilas violacé à gris-brun, parfois taché d’ochracé, grisâtre en séchant",,,"3 à 7 cm, de même couleur que le chapeau","Jaunâtre dans le chapeau, rougeâtre-vineux dans le pied, molle",,Douce,"Forêts de feuillus et de conifères, parcs, au bord des chemins",Septembre > Décembre,,"Bords des chemins, Champignons comestibles médiocres, CHAMPIGNONS DE DECEMBRE, CHAMPIGNONS DE NOVEMBRE, CHAMPIGNONS DE OCTOBRE, CHAMPIGNONS DE SEPTEMBRE, Conifères, Feuillus, Lames adnées ou échancrées, Lames adnées ou échancrées bleues mauves violettes, Lames ou plis, Les champignons, Parcs, Un chapeau et un pied"
https://www.guidedeschampignons.com/produit/marasme-des-oreades-champignon-bon-comestible/,MARASME DES ORÉADES,https://www.guidedeschampignons.com/wp-content/uploads/2020/11/Marasmius-oreades_Marasmes-des-oréades_pourre.jpg,,Bon comestible,"2 à 6 cm, brun-roux, crème orangé ou ocre crème pâle, au centre plus foncé et mamelonné, à bord souvent cannelé et ondulé.",,,"4 à 9 cm, crème à roussâtre, fin, très coriace.","Blanche, élastique",,Douce,"Prairies et pelouses, souvent en rond de sorcière",Mai > Novembre,,"Champignons bons comestibles, CHAMPIGNONS DE AOÛT, CHAMPIGNONS DE JUILLET, CHAMPIGNONS DE JUIN, CHAMPIGNONS DE MAI, CHAMPIGNONS DE NOVEMBRE, CHAMPIGNONS DE OCTOBRE, CHAMPIGNONS DE SEPTEMBRE, Lames adnées ou échancrées, Lames adnées ou échancrées blanches ou crème, Lames ou plis, Les champignons, Pelouses, Prairies, Un chapeau et un pied"
https://www.guidedeschampignons.com/produit/meunier-clitopilus-prunulus-champignon-bon-comestible/,MEUNIER,https://www.guidedeschampignons.com/wp-content/uploads/2020/11/Clitopilus-prunulus_Meunier_pourre.jpg,,Bon comestible,"2 à 12 cm, vite en entonnoir, blanc puis crème grisâtre, mat et sec, de forme très variable",,,"2 à 8 cm, blanc à crème puis taché de rosâtre par les spores","Blanche, fragile et cassante",,"Forte, de farine fraîche",Forêts de feuillus et de conifères,Septembre > Novembre,,"Champignons bons comestibles, CHAMPIGNONS DE NOVEMBRE, CHAMPIGNONS DE OCTOBRE, CHAMPIGNONS DE SEPTEMBRE, Conifères, Feuillus, Lames décurrentes, Lames décurrentes blanches puis roses, Lames ou plis, Les champignons, Un chapeau et un pied"
https://www.guidedeschampignons.com/produit/morille-blonde-morchella-esculenta-excellent-comestible/,MORILLE BLONDE,https://www.guidedeschampignons.com/wp-content/uploads/2020/11/Morchella_esculenta_Morille-blondeJPG_francini.jpg,,Excellent comestible,"Arrondi (3 à 8 cm), à alvéoles profondes et irrégulières, ocre crème à gris-jaune, creux, à bord soudé au pied",,,"Blanc-crème, creux, souvent ridé à la base (3 à 9 cm)",,,Douce,"Bois clairs de feuillus, souvent sous les frênes, aux endroits frais",Mars > Juin,,"Abords des ruisseaux, Alvéoles ou lobes, Bois clairs, CHAMPIGNONS DE AVRIL, CHAMPIGNONS DE JUIN, CHAMPIGNONS DE MAI, CHAMPIGNONS DE MARS, Champignons excellents comestibles, Feuillus, Frênes, Les champignons, Liste des morilles, Un chapeau et un pied"
https://www.guidedeschampignons.com/produit/morille-conique-morchella-elata-excellent-comestible/,MORILLE CONIQUE,https://www.guidedeschampignons.com/wp-content/uploads/2020/11/shutterstock_1079387240_Morille-conique_Morchella-elata.jpg,,Excellent comestible,"Conique ou allongé (3 à 10 cm), à alvéoles profondes et étroites, brun-beige à brun noirâtre, creux, à bord soudé au pied",,,"Blanc-crème, creux, granuleux, souvent sillonné à la base (5 à 12 cm)","Crème, mince et fragile",,Douce,"Forêts de feuillus et de conifères, souvent sous les frênes, aux endroits frais",Mars > Juin,,"Abords des ruisseaux, Alvéoles ou lobes, CHAMPIGNONS DE AVRIL, CHAMPIGNONS DE JUIN, CHAMPIGNONS DE MAI, CHAMPIGNONS DE MARS, Champignons excellents comestibles, Conifères, Feuillus, Frênes, Les champignons, Liste des morilles, Un chapeau et un pied"
https://www.guidedeschampignons.com/produit/mycene-pure-mycena-pura-champignon-toxique/,MYCÈNE PURE,https://www.guidedeschampignons.com/wp-content/uploads/2021/07/Mycene-pure.jpg,Mycena pura,Toxique,"2 à 5 cm, rose lilas à violet grisâtre, pâlissant en séchant, à bord nettement strié, un peu mamelonné.",,,"3 à 8 cm, lisse, creux, de même couleur que le chapeau, plus pâle au sommet, légèrement en massue à la base.","Blanchâtre à lilas, mince",,"Douce, de radis",Forêts de feuillus et de conifères,Juillet > Novembre,,"CHAMPIGNONS DE AOÛT, CHAMPIGNONS DE JUILLET, CHAMPIGNONS DE NOVEMBRE, CHAMPIGNONS DE OCTOBRE, CHAMPIGNONS DE SEPTEMBRE, Champignons toxiques, Conifères, Feuillus, Lames adnées ou échancrées, Lames adnées ou échancrées blanches ou crème, Lames adnées ou échancrées roses à rose orangé, Lames ou plis, Les champignons, Mycène, Un chapeau et un pied"
https://www.guidedeschampignons.com/produit/mycene-rose/,MYCÈNE ROSE,https://www.guidedeschampignons.com/wp-content/uploads/2021/07/Mycene-Rose.jpg,Mycena rosea,Toxique,"2 à 6 cm, rose vif à rose vineux, parfois blanchâtre, pâlissant en séchant, à bord nettement strié, un peu mamelonné.",,,"4 à 10 cm, lisse, creux, blanchâtre à rosé, légèrement en massue à la base","Blanchâtre à rosâtre, assez épaisse",,"Douce, de radis","Forêts de feuillus, surtout sous les hêtres",Septembre > Novembre,,"CHAMPIGNONS DE NOVEMBRE, CHAMPIGNONS DE OCTOBRE, CHAMPIGNONS DE SEPTEMBRE, Champignons toxiques, Feuillus, Hêtres, Lames adnées ou échancrées, Lames adnées ou échancrées blanches ou crème, Lames adnées ou échancrées roses à rose orangé, Lames ou plis, Les champignons, Mycène, Un chapeau et un pied"
https://www.guidedeschampignons.com/produit/oreille-de-judas-auricularia-auricula-judae-comestible-mediocre/,OREILLE-DE-JUDAS,https://www.guidedeschampignons.com/wp-content/uploads/2020/11/shutterstock_1673415094_Oreille-de-judas_Auricularia-auricula-judae.jpg,,Comestible,"D’abord en disque puis en oreille (1 à 10 cm), brun-rouge. Feutrée et pâle sur le dessus, lisse et mate avec de grosses veines en dessous",,,Absent,"Mince, gélatineuse, élastique",,Douce,Sur le bois mort ou vivant de feuillus (surtout le sureau),Toute l’année,,"Bois morts ou vivants, Champignons comestibles médiocres, CHAMPIGNONS DE AOÛT, CHAMPIGNONS DE AVRIL, CHAMPIGNONS DE DECEMBRE, CHAMPIGNONS DE FEVRIER, CHAMPIGNONS DE JANVIER, CHAMPIGNONS DE JUILLET, CHAMPIGNONS DE JUIN, CHAMPIGNONS DE MAI, CHAMPIGNONS DE MARS, CHAMPIGNONS DE NOVEMBRE, CHAMPIGNONS DE OCTOBRE, CHAMPIGNONS DE SEPTEMBRE, En coupe ou en oreille, Feuillus, Formes diverses, Les champignons, Texture gélatineuse"
https://www.guidedeschampignons.com/produit/oreille-de-lievre-otidea-onotica-comestible-mediocre/,OREILLE-DE-LIÈVRE,https://www.guidedeschampignons.com/wp-content/uploads/2020/11/Otidea-onotica_Oreille-de-lièvre_francini.jpg,,Comestible médiocre,"En cornet, fendu sur le côté (2 à 10 cm); intérieur jaune orangé avec des teintes roses; extérieur velouté, jaune à ocre",,,"Court, feutré de blanc","Mince, cassante, cireuse",,Sans particularité,"Sur le sol, sous les feuillus",Juillet > Novembre,,"Champignons comestibles médiocres, CHAMPIGNONS DE AOÛT, CHAMPIGNONS DE JUILLET, CHAMPIGNONS DE NOVEMBRE, CHAMPIGNONS DE OCTOBRE, CHAMPIGNONS DE SEPTEMBRE, En coupe ou en oreille, Feuillus, Les champignons"
https://www.guidedeschampignons.com/produit/paxille-a-pied-noir-tapinella-atrotomentosa-champignon-a-rejeter/,PAXILLE À PIED NOIR,https://www.guidedeschampignons.com/wp-content/uploads/2020/11/shutterstock_1170232660_Paxille-à-pied-noir_Tapinella-atrotomentosa.jpg,,À rejeter,"4 à 30 cm, épais, velouté, brun jaunâtre à brun-roux, à bord fortement enroulé",,,"2 à 15 cm, court, souvent excentré, recouvert d’un velours brun sombre à noirâtre","Molle, blanchâtre, jaunissant à la coupe après 5 minutes, puis brun violacé au bout de 15 minutes",,Amère,Sur le bois mort de conifères,Juillet > Novembre,,"Bois morts ou vivants, Champignons à rejeter, CHAMPIGNONS DE AOÛT, CHAMPIGNONS DE JUILLET, CHAMPIGNONS DE NOVEMBRE, CHAMPIGNONS DE OCTOBRE, CHAMPIGNONS DE SEPTEMBRE, Conifères, Lames décurrentes, Lames décurrentes blanches ou crème, Lames décurrentes ocre à brunes, Lames ou plis, Les champignons, Paxille, Un chapeau et un pied"
https://www.guidedeschampignons.com/produit/paxille-enroule-paxillus-involutus-champignon-mortel/,PAXILLE ENROULÉ,https://www.guidedeschampignons.com/wp-content/uploads/2020/11/Paxllus-involutus_Paxille-enroulé_page.jpg,,Mortel,"4 à 20 cm, vite en entonnoir, velouté, à bord fortement enroulé, brun jaunâtre à olivâtre terne ou brun roussâtre",,,"3 à 9 cm, court, trapu, de même couleur aque le chapeau","Crème à ocre, roussissant à la coupe",,Douce,"Surtout sous les bouleaux, les peupliers et les épicéas",Juillet > Novembre,,"Bouleaux, CHAMPIGNONS DE AOÛT, CHAMPIGNONS DE JUILLET, CHAMPIGNONS DE NOVEMBRE, CHAMPIGNONS DE OCTOBRE, CHAMPIGNONS DE SEPTEMBRE, Champignons mortels, Conifères, Épicéas, Feuillus, Lames décurrentes, Lames décurrentes ocre à brunes, Lames ou plis, Les champignons, Paxille, Peupliers, Un chapeau et un pied"
https://www.guidedeschampignons.com/produit/pezize-ecarlate-sarcoscypha-coccinea-comestible-mediocre/,PÉZIZE ÉCARLATE,https://www.guidedeschampignons.com/wp-content/uploads/2020/11/Sarcoscypha-coccinea_Pezize-ecarlate-_lagardere.jpg,,Comestible médiocre,"En coupe (1 à 5 cm); intérieur rouge vif, extérieur blanc rosé finement feutré.",,,Court et blanchâtre,,,Douce,"Sur le bois de feuillus, surtout de hêtre et d’orme",Hiver et printemps,,"Bois morts ou vivants, Champignons comestibles médiocres, CHAMPIGNONS DE AVRIL, CHAMPIGNONS DE DECEMBRE, CHAMPIGNONS DE FEVRIER, CHAMPIGNONS DE JANVIER, CHAMPIGNONS DE MAI, CHAMPIGNONS DE MARS, En coupe ou en oreille, Feuillus, Hêtres, Les champignons, Ormes"
https://www.guidedeschampignons.com/produit/pezize-orangee-aleuria-aurantia-comestible-mediocre/,PÉZIZE ORANGÉE,https://www.guidedeschampignons.com/wp-content/uploads/2020/11/Aleuria-aurantia_Pezize-orangée_lagardere.jpg,,Comestible médiocre,"Coupe orange vif (2 à 10 cm); intérieur lisse, extérieur plus pâle et mat",,,Absent,Mince/cassante,,Douce,"Sur le sol nu, au bord des chemins",Juin > Novembre,Pézize écarlate,"Bords des chemins, Champignons comestibles médiocres, CHAMPIGNONS DE AOÛT, CHAMPIGNONS DE JUILLET, CHAMPIGNONS DE JUIN, CHAMPIGNONS DE NOVEMBRE, CHAMPIGNONS DE OCTOBRE, CHAMPIGNONS DE SEPTEMBRE, En coupe ou en oreille, Les champignons"
https://www.guidedeschampignons.com/produit/pezize-veinee-disciotis-venosa-bon-comestible/,PÉZIZE VEINÉE,https://www.guidedeschampignons.com/wp-content/uploads/2020/11/Disciotis-venosa_Pezize-veinée_francini.jpg,Disciotis venosa,Bon comestible,"En coupe, puis étalée et irrégulière (4 à 20 cm). Intérieur brun, lisse et fortement veiné, extérieur blanchâtre à beige légèrement ridé.",,,"Trapu, court","Blanchâtre, fragile",,Douce,"Sols frais, sous les feuillus",Mars > Mai,,"Champignons bons comestibles, CHAMPIGNONS DE AVRIL, CHAMPIGNONS DE MAI, CHAMPIGNONS DE MARS, En coupe ou en oreille, Feuillus, Les champignons"
https://www.guidedeschampignons.com/produit/pholiote-changeante-kuehneromyces-mutabilis-champignon-bon-comestible/,PHOLIOTE CHANGEANTE,https://www.guidedeschampignons.com/wp-content/uploads/2020/11/Kuehneromyces-mutabilis_Pholiote-changeante_pourre.jpg,,Bon comestible,"2 à 6 cm, lisse, brun-roux à cannelle, pâlissant pour devenir ocre jaune pâle au centre en séchant, avec parfois quelques petits flocons blanchâtres au bord",,,"3 à 8 cm, crème au sommet, brun roussâtre à la base, couvert de petites mèches brunes, avec un anneau brunâtre fragile.","Blanche à jaunâtre, mince",,Douce,"Sur les souches de feuillus ou de conifères, en touffe",Mai > Novembre,,"Champignons bons comestibles, CHAMPIGNONS DE AOÛT, CHAMPIGNONS DE JUILLET, CHAMPIGNONS DE JUIN, CHAMPIGNONS DE MAI, CHAMPIGNONS DE NOVEMBRE, CHAMPIGNONS DE OCTOBRE, CHAMPIGNONS DE SEPTEMBRE, Conifères, Feuillus, Lames adnées ou échancrées, Lames adnées ou échancrées beiges à brunes, Lames adnées ou échancrées blanches ou crème, Lames ou plis, Les champignons, Souches, Un chapeau et un pied"
https://www.guidedeschampignons.com/produit/pholiote-doree-phaeolepiota-aurea-champignon-toxique/,PHOLIOTE DORÉE,https://www.guidedeschampignons.com/wp-content/uploads/2020/11/Phaeolepiota_aurea_Pholiote-dorée_francini.jpg,,Toxique,"3 à 25 cm, finement et entièrement poudré, brun orangé vif à ocre brun, ridé en vieillissant",,,"4 à 18 cm, couvert d’une « chaussette » ocre finement granuleuse se terminant par un large anneau membraneux",Blanchâtre,,Douce,"Prairies, clairières, bois clairs, surtout en montagne",Août > Novembre,,"Bois clairs, CHAMPIGNONS DE AOÛT, CHAMPIGNONS DE NOVEMBRE, CHAMPIGNONS DE OCTOBRE, CHAMPIGNONS DE SEPTEMBRE, Champignons toxiques, Clairières, Feuillus, Lames adnées ou échancrées, Lames adnées ou échancrées beiges à brunes, Lames adnées ou échancrées blanches ou crème, Lames adnées ou échancrées orangées à rouille, Lames ou plis, Les champignons, Prairies, Un chapeau et un pied"
https://www.guidedeschampignons.com/produit/pholiote-du-peuplier-cyclocybe-cylindracea-bon-comestible/,PHOLIOTE DU PEUPLIER,https://www.guidedeschampignons.com/wp-content/uploads/2020/11/Agrocybe-cylindracea_Pholiote-du-peuplier_francini.jpg,,Bon comestible,"2 à 10 cm, brun chocolat puis crème à blanchâtre, parfois ridé, vite craquelé.",,,"3 à 15 cm, blanc à crème, plus sombre à la base, avec un anneau membraneux bruni par les spores.",Blanche à crème,,"Douce, de noisette","Sur le bois mort ou vivant, surtout de peuplier et de saule, et dans le Sud de la France",Mai > Octobre,,"Bois morts ou vivants, Champignons bons comestibles, CHAMPIGNONS DE AOÛT, CHAMPIGNONS DE JUILLET, CHAMPIGNONS DE JUIN, CHAMPIGNONS DE MAI, CHAMPIGNONS DE OCTOBRE, CHAMPIGNONS DE SEPTEMBRE, Feuillus, Lames adnées ou échancrées, Lames adnées ou échancrées beiges à brunes, Lames adnées ou échancrées blanches ou crème, Lames ou plis, Les champignons, Peupliers, Un chapeau et un pied"
https://www.guidedeschampignons.com/produit/pholiote-ecailleuse-pholiota-squarrosa-champignon-a-rejeter/,PHOLIOTE ÉCAILLEUSE,https://www.guidedeschampignons.com/wp-content/uploads/2020/11/Pholiota-squarrosa_Pholiote-écailleuse_pourre.jpg,,À rejeter,"4 à 17 cm, jaune pâle à ocre, recouvert d’écailles brunes retroussées.",,,"5 à 20 cm, couvert d’écailles brunes comme le chapeau, jaune pâle et lisse au-dessus de l’anneau, plus sombre à la base.",Crème à jaune pâle,,Douce,"Sur les souches de feuillus, surtout les arbres fruitiers, en touffe",Septembre > Novembre,,"Champignons à rejeter, CHAMPIGNONS DE NOVEMBRE, CHAMPIGNONS DE OCTOBRE, CHAMPIGNONS DE SEPTEMBRE, Feuillus, Fruitiers, Lames adnées ou échancrées, Lames adnées ou échancrées beiges à brunes, Lames ou plis, Les champignons, Souches, Un chapeau et un pied"
https://www.guidedeschampignons.com/produit/pholiote-ridee-cortinarius-caperatus-champignon-bon-comestible/,PHOLIOTE RIDÉE,https://www.guidedeschampignons.com/wp-content/uploads/2020/11/shutterstock_1485219713_Pholiote-ridée_Cortinarius-caperatus.jpg,,Bon comestible,"5 à 12 cm, ocre crème, beige coquille à brun ochracé pâle, finement poudré de blanc ou violacé jeune, et ridé avec l’âge.",,,"4 à 10 cm, blanc à crème, avec un anneau blanchâtre fragile",Blanche à crème,,Douce,Forêts de feuillus et de conifères,Août > Novembre,,"Champignons bons comestibles, CHAMPIGNONS DE AOÛT, CHAMPIGNONS DE NOVEMBRE, CHAMPIGNONS DE OCTOBRE, CHAMPIGNONS DE SEPTEMBRE, Conifères, Feuillus, Lames adnées ou échancrées, Lames adnées ou échancrées beiges à brunes, Lames adnées ou échancrées blanches ou crème, Lames ou plis, Les champignons, Un chapeau et un pied"
https://www.guidedeschampignons.com/produit/pied-de-mouton-hydnum-repandum-champignon-bon-comestible/,PIED DE MOUTON,https://www.guidedeschampignons.com/wp-content/uploads/2020/11/Hydnum-repandum_Pied-de-mouton_pourre.jpg,,Bon comestible,"3 à 15 cm, charnu, mat et feutré, à bord longtemps enroulé puis irrégulier, crème à brun clair, parfois orangé.",,,"Blanc à crème, épais (3 à 8 cm)","Ferme, très cassante, blanche à crème",,"Douce, puis amère",Forêts de feuillus et de conifères,Septembre > Décembre,,"Aiguillons, Champignons bons comestibles, CHAMPIGNONS DE DECEMBRE, CHAMPIGNONS DE NOVEMBRE, CHAMPIGNONS DE OCTOBRE, CHAMPIGNONS DE SEPTEMBRE, Conifères, Feuillus, Les champignons, Un chapeau et un pied"
https://www.guidedeschampignons.com/produit/pied-bleu/,PIED-BLEU,https://www.guidedeschampignons.com/wp-content/uploads/2020/11/Lepista-nuda_Pied-bleu_francini.jpg,,Excellent comestible,"4 à 15 cm, violet pâle à brun-lilas, taché de brun roussâtre avec l’âge, pâlissant en séchant.",,,"2 à 12 cm, lilas à bleu-lilas, finement poudré de blanchâtre, un peu bulbeux à la base.","Épaisse, blanc bleuté à lilas",,Douce,"Pelouses, prairies, parcs, parfois en lisière de bois",Septembre > Décembre,,"Bords des chemins, CHAMPIGNONS DE DECEMBRE, CHAMPIGNONS DE NOVEMBRE, CHAMPIGNONS DE OCTOBRE, CHAMPIGNONS DE SEPTEMBRE, Champignons excellents comestibles, Conifères, Feuillus, Lames adnées ou échancrées, Lames adnées ou échancrées bleues mauves violettes, Lames ou plis, Les champignons, Un chapeau et un pied"
https://www.guidedeschampignons.com/produit/pied-de-mouton-roussissant/,PIED-DE-MOUTON ROUSSISSANT,https://www.guidedeschampignons.com/wp-content/uploads/2021/08/Pied-de-mouton-roussissant_Hydnum-rufescens-001.jpg,"ydne roussissant, hydne roux",Bon comestible,"2 à 6 cm, orangé à roux, bord un peu enroulé .",,,"Crème à ocre, roussissant, assez élancé (2 à 7 cm).","Ferme, très cassante, blanche à crème",,"Douce, puis amère",Forêts de feuillus et de conifères,Septembre > Décembre,,"Aiguillons, Champignons bons comestibles, CHAMPIGNONS DE DECEMBRE, CHAMPIGNONS DE NOVEMBRE, CHAMPIGNONS DE OCTOBRE, CHAMPIGNONS DE SEPTEMBRE, Conifères, Feuillus, Les champignons, Un chapeau et un pied"
https://www.guidedeschampignons.com/produit/pied-violet-lepista-saeva-champignon-bon-comestible/,PIED-VIOLET,https://www.guidedeschampignons.com/wp-content/uploads/2020/11/Lepista-saeva_Pied-violet_1_mombert.jpg,,Bon comestible,"4 à 12 cm, lisse, un peu gras au toucher, brun à brun-gris puis beige à crème en séchant.",,,"3 à 8 cm, plutôt violet vif, parfois grisâtre, blanchâtre au sommet","Épaisse, blanchâtre",,Douce,"Pelouses, prairies, parcs, parfois en lisière de bois",Septembre > Décembre,,"Champignons bons comestibles, CHAMPIGNONS DE DECEMBRE, CHAMPIGNONS DE NOVEMBRE, CHAMPIGNONS DE OCTOBRE, CHAMPIGNONS DE SEPTEMBRE, Lames adnées ou échancrées, Lames adnées ou échancrées beiges à brunes, Lames adnées ou échancrées blanches ou crème, Lames ou plis, Les champignons, Lisières de bois, Parcs, Pelouses, Prairies, Souches, Un chapeau et un pied"
https://www.guidedeschampignons.com/produit/pleurote-corne-dabondance-pleurotus-cornucopiae-champignon-a-rejeter/,PLEUROTE CORNE D’ABONDANCE,https://www.guidedeschampignons.com/wp-content/uploads/2020/11/Alamy_AH1P67_Pleurotus-cornucopiae_Pleurote-corde-d-abondance.jpg,,Bon comestible,"1 à 15 cm, vite en entonnoir, souvent en éventail, beige-crème à brunâtre, parfois tout blanc",,,"2 à 10 cm, blanc à crème, bien développé, excentré, strié par les lames.","Blanchâtre, élastique",,Douce,Sur les souches ou le bois mort de feuillus,Avril > Novembre,,"Bois morts ou vivants, Champignons bons comestibles, CHAMPIGNONS DE AOÛT, CHAMPIGNONS DE AVRIL, CHAMPIGNONS DE JUILLET, CHAMPIGNONS DE JUIN, CHAMPIGNONS DE MAI, CHAMPIGNONS DE NOVEMBRE, CHAMPIGNONS DE OCTOBRE, CHAMPIGNONS DE SEPTEMBRE, Feuillus, Lames décurrentes, Lames décurrentes blanches ou crème, Lames ou plis, Les champignons, Souches, Un chapeau et un pied"
https://www.guidedeschampignons.com/produit/pleurote-du-panicaut/,PLEUROTE DU PANICAUT,https://www.guidedeschampignons.com/wp-content/uploads/2021/08/pleurote-du-panicaut_Pleurotus-eryngii-1.jpg,"érigoule, argouane, oreille de chardon",Bon comestible,"3 à 10 cm, gris à brun-roux ou brun sombre, bord longtemps enroulé, égèrement creusé avec l’âge.",,,"2 à 6 cm, blanchâtre, bien développé, souvent excentré.",Blanchâtre,,Douce,"Prés et pelouses, sur des racines de panicaut",Septembre > Décembre,,"Bois morts ou vivants, Champignons bons comestibles, CHAMPIGNONS DE DECEMBRE, CHAMPIGNONS DE NOVEMBRE, CHAMPIGNONS DE OCTOBRE, CHAMPIGNONS DE SEPTEMBRE, Lames décurrentes, Lames décurrentes blanches ou crème, Lames ou plis, Les champignons, Pelouses, Prairies, Un chapeau et un pied"
https://www.guidedeschampignons.com/produit/pleurote-en-forme-dhuitre-pleurotus-ostreatus-champignon-bon-comestible/,PLEUROTE EN FORME D’HUÎTRE,https://www.guidedeschampignons.com/wp-content/uploads/2020/11/AdobeStock_67369773_Pleurote-en-forme-dhuitre_Pleurotus-ostreatus.jpg,,Bon comestible,"2 à 30 cm, souvent en éventail, très variable, brillant à mat, beige à gris bleuté ou gris brunâtre.",,,"1 à 5 cm, court ou absent, latéral, blanc","Blanche, élastique",,Douce,Sur les souches ou le bois mort de feuillus,Octobre > Mars,,"Bois morts ou vivants, Champignons bons comestibles, CHAMPIGNONS DE DECEMBRE, CHAMPIGNONS DE FEVRIER, CHAMPIGNONS DE JANVIER, CHAMPIGNONS DE MARS, CHAMPIGNONS DE NOVEMBRE, CHAMPIGNONS DE OCTOBRE, Feuillus, Lames décurrentes, Lames décurrentes blanches ou crème, Lames ou plis, Les champignons, Souches, Un chapeau et un pied"
https://www.guidedeschampignons.com/produit/plutee-couleur-de-cerf-pluteus-cervinus-champignon-a-rejeter/,PLUTÉE COULEUR DE CERF,https://www.guidedeschampignons.com/wp-content/uploads/2020/11/Pluteus-cervinus_Plutée-couleur-de-cerf_moingeon.jpg,,À rejeter,"3 à 15 cm, lisse, soyeux, brun grisâtre pâle à brun sombre voire brun noirâtre",,,"4 à 15 cm, blanchâtre à crème, marqué de fibres brunâtres à la base","Blanchâtre, mince","Forte, de radis",Douce,Sur les souches ou le bois mort de feuillus,Mai > Novembre,,"Bois morts ou vivants, Champignons à rejeter, CHAMPIGNONS DE AOÛT, CHAMPIGNONS DE JUILLET, CHAMPIGNONS DE JUIN, CHAMPIGNONS DE MAI, CHAMPIGNONS DE NOVEMBRE, CHAMPIGNONS DE OCTOBRE, CHAMPIGNONS DE SEPTEMBRE, Feuillus, Lames libres, Lames libres blanches puis roses, Lames ou plis, Les champignons, Souches, Un chapeau et un pied"
https://www.guidedeschampignons.com/produit/plutee-couleur-de-lion-pluteus-leoninus-champignon-a-rejeter/,PLUTÉE COULEUR DE LION,https://www.guidedeschampignons.com/wp-content/uploads/2020/11/Pluteus_leoninus_Plutée-couleur-de-lion-_francini.jpg,,À rejeter,"3 à 7 cm, mat, velouté, jaune d’or vif à ocre jaune, souvent plus sombre au centre.",,,"3 à 8 cm, blanchâtre à crème, ocre ou jaune vif à la base.",Blanche à jaunâtre,Faible,Douce,Sur les souches ou le bois mort de feuillus,Juin > Octobre,,"Bois morts ou vivants, Champignons à rejeter, CHAMPIGNONS DE AOÛT, CHAMPIGNONS DE JUILLET, CHAMPIGNONS DE JUIN, CHAMPIGNONS DE OCTOBRE, CHAMPIGNONS DE SEPTEMBRE, Feuillus, Lames libres, Lames libres blanches puis roses, Lames ou plis, Les champignons, Souches, Un chapeau et un pied"
https://www.guidedeschampignons.com/produit/polypore-des-brebis-albatrellus-ovinus-champignon-a-rejeter/,POLYPORE DES BREBIS,https://www.guidedeschampignons.com/wp-content/uploads/2020/11/Albatrellus-ovinus_Polypore-des-brebis_mombert.jpg,,À rejeter,"4 à 18 cm, blanc-crème puis beige brunâtre, souvent craquelé à maturité","Décurrents, très fins, blancs à crème, jaunissant au toucher.",,"2 à 5 cm, court, ferme, blanc, parfois soudé à d’autres pieds formant une touffe.",Blanche et ferme,Faible,Douce,"Forêts de conifères, surtout sous les épicéas, en montagne",Août > Novembre,,"Champignons à rejeter, CHAMPIGNONS DE AOÛT, CHAMPIGNONS DE NOVEMBRE, CHAMPIGNONS DE OCTOBRE, CHAMPIGNONS DE SEPTEMBRE, Conifères, Épicéas, Les champignons, Pores, Pores décurrents, Pores décurrents blancs, Un chapeau et un pied"
https://www.guidedeschampignons.com/produit/polypore-ecailleux-cerioporus-squamosus-champignon-a-rejeter/,POLYPORE ÉCAILLEUX,https://www.guidedeschampignons.com/wp-content/uploads/2020/11/iStock-499912653_Polypore-écailleux_Polyporus-squamosus.jpg,Cerioporus squamosus,À rejeter,"En éventail (10 à 50 cm), couvert d’écailles brunes sur fond crème à ochracé.","Décurrents, assez larges, anguleux, blancs à crème.",,"3 à 10 cm, bien formé, noirâtre à la base, excentré","Blanchâtre, coriace",Farineuse,Douce,Sur le bois mort ou vivant de feuillus,Avril à juin puis août à novembre,,"Bois morts ou vivants, Champignons à rejeter, CHAMPIGNONS DE AOÛT, CHAMPIGNONS DE AVRIL, CHAMPIGNONS DE JUIN, CHAMPIGNONS DE MAI, CHAMPIGNONS DE NOVEMBRE, CHAMPIGNONS DE OCTOBRE, CHAMPIGNONS DE SEPTEMBRE, En sabot ou éventail, En sabot ou éventail avec pores, Feuillus, Les champignons"
https://www.guidedeschampignons.com/produit/polypore-en-touffe-grifola-frondosa-excellent-comestible/,POLYPORE EN TOUFFE,https://www.guidedeschampignons.com/wp-content/uploads/2020/11/iStock-613684426_Polypore-en-touffe_Grifola-frondosa.jpg,,Comestible jeune,"Nombreux chapeaux superposés formant une touffe, en spatule ou en éventail, brun-gris, veloutés, striés.","Décurrents, très fins, blancs puis jaunâtres",,"Tronc commun, court et épais, blanchâtre, d’où partent les rameaux reliés latéralement aux chapeaux",Blanche fibreuse,,Douce,"Sur les souches de feuillus, surtout les chênes",Août > Octobre,,"Champignons comestibles médiocres, CHAMPIGNONS DE AOÛT, CHAMPIGNONS DE OCTOBRE, CHAMPIGNONS DE SEPTEMBRE, Chênes, Feuillus, Les champignons, Pores, Pores décurrents, Pores décurrents blancs, Souches, Un chapeau et un pied"
https://www.guidedeschampignons.com/produit/polypore-soufre-laetiporus-sulphureus-champignon-bon-comestible/,POLYPORE SOUFRÉ,https://www.guidedeschampignons.com/wp-content/uploads/2020/11/Laetiporus-sulphureus_Polypore-soufré_page.jpg,,Comestible jeune,"Nombreux chapeaux superposés (15 à 60 cm), bosselés, jaune soufre zoné d’orangé vif, pâlissant en séchant.","Très fins, jaune pâle à jaune soufre, crème en séchant.",,Absent,"Blanchâtre à jaunâtre, molle",,Douce,Sur le bois mort ou vivant de chêne et de châtaignier,Mai > Novembre,,"Bois morts ou vivants, Champignons comestibles médiocres, CHAMPIGNONS DE AOÛT, CHAMPIGNONS DE JUILLET, CHAMPIGNONS DE JUIN, CHAMPIGNONS DE MAI, CHAMPIGNONS DE NOVEMBRE, CHAMPIGNONS DE OCTOBRE, CHAMPIGNONS DE SEPTEMBRE, Châtaigniers, Chênes, En sabot ou éventail, En sabot ou éventail avec pores, Feuillus, Les champignons"
https://www.guidedeschampignons.com/produit/psathyrelle-hydrophile-psathyrella-piluliformis-champignon-a-rejeter/,PSATHYRELLE HYDROPHILE,https://www.guidedeschampignons.com/wp-content/uploads/2020/11/Psathyrella_piluliformis_Psathyrelle-hydrophile_francini.jpg,Psathyrella piluliformis,À rejeter,"1 à 5 cm, brun chocolat à brun rougeâtre, puis ocre pâle à crème en séchant, avec des lambeaux de voile blanc sur le bord ou les lames.",,,"4 à 10 cm, blanc à ocre, creux, fragile","Ocre crème, mince",,Douce,"Sur les souches de feuillus, en touffe",Juillet > Octobre,,"Champignons à rejeter, CHAMPIGNONS DE AOÛT, CHAMPIGNONS DE JUILLET, CHAMPIGNONS DE OCTOBRE, CHAMPIGNONS DE SEPTEMBRE, Feuillus, Lames adnées ou échancrées, Lames adnées ou échancrées beiges à brunes, Lames adnées ou échancrées blanches ou crème, Lames ou plis, Les champignons, Souches, Un chapeau et un pied"
https://www.guidedeschampignons.com/produit/psilocybe-lanceole-psilocybe-semilanceata-champignon-toxique/,PSILOCYBE LANCÉOLÉ,https://www.guidedeschampignons.com/wp-content/uploads/2020/11/iStock-182214120_Psilocybe-lancéolé_Psilocybe-semilanceata.jpg,,Toxique,"0,6 à 2 cm, très conique, au sommet pointu comme un bonnet de lutin, gris-brun à olivâtre, pâlissant pour devenir ocre crème en séchant, bleuissant au toucher quand il est jeune.",,,"3 à 12 cm, crème, bleuissant à la base","Crème à ochracée, mince",,Douce,"Prairies et pâturages, parfois sur les bouses, surtout en montagne",Août > Novembre,,"CHAMPIGNONS DE AOÛT, CHAMPIGNONS DE NOVEMBRE, CHAMPIGNONS DE OCTOBRE, CHAMPIGNONS DE SEPTEMBRE, Champignons toxiques, Lames adnées ou échancrées, Lames adnées ou échancrées beiges à brunes, Lames ou plis, Les champignons, Pâturages, Prairies, Un chapeau et un pied"
https://www.guidedeschampignons.com/produit/rose-des-pres-agaric-champetre/,ROSÉ-DES-PRÉS,https://www.guidedeschampignons.com/wp-content/uploads/2020/11/Agaricus-campestris_Rosé-des-prés_pourre.jpg,,Excellent comestible,"Globuleux puis plus étalé, 4 à 10 cm, blanc pur puis blanc-gris à maturité.",,,"4 à 10 cm, blanc, s’affinant à la base, avec un anneau blanc mince qui disparaît avec l’âge.",,,Douce,"Prairies, pâturages et jardins",Août > Novembre,,"Champignon jardin, CHAMPIGNONS DE AOÛT, CHAMPIGNONS DE NOVEMBRE, CHAMPIGNONS DE OCTOBRE, CHAMPIGNONS DE SEPTEMBRE, Champignons excellents comestibles, Lames libres, Lames libres roses puis chocolat, Lames ou plis, Les champignons, Pâturages, Prairies, Un chapeau et un pied"
https://www.guidedeschampignons.com/produit/russule-cameleon-russula-risigallina-champignon-a-rejeter/,RUSSULE CAMÉLÉON,https://www.guidedeschampignons.com/wp-content/uploads/2020/11/Russula-risigallina_Russule-cameleon_mombert.jpg,Russula risigallina,À rejeter,"2 à 5 cm, lisse, mat, à bord souvent ondulé, jaune vif ou ochracé au centre et rose rougeâtre au bord.",,,"2 à 6 cm, blanc","Blanche, fragile, cassante comme de la craie",,Douce,Surtout les forêts de feuillus,Juin > Novembre,,"Champignons à rejeter, CHAMPIGNONS DE AOÛT, CHAMPIGNONS DE JUILLET, CHAMPIGNONS DE JUIN, CHAMPIGNONS DE NOVEMBRE, CHAMPIGNONS DE OCTOBRE, CHAMPIGNONS DE SEPTEMBRE, Feuillus, Lames adnées ou échancrées, Lames adnées ou échancrées jaunes, Lames ou plis, Les champignons, Russule, Un chapeau et un pied"
https://www.guidedeschampignons.com/produit/russule-charbonniere-russula-cyanoxantha-tres-bon-comestible/,RUSSULE CHARBONNIÈRE,https://www.guidedeschampignons.com/wp-content/uploads/2020/11/Russula-cyanoxantha-Russule-charbonière_page.jpg,,Très bon comestible,"3 à 15 cm, de couleur très variable, gris violacé panaché de rose, pourpre, bleu ou verdâtre.",,,"3 à 9 cm, blanc, parfois teinté de rose ou de lilas.","Blanche, ferme, cassante comme de la craie",,Sans particularités,Forêts de feuillus et de conifères,Juillet > Novembre,,"Champignons bons comestibles, CHAMPIGNONS DE AOÛT, CHAMPIGNONS DE JUILLET, CHAMPIGNONS DE NOVEMBRE, CHAMPIGNONS DE OCTOBRE, CHAMPIGNONS DE SEPTEMBRE, Conifères, Feuillus, Lames adnées ou échancrées, Lames adnées ou échancrées blanches ou crème, Lames ou plis, Les champignons, Russule, Un chapeau et un pied"
https://www.guidedeschampignons.com/produit/russule-craquelee-tres-bon-comestible/,RUSSULE CRAQUELÉE,https://www.guidedeschampignons.com/wp-content/uploads/2020/11/Russula_cutefracta_russule-craquelée-1.jpg,ussule charbonnière craquelée,Très bon comestible,"4 à 12 cm, craquelé surtout au bord, vert foncé, vert amande à vert-bleuâtre, parfois teinté de violacé.",,,"3 à 8 cm, blanc",,,Douce,Forêts de feuillus et conifères,Août > Novembre,,"Champignons bons comestibles, CHAMPIGNONS DE AOÛT, CHAMPIGNONS DE NOVEMBRE, CHAMPIGNONS DE OCTOBRE, CHAMPIGNONS DE SEPTEMBRE, Conifères, Feuillus, Lames adnées ou échancrées, Lames adnées ou échancrées blanches ou crème, Lames ou plis, Les champignons, Russule, Un chapeau et un pied"
https://www.guidedeschampignons.com/produit/russule-de-quelet-russula-queletii-champignon-a-rejeter/,RUSSULE DE QUÉLET,https://www.guidedeschampignons.com/wp-content/uploads/2020/11/iStock-1125008158_Russule-de-Quelet_Russula-queletii.jpg,,À rejeter,"3 à 12 cm, rouge vineux, pourpre sombre à violet, pâlissant pour devenir brun verdâtre avec l’âge, à bord ondulé adulte.",,,"3 à 9 cm, rose à rouge pourpre pâle, parfois tout blanc","Blanche, cassante comme de la craie",,Piquante,Uniquement sous les épicéas,Juillet > Novembre,,"Champignons à rejeter, CHAMPIGNONS DE AOÛT, CHAMPIGNONS DE JUILLET, CHAMPIGNONS DE NOVEMBRE, CHAMPIGNONS DE OCTOBRE, CHAMPIGNONS DE SEPTEMBRE, Conifères, Épicéas, Feuillus, Lames adnées ou échancrées, Lames adnées ou échancrées blanches ou crème, Lames ou plis, Les champignons, Russule, Un chapeau et un pied"
https://www.guidedeschampignons.com/produit/russule-ecrevisse-russula-xerampelina-bon-comestible/,RUSSULE ÉCREVISSE,https://www.guidedeschampignons.com/wp-content/uploads/2020/11/Russula-xerampelina_Russule-écrevisse_page.jpg,,Bon comestible,"3 à 10 cm, rouge-pourpre à rose-pourpre, noirâtre au centre et creusé à maturité.",,,"4 à 8 cm, blanc, teinté de rose-rouge","Blanche, brunissant aux blessures, cassante comme de la craie",,"Forte, de crustacé, de hareng","Forêts de conifères, surtout de pins",Juillet > Novembre,,"Champignons bons comestibles, CHAMPIGNONS DE AOÛT, CHAMPIGNONS DE JUILLET, CHAMPIGNONS DE NOVEMBRE, CHAMPIGNONS DE OCTOBRE, CHAMPIGNONS DE SEPTEMBRE, Conifères, Lames adnées ou échancrées, Lames adnées ou échancrées blanches ou crème, Lames ou plis, Les champignons, Pins, Russule, Un chapeau et un pied"
https://www.guidedeschampignons.com/produit/russule-emetique-russula-emetica-champignon-a-rejeter/,RUSSULE ÉMÉTIQUE,https://www.guidedeschampignons.com/wp-content/uploads/2020/11/Russula-emetica_Russule-emetique_moingeon.jpg,,À rejeter,"3 à 10 cm, lisse, brillant puis mat, rouge cerise vif puis pâlissant pour devenir rose en vieillissant.",,,"4 à 8 cm, blanc, élancé","Blanche, cassante comme de la craie",,Très piquante,"Forêts de conifères, surtout d’épicéas",Juillet > Novembre,,"Champignons à rejeter, CHAMPIGNONS DE AOÛT, CHAMPIGNONS DE JUILLET, CHAMPIGNONS DE NOVEMBRE, CHAMPIGNONS DE OCTOBRE, CHAMPIGNONS DE SEPTEMBRE, Conifères, Épicéas, Lames adnées ou échancrées, Lames adnées ou échancrées blanches ou crème, Lames ou plis, Les champignons, Russule, Un chapeau et un pied"
https://www.guidedeschampignons.com/produit/russule-mamelonnee-russula-amara-champignon-a-rejeter/,RUSSULE MAMELONNÉE,https://www.guidedeschampignons.com/wp-content/uploads/2020/11/Russula-amara_Russule-mamelonnée_francini.jpg,,À rejeter,"3 à 10 cm, nettement mamelonné, violet à brun-pourpre vineux, souvent noirâtre au centre",,,"4 à 8 cm, blanc puis grisâtre avec l’âge et taché de jaunâtre à la base","Blanche, cassante comme de la craie",,"Douce, amère pour la peau du chapeau","Forêts de conifères, surtout sous les pins",Août > Novembre,,"Champignons à rejeter, CHAMPIGNONS DE AOÛT, CHAMPIGNONS DE NOVEMBRE, CHAMPIGNONS DE OCTOBRE, CHAMPIGNONS DE SEPTEMBRE, Conifères, Lames adnées ou échancrées, Lames adnées ou échancrées blanches ou crème, Lames adnées ou échancrées jaunes, Lames ou plis, Les champignons, Pins, Russule, Un chapeau et un pied"
https://www.guidedeschampignons.com/produit/russule-olivacee-russula-olivacea-champignon-a-rejeter/,RUSSULE OLIVACÉE,https://www.guidedeschampignons.com/wp-content/uploads/2020/11/Russula_olivacea_Russule-olivacée_francini.jpg,,À rejeter,"4 à 20 cm, mat, de couleur variable, de brun olivâtre, vert-jaune à brun-pourpre, à bord souvent gercé, ridé concentriquement.",,,"7 à 13 cm, blanc à rose, surtout sous les lames","Blanche, cassante comme de la craie",,Douce,"Forêts de feuillus, surtout de hêtres, plus rarement d’épicéas",Juillet > Novembre,,"Champignons à rejeter, CHAMPIGNONS DE AOÛT, CHAMPIGNONS DE JUILLET, CHAMPIGNONS DE NOVEMBRE, CHAMPIGNONS DE OCTOBRE, CHAMPIGNONS DE SEPTEMBRE, Conifères, Épicéas, Feuillus, Hêtres, Lames adnées ou échancrées, Lames adnées ou échancrées blanches ou crème, Lames adnées ou échancrées jaunes, Lames ou plis, Les champignons, Russule, Un chapeau et un pied"
https://www.guidedeschampignons.com/produit/russule-perfide/,RUSSULE PERFIDE,https://www.guidedeschampignons.com/wp-content/uploads/2021/08/russula-badia_russule-perfide.jpg,"ussule très âcre, russule baie",À rejeter,"3 à 10 cm, lie-de-vin sombre ou rouge pourpre à brun cuivré, souvent noirâtre au centre.",,,"3 à 9 cm, blanc, parfois teinté de rose","Blanche, ferme, cassante comme de la craie",,"Douce, puis très piquante","Forêts de conifères, souvent sous pins sylvestre, en montagne",Juillet > Novembre,,"Champignons à rejeter, CHAMPIGNONS DE AOÛT, CHAMPIGNONS DE JUILLET, CHAMPIGNONS DE NOVEMBRE, CHAMPIGNONS DE OCTOBRE, CHAMPIGNONS DE SEPTEMBRE, Conifères, Lames adnées ou échancrées, Lames adnées ou échancrées blanches ou crème, Lames adnées ou échancrées jaunes, Lames ou plis, Les champignons, Pins, Russule, Un chapeau et un pied"
https://www.guidedeschampignons.com/produit/russule-sanguine-russula-sanguinaria-champignon-a-rejeter/,RUSSULE SANGUINE,https://www.guidedeschampignons.com/wp-content/uploads/2020/11/Russula-sanguinaria_Russule-sanguine_page.jpg,,À rejeter,"3 à 10 cm, brillant puis mat, rouge sang ou rouge-rose vif, pâlissant pour devenir rosé pâle à crème avec l’âge",,,"3 à 6 cm, rose-rouge pâle, taché d’ocre jaune à maturité","Blanche, ferme, cassante comme de la craie",,Piquante,"Forêts de conifères, surtout de pins",Juillet > Novembre,,"Champignons à rejeter, CHAMPIGNONS DE AOÛT, CHAMPIGNONS DE JUILLET, CHAMPIGNONS DE NOVEMBRE, CHAMPIGNONS DE OCTOBRE, CHAMPIGNONS DE SEPTEMBRE, Conifères, Lames décurrentes, Lames décurrentes blanches ou crème, Lames ou plis, Les champignons, Pins, Russule, Un chapeau et un pied"
https://www.guidedeschampignons.com/produit/russule-sardoine-russula-sardonia-champignon-a-rejeter/,RUSSULE SARDOINE,https://www.guidedeschampignons.com/wp-content/uploads/2020/11/Russula-drimeia-sardonia_Russule-sardoine_moingeon.jpg,,À rejeter,"2 à 10 cm, de couleur variable, rose violacé à violet sombre, plus sombre au centre, parfois mamelonné et à reflets verdâtres.",,,"2 à 9 cm, violacé à rose-pourpre pâle, parfois taché de jaune citron.","Blanche, rouge sous la peau du chapeau, cassante comme de la craie.",,Très piquante,Uniquement sous les pins,Septembre > Novembre,,"Champignons à rejeter, CHAMPIGNONS DE NOVEMBRE, CHAMPIGNONS DE OCTOBRE, CHAMPIGNONS DE SEPTEMBRE, Conifères, Lames adnées ou échancrées, Lames adnées ou échancrées jaunes, Lames ou plis, Les champignons, Pins, Russule, Un chapeau et un pied"
https://www.guidedeschampignons.com/produit/russule-verdoyante-russula-virescens-champignon-tres-bon-comestible/,RUSSULE VERDOYANTE,https://www.guidedeschampignons.com/wp-content/uploads/2020/11/Russula-virescens_Russule-verdoyante_pourre.jpg,,Très bon comestible,"5 à 15 cm, mat, craquelé, vert pâle à vertde-gris ou vert-bleu sombre (rappelant la moisissure de roquefort)",,,"4 à 10 cm, blanc, souvent taché de rouille vers la base","Blanche, cassante comme de la craie",,"Douce, de noisette",Forêts de feuillus,Juin > Novembre,,"Champignons bons comestibles, CHAMPIGNONS DE AOÛT, CHAMPIGNONS DE JUILLET, CHAMPIGNONS DE JUIN, CHAMPIGNONS DE NOVEMBRE, CHAMPIGNONS DE OCTOBRE, CHAMPIGNONS DE SEPTEMBRE, Feuillus, Lames adnées ou échancrées, Lames adnées ou échancrées blanches ou crème, Lames ou plis, Les champignons, Russule, Un chapeau et un pied"
https://www.guidedeschampignons.com/produit/russule-vieux-rose-russula-vesca-champignon-excellent-comestible/,RUSSULE VIEUX ROSE,https://www.guidedeschampignons.com/wp-content/uploads/2020/11/AdobeStock_366350440_Russule-vieux-rose_Russula-vesca.jpg,,Excellent comestible,"5 à 12 cm, de couleur très variable, beige-rose rappelant le jambon cru, au centre souvent crème, souvent piqué de petites taches rouille.",,,"3 à 9 cm, blanc, se tachant de rouille à la base.","Blanche, cassante comme de la craie.",,Douce,Forêts de feuillus et de conifères,Juin > Novembre,,"CHAMPIGNONS DE AOÛT, CHAMPIGNONS DE JUILLET, CHAMPIGNONS DE JUIN, CHAMPIGNONS DE NOVEMBRE, CHAMPIGNONS DE OCTOBRE, CHAMPIGNONS DE SEPTEMBRE, Champignons excellents comestibles, Conifères, Feuillus, Lames adnées ou échancrées, Lames adnées ou échancrées blanches ou crème, Lames ou plis, Les champignons, Russule, Un chapeau et un pied"
https://www.guidedeschampignons.com/produit/satyre-des-chiens-mutinus-caninus-champignon-a-rejeter/,SATYRE DES CHIENS,https://www.guidedeschampignons.com/wp-content/uploads/2020/11/AdobeStock_141825096_Satyre-des-chiens_Mutinus-caninus.jpg,,À rejeter,,,,"Blanc à jaune orangé, poreux, avec des fossettes polygonales","Mince, fragile",,Douce,Forêts de feuillus et de conifères,Juillet > Octobre,,"Champignons à rejeter, CHAMPIGNONS DE AOÛT, CHAMPIGNONS DE JUILLET, CHAMPIGNONS DE OCTOBRE, CHAMPIGNONS DE SEPTEMBRE, Conifères, Feuillus, Formes diverses, Formes phallique, en cage ou tentaculaire, Les champignons"
https://www.guidedeschampignons.com/produit/satyre-puant-phallus-impudicus-champignon-a-rejeter/,SATYRE PUANT,https://www.guidedeschampignons.com/wp-content/uploads/2020/11/iStock-513748824_Satyre-puant_Phallus-impudicus.jpg,,À rejeter,,,,"Blanc, creux et poreux",Mince et fragile,,"Douce, de noisette pour le pied (quand il est encore jeune, dans l’œuf)",Forêts de feuillus et de conifères,Juin > Septembre,,"Champignons à rejeter, CHAMPIGNONS DE AOÛT, CHAMPIGNONS DE JUILLET, CHAMPIGNONS DE JUIN, CHAMPIGNONS DE SEPTEMBRE, Conifères, Feuillus, Formes diverses, Formes phallique, en cage ou tentaculaire, Les champignons"
https://www.guidedeschampignons.com/produit/schizophylle-commun-schizophyllum-commune-champignon-toxique/,SCHIZOPHYLLE COMMUN,https://www.guidedeschampignons.com/wp-content/uploads/2020/11/Schizophyllum-commune_Schizophylle-commun_pourre.jpg,,Toxique,"1 à 5 cm, en éventail, fortement feutré, blanc à brunâtre, à bord ondulé",,,Absent,"Mince, coriace",,Douce,"Sur le bois mort, surtout de feuillus",Toute l’année,,"Bois morts ou vivants, CHAMPIGNONS DE AOÛT, CHAMPIGNONS DE AVRIL, CHAMPIGNONS DE DECEMBRE, CHAMPIGNONS DE FEVRIER, CHAMPIGNONS DE JANVIER, CHAMPIGNONS DE JUILLET, CHAMPIGNONS DE JUIN, CHAMPIGNONS DE MAI, CHAMPIGNONS DE MARS, CHAMPIGNONS DE NOVEMBRE, CHAMPIGNONS DE OCTOBRE, CHAMPIGNONS DE SEPTEMBRE, Champignons toxiques, En sabot ou éventail, En sabot ou éventail avec lames, Feuillus, Les champignons"
https://www.guidedeschampignons.com/produit/scleroderme-commun-scleroderma-citrinum-champignon-toxique/,SCLÉRODERME COMMUN,https://www.guidedeschampignons.com/wp-content/uploads/2020/11/Scleroderma-citrinum_Scléroderme-commun_1_lagardere.jpg,,Toxique,,,,Absent ou mal formé,"Ferme, noirâtre et veinée de blanc. Pulvérulente à maturité",,Douce,Sous les feuillus et les conifères,Juin > Novembre,,"CHAMPIGNONS DE AOÛT, CHAMPIGNONS DE JUILLET, CHAMPIGNONS DE JUIN, CHAMPIGNONS DE NOVEMBRE, CHAMPIGNONS DE OCTOBRE, CHAMPIGNONS DE SEPTEMBRE, Champignons toxiques, Conifères, En boule ou en étoile, Feuillus, Les champignons"
https://www.guidedeschampignons.com/produit/scleroderme-verruqueux-scleroderma-verrucosum-champignon-toxique/,SCLÉRODERME VERRUQUEUX,https://www.guidedeschampignons.com/wp-content/uploads/2020/11/Scleroderma-verrucosum_Scléroderme-verruqueux_mombert.jpg,Scleroderma verrucosum,Toxique,,,,Généralement bien formé (3 à 6 cm).,"Ferme, noirâtre et veinée de blanc. Pulvérulente à maturité.",,Douce,Sous les feuillus et les conifères,Juin > Novembre,,"CHAMPIGNONS DE AOÛT, CHAMPIGNONS DE JUILLET, CHAMPIGNONS DE JUIN, CHAMPIGNONS DE NOVEMBRE, CHAMPIGNONS DE OCTOBRE, CHAMPIGNONS DE SEPTEMBRE, Champignons toxiques, Conifères, En boule ou en étoile, Feuillus, Les champignons"
https://www.guidedeschampignons.com/produit/strophaire-bleue-stropharia-cyanea-champignon-a-rejeter/,STROPHAIRE BLEUE,https://www.guidedeschampignons.com/wp-content/uploads/2020/11/Stropharia_aeruginosa_Strophaire-vert-de-gris_francini.jpg,,À rejeter,"2 à 7 cm, visqueux, bleu à bleu-vert vif, couvert d’écailles blanches surtout sur le bord, pâlissant pour devenir jaune ochracé avec l’âge.",,,"3 à 10 cm, verdâtre à bleuté pâle, floconneux, avec un anneau fragile.","Blanchâtre à bleutée, mince",,Douce,Forêts de feuillus et de conifères,Août > Décembre,,"CHAMPIGNONS DE AOÛT, CHAMPIGNONS DE NOVEMBRE, CHAMPIGNONS DE OCTOBRE, CHAMPIGNONS DE SEPTEMBRE, Conifères, Feuillus, Lames adnées ou échancrées, Lames adnées ou échancrées beiges à brunes, Lames adnées ou échancrées blanches ou crème, Lames adnées ou échancrées grises, Les champignons, Un chapeau et un pied"
https://www.guidedeschampignons.com/produit/tricholome-blanc-tricholoma-album-champignon-a-rejeter/,TRICHOLOME BLANC,https://www.guidedeschampignons.com/wp-content/uploads/2020/11/Tricholoma-album_Tricholome-blanc_mombert.jpg,,À rejeter,"3 à 7 cm, mat, sec, blanc à crème, au centre parfois beige à ochracé",,,"4 à 11 cm, blanc, élancé, se tachant d’ochracé avec l’âge",Blanche,,"Amère, puis piquante","Forêts de feuillus, surtout sous les chênes",Septembre > Novembre,,"Champignons à rejeter, CHAMPIGNONS DE NOVEMBRE, CHAMPIGNONS DE OCTOBRE, CHAMPIGNONS DE SEPTEMBRE, Chênes, Feuillus, Lames adnées ou échancrées, Lames adnées ou échancrées blanches ou crème, Lames ou plis, Les champignons, Un chapeau et un pied"
https://www.guidedeschampignons.com/produit/tricholome-de-la-saint-georgescalocybe-gambosa-excellent-comestible/,TRICHOLOME DE LA SAINT-GEORGES,https://www.guidedeschampignons.com/wp-content/uploads/2020/11/Calocybe-gambosa_Tricholome-de-la-Saint-Georges_mombert.jpg,,Excellent comestible,"3 à 11 cm, charnu, souvent bosselé, blanc à crème ou beige, parfois taché d’ocre roux, à bord longtemps enroulé",,,"3 à 8 cm, robuste, blanc puis crème","Blanche, épaisse, ferme",,Farineuse,"Prairies, pelouses ou lisières de bois, souvent en rond de sorcière",Mars > Juin,,"CHAMPIGNONS DE AVRIL, CHAMPIGNONS DE JUIN, CHAMPIGNONS DE MAI, CHAMPIGNONS DE MARS, Champignons excellents comestibles, Lames adnées ou échancrées, Lames adnées ou échancrées blanches ou crème, Lames ou plis, Les champignons, Lisières de bois, Pelouses, Prairies, Un chapeau et un pied"
https://www.guidedeschampignons.com/produit/tricholome-en-touffe/,TRICHOLOME EN TOUFFE,https://www.guidedeschampignons.com/wp-content/uploads/2020/11/Lyophyllum_decastes_Tricholome-en-touffe_francini.jpg,,À rejeter,"3 à 15 cm, d’abord arrondi puis étalé, lisse, élastique, gris-brun, ocre brun à brun sombre, à bord souvent plus pâle",,,"3 à 8 cm, blanchâtre, soudé aux autres pieds de la touffe","Blanche, élastique",,"Douce, de légume vert","Sous les feuillus, dans les clairières, au bord des chemins, en touffe",Mai > Novembre,,"Bords des chemins, Champignons à rejeter, CHAMPIGNONS DE AOÛT, CHAMPIGNONS DE JUILLET, CHAMPIGNONS DE JUIN, CHAMPIGNONS DE MAI, CHAMPIGNONS DE NOVEMBRE, CHAMPIGNONS DE OCTOBRE, CHAMPIGNONS DE SEPTEMBRE, Clairières, Feuillus, Lames adnées ou échancrées, Lames adnées ou échancrées blanches ou crème, Lames ou plis, Les champignons, Un chapeau et un pied"
https://www.guidedeschampignons.com/produit/tricholome-equestre-tricholoma-equestre-champignon-mortel/,TRICHOLOME ÉQUESTRE,https://www.guidedeschampignons.com/wp-content/uploads/2020/11/Tricholoma-equestre_Tricholome-équestre_mombert.jpg,,Mortel,"3 à 12 cm, jaune vif à jaune olivâtre, devenant vite roux quand il est exposé au soleil, recouvert de fines écailles brunes, surtout au centre",,,"3 à 10 cm, épais, jaune comme le chapeau","Blanche, jaunâtre dans le pied",,Farineuse,"Uniquement sous les pins, surtout sur les sols sableux",Septembre > Novembre,,"CHAMPIGNONS DE NOVEMBRE, CHAMPIGNONS DE OCTOBRE, CHAMPIGNONS DE SEPTEMBRE, Champignons mortels, Conifères, Feuillus, Lames adnées ou échancrées, Lames adnées ou échancrées jaunes, Lames ou plis, Les champignons, Pins, Sols sableux, Un chapeau et un pied"
https://www.guidedeschampignons.com/produit/tricholome-gris-perfide-tricholoma-sciodes-champignon-toxique/,TRICHOLOME GRIS PERFIDE,https://www.guidedeschampignons.com/wp-content/uploads/2020/11/iStock-523868302_Tricholome-gris-perfide_Tricholoma-sciodes.jpg,,Toxique,"3 à 9 cm, faiblement conique puis aplati, souvent un peu mamelonné, nettement strié, gris souris à gris ochracé, parfois avec des reflets roses ou lilas.",,,"4 à 11 cm, blanc à grisâtre, un peu pelucheux.",Blanchâtre,,"Un peu amère, puis piquante","Forêts de feuillus, surtout sous les hêtres",Juin > Octobre,,"CHAMPIGNONS DE AOÛT, CHAMPIGNONS DE JUILLET, CHAMPIGNONS DE JUIN, CHAMPIGNONS DE OCTOBRE, CHAMPIGNONS DE SEPTEMBRE, Champignons toxiques, Feuillus, Hêtres, Lames adnées ou échancrées, Lames adnées ou échancrées blanches ou crème, Lames adnées ou échancrées grises, Lames ou plis, Les champignons, Un chapeau et un pied"
https://www.guidedeschampignons.com/produit/tricholome-jaunissant-tricholoma-scalpturatum-bon-comestible/,TRICHOLOME JAUNISSANT,https://www.guidedeschampignons.com/wp-content/uploads/2020/11/Tricholoma-scalpturatum_Tricholome-jaunissant_pourre.jpg,,Bon comestible,"2 à 8 cm, feutré à laineux, couvert de petites mèches gris argenté à gris-brun sur fond crème, plus sombre au centre, jaunissant à maturité, surtout sur le bord.",,,"2 à 6 cm, cassant, blanc à grisâtre, jaunissant à la base à maturité.","Blanchâtre, jaunissant au frottement",,Farineuse,"Forêts de feuillus, surtout sous les hêtres, les chênes, les charmes et les noisetiers.",Septembre > Décembre,,"Champignons bons comestibles, CHAMPIGNONS DE DECEMBRE, CHAMPIGNONS DE NOVEMBRE, CHAMPIGNONS DE OCTOBRE, CHAMPIGNONS DE SEPTEMBRE, Charmes, Chênes, Feuillus, Hêtres, Lames adnées ou échancrées, Lames adnées ou échancrées blanches ou crème, Lames ou plis, Les champignons, Noisetiers, Un chapeau et un pied"
https://www.guidedeschampignons.com/produit/tricholome-pretentieux-tricholoma-portentosum-champignon-bon-comestible/,TRICHOLOME PRÉTENTIEUX,https://www.guidedeschampignons.com/wp-content/uploads/2020/11/AdobeStock_316186671_Tricholome-prétentieux_Tricholoma-portentosum.jpg,,Bon comestible,"3 à 10 cm, nettement strié, un peu gras au toucher, gris foncé à gris-noir, au centre plus sombre, à bord irrégulier à ondulé",,,"3 à 10 cm, blanc, teinté de jaune",Blanche,,Farineuse,"Forêts de conifères, surtout sous les pins et les épicéas",Septembre > Décembre,,"Champignons bons comestibles, CHAMPIGNONS DE DECEMBRE, CHAMPIGNONS DE NOVEMBRE, CHAMPIGNONS DE OCTOBRE, CHAMPIGNONS DE SEPTEMBRE, Épicéas, Lames adnées ou échancrées, Lames adnées ou échancrées blanches ou crème, Lames ou plis, Les champignons, Pins, Un chapeau et un pied"
https://www.guidedeschampignons.com/produit/tricholome-rutilant-tricholomopsis-rutilans-champignon-a-rejeter/,TRICHOLOME RUTILANT,https://www.guidedeschampignons.com/wp-content/uploads/2020/11/iStock-498148030_Tricholome-rutilant_tricholomopsis-rutilans.jpg,,À rejeter,"3 à 20 cm, couvert de fines et denses écailles rouge-pourpre à violacées sur fond jaune.",,,"5 à 12 cm, jaune, couvert de fines écailles rouges comme le chapeau.",Jaune,,"Douce, parfois amère","Sur les souches de conifères, souvent en touffe.",Juillet > Novembre,,"Champignons à rejeter, CHAMPIGNONS DE AOÛT, CHAMPIGNONS DE JUILLET, CHAMPIGNONS DE NOVEMBRE, CHAMPIGNONS DE OCTOBRE, CHAMPIGNONS DE SEPTEMBRE, Conifères, Lames adnées ou échancrées, Lames adnées ou échancrées jaunes, Lames ou plis, Les champignons, Un chapeau et un pied"
https://www.guidedeschampignons.com/produit/tricholome-soufre-tricholoma-sulphureum-champignon-toxique/,TRICHOLOME SOUFRÉ,https://www.guidedeschampignons.com/wp-content/uploads/2020/11/iStock-496858360_Tricholome-souffré_Tricholoma-sulphureum.jpg,,Toxique,"2 à 9 cm, mat, jaune soufre vif à reflets verdâtres, au centre souvent brun roussâtre.",,,"4 à 12 cm, mince, jaune soufre",Jaune,,"Désagréable, écœurante",Forêts de feuillus,Septembre > Novembre,,"CHAMPIGNONS DE NOVEMBRE, CHAMPIGNONS DE OCTOBRE, CHAMPIGNONS DE SEPTEMBRE, Champignons toxiques, Feuillus, Lames adnées ou échancrées, Lames adnées ou échancrées jaunes, Lames ou plis, Les champignons, Un chapeau et un pied"
https://www.guidedeschampignons.com/produit/tricholome-terreux-tricholoma-terreum-champignon-bon-comestible/,TRICHOLOME TERREUX,https://www.guidedeschampignons.com/wp-content/uploads/2020/11/Tricholoma_terreum_Tricholome-terreux_francini.jpg,,Bon comestible,"2 à 8 cm, d’abord conique, feutré à laineux ou finement strié (fibrilleux), gris souris à gris ardoise.",,,"3 à 7 cm, lisse, blanchâtre à grisâtre","Blanchâtre à grisâtre, mince, fragile",,"Faible, douce, non farineuse",Uniquement sous les pins,Septembre > Décembre,,"Champignons bons comestibles, CHAMPIGNONS DE DECEMBRE, CHAMPIGNONS DE NOVEMBRE, CHAMPIGNONS DE OCTOBRE, CHAMPIGNONS DE SEPTEMBRE, Conifères, Lames adnées ou échancrées, Lames adnées ou échancrées blanches ou crème, Lames adnées ou échancrées grises, Lames ou plis, Les champignons, Pins, Un chapeau et un pied"
https://www.guidedeschampignons.com/produit/tricholome-tigre/,TRICHOLOME TIGRÉ,https://www.guidedeschampignons.com/wp-content/uploads/2020/11/Tricholoma-pardinum_Tricholome-tigré_moingeon.jpg,,Toxique,"3 à 20 cm, couvert de fines écailles gris-brun à noirâtres sur fond gris à ocre crème pâle, un peu mamelonné.",,,"4 à 12 cm, robuste, blanchâtre à crème, un peu pelucheux.","Blanchâtre, ferme",,Douce,"Forêts de feuillus et de conifères, surtout sous les hêtres et les épicéas.",Août > Novembre,,"CHAMPIGNONS DE AOÛT, CHAMPIGNONS DE NOVEMBRE, CHAMPIGNONS DE OCTOBRE, CHAMPIGNONS DE SEPTEMBRE, Champignons toxiques, Conifères, Épicéas, Feuillus, Hêtres, Lames adnées ou échancrées, Lames adnées ou échancrées blanches ou crème, Lames ou plis, Les champignons, Un chapeau et un pied"
https://www.guidedeschampignons.com/produit/trompette-des-morts-craterellus-cornucopioides-excellent-comestible/,TROMPETTE-DES-MORTS,https://www.guidedeschampignons.com/wp-content/uploads/2020/11/Trompettes-des-morts.jpg,,Excellent comestible,"2 à 15 cm, en entonnoir, à bord lobé et irrégulier, à l’intérieur gris-brun à noir",,,"2 à 9 cm, creux, dans le prolongement du chapeau","Noire, mince","Forte, agréable",Douce,Forêts de feuillus,Septembre > Décembre,,"CHAMPIGNONS DE DECEMBRE, CHAMPIGNONS DE NOVEMBRE, CHAMPIGNONS DE OCTOBRE, CHAMPIGNONS DE SEPTEMBRE, Champignons excellents comestibles, Feuillus, Les champignons, Lisse ou presque lisse, Un chapeau et un pied"
https://www.guidedeschampignons.com/produit/truffe-noire-tuber-melanosporum-excellent-comestible/,TRUFFE NOIRE,https://www.guidedeschampignons.com/wp-content/uploads/2020/11/iStock-160649671_Truffe-noire_Tuber-melanosporum.jpg,,Excellent comestible,,,,,,,Très agréable,"Enterrée, surtout sous les chênes et les noisetiers",Décembre > Mars,,"CHAMPIGNONS DE DECEMBRE, CHAMPIGNONS DE FEVRIER, CHAMPIGNONS DE JANVIER, CHAMPIGNONS DE MARS, Champignons excellents comestibles, Chênes, En boule ou en étoile, Feuillus, Les champignons, Noisetiers"
https://www.guidedeschampignons.com/produit/vesse-de-loup-en-forme-de-poire-apioperdon-piriforme-comestible-tres-jeune/,VESSE-DE-LOUP EN FORME DE POIRE,https://www.guidedeschampignons.com/wp-content/uploads/2020/11/Morganella-pyriformis_Vesse-de-loup-en-forme-de-poire_pourre.jpg,Apioperdon piriforme,Comestible jeune,,,,"Long, bien formé, de 1 à 3 cm",Blanche puis brun olive et molle. Pulvérulente à maturité.,Faible,Douce,En touffe sur le bois mort,Août > Novembre,Vesse-de-loup perlée,"Bois morts ou vivants, Champignons comestibles médiocres, CHAMPIGNONS DE AOÛT, CHAMPIGNONS DE NOVEMBRE, CHAMPIGNONS DE OCTOBRE, CHAMPIGNONS DE SEPTEMBRE, Conifères, En boule ou en étoile, Feuillus, Les champignons, Vesse de loup"
https://www.guidedeschampignons.com/produit/vesse-de-loup-geante-calvatia-gigantea-champignon-bon-comestible/,VESSE-DE-LOUP GÉANTE,https://www.guidedeschampignons.com/wp-content/uploads/2020/11/shutterstock_1470633812_Vesse-de-loup-géante_Calvatia-gigantea.jpg,,Bon comestible,,,,Absent,"Épaisse, blanche puis jaune à olivâtre. Pulvérulente à maturité.","Faible, puis désagréable",Douce,Champs et prairies,Juin > Novembre,,"Champignons bons comestibles, CHAMPIGNONS DE AOÛT, CHAMPIGNONS DE JUILLET, CHAMPIGNONS DE JUIN, CHAMPIGNONS DE NOVEMBRE, CHAMPIGNONS DE OCTOBRE, CHAMPIGNONS DE SEPTEMBRE, En boule ou en étoile, Les champignons, Prairies, Vesse de loup"
https://www.guidedeschampignons.com/produit/vesse-de-loup-herisson-lycoperdon-echinatum-comestible-tres-jeune/,VESSE-DE-LOUP HÉRISSON,https://www.guidedeschampignons.com/wp-content/uploads/2020/11/Lycoperdon-echinatum_Vesse-de-loup-hérisson_lagardere.jpg,,Comestible très jeune,,,,"Court (0,5 à 2 cm), beige-ocre, couvert d’aiguillons plus petits.",Blanche puis brun olivâtre et molle. Pulvérulente à maturité.,"Faible, de bolet",Douce,Surtout sous les hêtres,Juillet > Novembre,,"Champignons comestibles médiocres, CHAMPIGNONS DE AOÛT, CHAMPIGNONS DE JUILLET, CHAMPIGNONS DE NOVEMBRE, CHAMPIGNONS DE OCTOBRE, CHAMPIGNONS DE SEPTEMBRE, En boule ou en étoile, Feuillus, Hêtres, Les champignons, Vesse de loup"
https://www.guidedeschampignons.com/produit/vesse-de-loup-perlee-lycoperdon-perlatum-comestible-jeune/,VESSE-DE-LOUP PERLÉE,https://www.guidedeschampignons.com/wp-content/uploads/2020/11/Lycoperdon-perlatum_Vesse-de-loup-perlée_lagardere.jpg,,Comestible jeune,,,,"Long, de 1 à 4 cm, bien formé","Cotonneuse, blanche puis olivâtre et pulvérulente à maturité.",Faible,Douce,Forêts de feuillus et de conifères,Mai > Novembre,,"Champignons comestibles médiocres, CHAMPIGNONS DE AOÛT, CHAMPIGNONS DE JUILLET, CHAMPIGNONS DE JUIN, CHAMPIGNONS DE MAI, CHAMPIGNONS DE NOVEMBRE, CHAMPIGNONS DE OCTOBRE, CHAMPIGNONS DE SEPTEMBRE, Conifères, En boule ou en étoile, Feuillus, Les champignons, Vesse de loup"
https://www.guidedeschampignons.com/produit/volvaire-visqueuse-volvopluteus-gloiocephalus-comestible-mediocre/,VOLVAIRE VISQUEUSE,https://www.guidedeschampignons.com/wp-content/uploads/2020/11/Volvariella-gloiocephala_Volvaire-visqueuse_page.jpg,,Comestible médiocre,"5 à 15 cm, lisse, très visqueux puis brillant par temps sec, blanchâtre à gris-brun, parfois gris olivâtre",,,"5 à 20 cm, blanc, élargi à la base avec une large volve blanche en sac",Blanche,"Faible, de radis ou de pomme de terre crue",Douce,"Champs, pâturages, au bord des routes",Avril > Novembre,,"Bords des chemins, Champignons comestibles médiocres, CHAMPIGNONS DE AOÛT, CHAMPIGNONS DE JUILLET, CHAMPIGNONS DE JUIN, CHAMPIGNONS DE MAI, CHAMPIGNONS DE NOVEMBRE, CHAMPIGNONS DE OCTOBRE, CHAMPIGNONS DE SEPTEMBRE, Lames libres, Lames libres blanches puis roses, Lames ou plis, Les champignons, Pâturages, Prairies, Un chapeau et un pied"
